msoa11_code,msoa11_name,lad21_name,Civic Assets score,Civic Assets rank,Connectedness score,Connectedness rank,Engaged Community score,Engaged Community rank,Community Needs Index score,Community Needs Index rank,Left Behind Area?
W02000185,Swansea - Llanmorlais & Three Crosses,Swansea,1.4494352340698242,2,83.07271575927734,27,61.94145965576172,100,187.25631713867187,1,FALSE
W02000159,Carmarthenshire - Cydweli & Trimsaran,Carmarthenshire,1.1343421936035156,14,99.49552917480469,4,42.63002395629883,168,181.74620056152344,2,FALSE
W02000379,Cardiff - St Mellons West,Cardiff,0.8117656707763672,53,47.69276428222656,155,172.54920959472656,1,167.56333923339844,3,TRUE
W02000356,Newport - Ringland,Newport,0.29705601930618286,145,63.32868957519531,81,167.09347534179687,3,152.63394165039062,4,TRUE
W02000203,Neath Port Talbot - Aberdulais & Resolfen,Neath Port Talbot,1.2871462106704712,8,80.45256042480469,31,29.57867431640625,237,149.95408630371094,5,FALSE
W02000411,Cardiff - Caerau West,Cardiff,0.92547208070755,34,59.90463638305664,98,101.68501281738281,29,144.98782348632812,6,TRUE
W02000178,Swansea - Penderry,Swansea,-0.23270709812641144,271,87.30060577392578,20,118.18942260742187,16,144.01988220214844,7,TRUE
W02000382,Cardiff - Trowbridge,Cardiff,0.04738202691078186,204,63.17243576049805,82,147.87033081054687,4,141.78439331054687,8,TRUE
W02000349,Newport - Bettws,Newport,0.41289180517196655,115,62.92156219482422,86,131.67333984375,10,141.12794494628906,9,TRUE
W02000212,Neath Port Talbot - Cwmafan & Bryn,Neath Port Talbot,1.0341718196868896,23,84.7735824584961,23,34.74471664428711,207,140.64053344726562,10,FALSE
W02000040,"Conwy - Betws-yn-Rhos, Llangernyw & Llansannan",Conwy,0.8686665296554565,45,98.64945220947266,6,15.663095474243164,330,138.84376525878906,11,FALSE
W02000186,Swansea - Townhill,Swansea,-1.1992396116256714,388,78.69573974609375,34,137.23681640625,8,136.90675354003906,12,TRUE
W02000305,Caerphilly - Risca East,Caerphilly,0.5387875437736511,90,25.457443237304687,315,172.07113647460937,2,136.20318603515625,13,FALSE
W02000035,Conwy - Old Colwyn & Llanddulas,Conwy,1.609161615371704,1,44.1744270324707,182,35.6245002746582,197,135.0852508544922,14,TRUE
W02000258,Rhondda Cynon Taf - Treherbert,Rhondda Cynon Taf,0.7495235204696655,61,72.3139419555664,54,80.11492919921875,54,132.79562377929687,15,TRUE
W02000333,Torfaen - Fairwater & Greenmeadow,Torfaen,0.9796581864356995,28,23.49152946472168,322,118.11864471435547,17,132.4811553955078,16,FALSE
W02000383,Cardiff - Llanedeyrn,Cardiff,1.1998519897460937,11,45.011695861816406,172,70.415679931640625,80,132.1829376220703,17,TRUE
W02000102,Powys - Llanfair Caereinion & Caersws,Powys,1.3775042295455933,4,63.136146545410156,84,15.883593559265137,324,130.79701232910156,18,FALSE
W02000365,Newport - Duffryn & Maesglas,Newport,1.0216610431671143,25,38.168556213378906,227,96.88066101074219,33,129.77719116210937,19,TRUE
W02000247,The Vale of Glamorgan - Llantwit Major,The Vale of Glamorgan,1.0871374607086182,18,77.453582763671875,38,24.70214080810547,264,129.73838806152344,20,FALSE
W02000162,Carmarthenshire - Pembrey & Burry Port,Carmarthenshire,1.0444517135620117,22,77.72415924072266,37,30.53510284423828,229,129.718505859375,21,FALSE
W02000103,"Powys - Abermule, Churchstoke & Kerry",Powys,1.3304691314697266,6,47.90116882324219,153,43.01289749145508,166,127.6899185180664,22,FALSE
W02000324,Torfaen - Abersychan,Torfaen,1.114884614944458,15,36.62212371826172,233,79.74285125732422,56,127.68182373046875,23,FALSE
W02000095,"Wrexham - Bangor-on-Dee, Overton & Penley",Wrexham,1.0777767896652222,19,75.85847473144531,44,28.446786880493164,243,127.560791015625,24,FALSE
W02000097,Powys - Llanfyllin & Llanwyddyn,Powys,1.296543002128601,7,71.03914642333984,57,4.562885284423828,400,127.35101318359375,25,FALSE
W02000227,Bridgend - Cornelly,Bridgend,0.9803249835968018,27,49.09481430053711,142,78.61488342285156,58,127.012939453125,26,FALSE
W02000075,Flintshire - Pen-y-ffordd & Higher Kinnerton,Flintshire,1.1798410415649414,12,13.123845100402832,387,90.12489318847656,41,126.66869354248047,27,FALSE
W02000039,Conwy - Llanfairfechan & Penmaenmawr,Conwy,1.3436882495880127,5,57.16315460205078,108,23.36907196044922,272,126.64132690429687,28,FALSE
W02000259,Rhondda Cynon Taf - Penrhiw-ceibr,Rhondda Cynon Taf,-0.08554906398057938,235,79.2281494140625,32,99.5121841430664,30,126.003662109375,29,TRUE
W02000415,"Merthyr Tydfil - Gurnos, Trefechan & Pontsticill",Merthyr Tydfil,-0.011536039412021637,213,74.10395812988281,47,109.70610809326172,24,124.6916275024414,30,TRUE
W02000098,Powys - Four Crosses & Guilsfield,Powys,1.2152655124664307,10,57.1733283996582,107,35.455753326416016,198,124.18153381347656,31,FALSE
W02000290,"Caerphilly - Rhymney, Pontlottyn & Abertysswg",Caerphilly,0.8463535904884338,49,70.25810241699219,59,63.931819915771484,97,122.87493133544922,32,TRUE
W02000036,Conwy - Abergele,Conwy,1.4436473846435547,3,51.882659912109375,128,11.44242000579834,351,122.61165618896484,33,TRUE
W02000381,Cardiff - Llanrumney South,Cardiff,-0.04815668985247612,221,68.85518646240234,66,116.03296661376953,18,122.08676147460937,34,FALSE
W02000250,The Vale of Glamorgan - Rhoose & Airport,The Vale of Glamorgan,1.1750123500823975,13,61.38786697387695,92,30.665653228759766,226,120.16812133789062,35,FALSE
W02000323,Torfaen - Blaenavon,Torfaen,1.0938129425048828,17,54.0200080871582,122,48.03527069091797,147,118.82782745361328,36,FALSE
W02000409,Cardiff - Ely West,Cardiff,0.593090832233429,86,43.410858154296875,187,110.64852905273438,21,117.20074462890625,37,TRUE
W02000252,Rhondda Cynon Taf - Hirwaun & Rhigos,Rhondda Cynon Taf,0.8547454476356506,47,78.52476501464844,35,32.705718994140625,216,116.84056091308594,38,TRUE
W02000405,Cardiff - Ely East,Cardiff,0.23716899752616882,158,58.763275146484375,104,110.23182678222656,22,115.91364288330078,39,TRUE
W02000122,Ceredigion - New Quay & Penbryn,Ceredigion,0.46933937072753906,100,93.38452911376953,11,15.761153221130371,325,112.88982391357422,40,FALSE
W02000143,"Carmarthenshire - Llandovery, Cil-y-cwm & Cynwyl Gaeo",Carmarthenshire,0.42056894302368164,109,96.99208068847656,10,14.490249633789062,335,111.88146209716797,41,FALSE
W02000125,"Ceredigion - Beulah, Troed-yr-aur & Llandysul",Ceredigion,-0.07092474400997162,229,104.51262664794922,2,7.373239517211914,386,110.76225280761719,42,FALSE
W02000363,Newport - Gaer,Newport,-1.426560640335083,400,49.399810791015625,140,146.03582763671875,6,109.79293823242187,43,FALSE
W02000322,Blaenau Gwent - Abertillery South & Llanhilleth,Blaenau Gwent,-0.03447732329368591,218,97.509796142578125,9,31.74531364440918,223,107.25729370117187,44,FALSE
W02000192,Swansea - Central Swansea,Swansea,-1.055066466331482,377,105.52830505371094,1,11.445355415344238,350,105.61719512939453,45,FALSE
W02000200,Neath Port Talbot - Dulais Valley,Neath Port Talbot,1.0720865726470947,20,54.35034942626953,120,29.814481735229492,236,105.53749084472656,46,FALSE
W02000220,"Bridgend - Nant-y-moel, Ogmore Vale & Blackmill",Bridgend,0.7652888298034668,60,46.92716979980469,159,76.319793701171875,67,104.85438537597656,47,FALSE
W02000314,Blaenau Gwent - Rassau & Beaufort,Blaenau Gwent,0.7485944032669067,62,54.947471618652344,117,67.1993637084961,89,104.80583190917969,48,FALSE
W02000214,Neath Port Talbot - Sandfields,Neath Port Talbot,0.881962239742279,40,48.29010009765625,151,60.120086669921875,105,104.74919128417969,49,FALSE
W02000167,Carmarthenshire - Llanelli South,Carmarthenshire,-0.13845589756965637,248,99.181304931640625,5,16.704158782958984,318,104.49132537841797,50,FALSE
W02000094,Wrexham - Cefn Mawr,Wrexham,0.8562979698181152,46,61.651206970214844,89,45.865631103515625,158,104.45640563964844,51,FALSE
W02000061,Flintshire - Flint North East,Flintshire,0.5953565835952759,85,53.45161437988281,123,77.16938781738281,65,103.68629455566406,52,FALSE
W02000209,Neath Port Talbot - Glyncorrwg & Blaengwynfi,Neath Port Talbot,0.1366148591041565,183,89.49382019042969,15,32.35318374633789,219,103.0794677734375,53,FALSE
W02000331,Torfaen - West Pontnewydd & Thornhill,Torfaen,0.10441787540912628,189,32.020782470703125,270,129.45358276367187,11,102.94390869140625,54,FALSE
W02000373,Cardiff - Llanrumney North,Cardiff,0.6218184232711792,80,37.1522216796875,231,91.509002685546875,39,101.68946838378906,55,FALSE
W02000144,"Carmarthenshire - Tre-lech, Cenarth & Llangeler",Carmarthenshire,0.05620822310447693,203,97.91814422607422,7,8.316221237182617,377,100.6942138671875,56,FALSE
W02000307,Caerphilly - Aber Valley,Caerphilly,0.6177613735198975,81,30.996917724609375,278,94.73637390136719,34,100.04827117919922,57,FALSE
W02000404,Cardiff - Splott,Cardiff,-1.4096511602401733,399,87.36809539794922,19,64.54237365722656,96,99.52567291259766,58,FALSE
W02000064,Flintshire - Connah's Quay North,Flintshire,-0.03337930142879486,217,34.281227111816406,253,123.00776672363281,13,98.49175262451172,59,FALSE
W02000074,Flintshire - Buckley South,Flintshire,0.7097442150115967,63,20.035568237304688,345,91.51276397705078,38,98.31676483154297,60,FALSE
W02000197,Swansea - West Gower,Swansea,0.9485344886779785,32,65.8423080444336,73,11.121895790100098,353,98.12474060058594,61,FALSE
W02000233,Bridgend - Brackla West,Bridgend,-0.41539761424064636,307,19.88016700744629,348,146.45068359375,5,97.61283874511719,62,FALSE
W02000226,"Bridgend - Pen-prysg, Hendre & Felindre",Bridgend,1.2289093732833862,9,28.50411033630371,296,25.062602996826172,259,96.96137237548828,63,FALSE
W02000402,Cardiff - Adamsdown,Cardiff,-1.2123380899429321,390,100.11100769042969,3,9.9017915725708,360,96.92790985107422,64,FALSE
W02000418,"Carmarthenshire - Whitland, Laugharne & Llansteffan",Carmarthenshire,0.803619384765625,56,76.57299041748047,41,5.9566545486450195,392,96.36360931396484,65,FALSE
W02000393,Cardiff - Fairwater North,Cardiff,0.40506255626678467,119,66.85327911376953,71,58.61600112915039,115,95.85527038574219,66,FALSE
W02000346,Monmouthshire - Magor & Rogiet,Monmouthshire,1.0275092124938965,24,45.14724349975586,171,31.752471923828125,222,95.5190200805664,67,FALSE
W02000293,Caerphilly - Bargoed,Caerphilly,0.3560903072357178,129,42.00347900390625,200,93.50554656982422,37,95.491668701171875,68,FALSE
W02000354,Newport - Lawrence Hill,Newport,-0.507762610912323,324,27.569063186645508,302,144.28414916992187,7,95.15910339355469,69,FALSE
W02000304,Caerphilly - Crosskeys South & Ynysddu,Caerphilly,-0.5377742052078247,330,40.7659912109375,206,128.40176391601562,12,95.007720947265625,70,FALSE
W02000169,Swansea - Clydach & Mawr,Swansea,0.8931331038475037,38,54.72382736206055,118,32.40901184082031,218,94.9806900024414,71,FALSE
W02000316,Blaenau Gwent - Sirhowy,Blaenau Gwent,0.1246500089764595,185,68.938690185546875,65,68.2358169555664,84,94.82331085205078,72,FALSE
W02000368,Cardiff - Thornhill,Cardiff,0.9106510281562805,36,9.778435707092285,396,75.512237548828125,68,94.64836120605469,73,FALSE
W02000045,Denbighshire - Rhyl North,Denbighshire,-0.2331903576850891,272,97.83637237548828,8,14.228507995605469,339,94.56360626220703,74,FALSE
W02000289,Merthyr Tydfil - Treharris & Trelewis,Merthyr Tydfil,0.4342145025730133,108,63.5758171081543,79,54.99030685424805,123,94.1911392211914,75,FALSE
W02000351,Newport - Beechwood,Newport,-0.9331889152526855,370,45.73613739013672,166,120.6363754272461,15,93.38960266113281,76,FALSE
W02000042,Denbighshire - Prestatyn North,Denbighshire,0.32622161507606506,135,44.26944351196289,179,82.33012390136719,47,91.994171142578125,77,FALSE
W02000308,Caerphilly - Llanbradach & Penyrheol,Caerphilly,0.9762202501296997,30,19.295711517333984,353,60.731590270996094,103,91.85691833496094,78,FALSE
W02000003,Isle of Anglesey - Holyhead,Isle of Anglesey,0.8195301294326782,51,65.84395599365234,72,18.085285186767578,309,91.7796630859375,79,FALSE
W02000334,Torfaen - Hollybush & Henllys,Torfaen,0.6565620303153992,75,21.09078025817871,335,82.52033996582031,46,91.23692321777344,80,FALSE
W02000321,Blaenau Gwent - Abertillery North & Cwmtillery,Blaenau Gwent,0.24817676842212677,154,78.94536590576172,33,30.598608016967773,227,91.02489471435547,81,FALSE
W02000221,"Bridgend - Blaengarw, Pontycymer & Bettws",Bridgend,0.9766145348548889,29,33.30925750732422,261,46.338279724121094,156,90.18647766113281,82,FALSE
W02000151,"Carmarthenshire - Brynaman, Y Garnant & Glanaman",Carmarthenshire,0.45660609006881714,104,76.2477798461914,42,21.66493797302246,284,89.72264862060547,83,FALSE
W02000339,Monmouthshire - Monmouth & Wyesham,Monmouthshire,0.6859179735183716,66,73.421295166015625,49,6.6365814208984375,389,89.27825164794922,84,FALSE
W02000031,Conwy - Kinmel Bay & Towyn,Conwy,0.7760751843452454,59,43.319271087646484,189,56.88432312011719,117,89.12518310546875,85,FALSE
W02000145,"Carmarthenshire - Llandeilo, Llangadog & Maenordeilo",Carmarthenshire,0.3175240457057953,140,86.90614318847656,21,3.892744541168213,403,89.04964447021484,86,FALSE
W02000058,"Flintshire - Gronant, Ffynnongroyw & Trelawnyd",Flintshire,0.2250782549381256,161,60.92570114135742,95,67.8408203125,87,88.9065170288086,87,FALSE
W02000279,Rhondda Cynon Taf - Beddau & Tyn-y-nant,Rhondda Cynon Taf,0.6768583655357361,71,21.654647827148438,333,79.77716064453125,55,88.78133392333984,88,FALSE
W02000286,Merthyr Tydfil - Gelli-deg & Town,Merthyr Tydfil,-0.43825066089630127,311,88.59064483642578,16,30.25011444091797,231,88.74324035644531,89,FALSE
W02000124,Ceredigion - Cardigan & Aber-porth,Ceredigion,0.006743207573890686,211,90.4054183959961,13,3.3513879776000977,405,88.44942474365234,90,FALSE
W02000202,Neath Port Talbot - Pontardawe,Neath Port Talbot,0.784714937210083,57,65.07365417480469,75,17.626678466796875,313,88.23558044433594,91,FALSE
W02000345,Monmouthshire - Caldicot South,Monmouthshire,0.9334613680839539,33,34.34410095214844,252,46.32080078125,157,88.23343658447266,92,FALSE
W02000153,"Carmarthenshire - Llanddarog, Llangyndeyrn & Ferryside",Carmarthenshire,0.7842090129852295,58,69.30860137939453,63,8.958375930786133,370,87.83485412597656,93,FALSE
W02000025,Gwynedd - Barmouth & Dolgellau,Gwynedd,-0.1962088793516159,264,87.71038818359375,17,22.464176177978516,279,87.08419036865234,94,FALSE
W02000101,"Powys - Montgomery, Trewern & Berriew",Powys,1.0067589282989502,26,26.476030349731445,308,42.45626449584961,169,86.80982208251953,95,FALSE
W02000168,Swansea - Pontarddulais,Swansea,0.8049563765525818,55,46.377723693847656,162,43.07073211669922,164,86.55547332763672,96,FALSE
W02000278,Rhondda Cynon Taf - Church Village West,Rhondda Cynon Taf,0.524914026260376,92,21.154756546020508,334,82.15595245361328,48,85.94569396972656,97,FALSE
W02000086,Wrexham - Acton & Maes-y-dre,Wrexham,-1.7410595417022705,407,26.41716194152832,309,134.1935272216797,9,85.73050689697266,98,FALSE
W02000160,Carmarthenshire - Swiss Valley & Llangennech,Carmarthenshire,0.8909839391708374,39,35.77238845825195,240,44.76158142089844,160,85.4878921508789,99,FALSE
W02000065,Flintshire - Connah's Quay Wepre,Flintshire,-0.06665519624948502,228,4.630832672119141,408,121.34912109375,14,85.24687957763672,100,FALSE
W02000030,Conwy - Rhos-on-Sea,Conwy,0.6590486764907837,73,48.377262115478516,147,47.94315719604492,148,84.934814453125,101,FALSE
W02000099,Powys - Welshpool,Powys,0.684088945388794,67,46.90800857543945,160,47.79457092285156,149,84.745880126953125,102,FALSE
W02000173,Swansea - Birchgrove,Swansea,0.6791084408760071,70,26.270048141479492,310,73.33903503417969,74,84.32678985595703,103,FALSE
W02000052,Denbighshire - Denbigh West,Denbighshire,-0.20054392516613007,266,62.592655181884766,87,73.50495147705078,73,83.355316162109375,104,FALSE
W02000134,Pembrokeshire - Neyland,Pembrokeshire,1.0994279384613037,16,29.56088638305664,284,16.07857894897461,321,83.3543472290039,105,FALSE
W02000051,Denbighshire - St Asaph & Trefnant,Denbighshire,0.6807377338409424,69,35.52404022216797,242,61.0059814453125,102,83.2181396484375,106,FALSE
W02000047,Denbighshire - Rhyl South West,Denbighshire,-0.9638990163803101,374,39.75303268432617,216,113.65894317626953,19,82.90937042236328,107,FALSE
W02000187,Swansea - Dunvant & Upper Killay,Swansea,0.6920527815818787,65,36.59770584106445,236,57.98232650756836,116,82.230743408203125,108,FALSE
W02000092,Wrexham - Rhosllannerchrugog & Johnstown South,Wrexham,0.16285072267055511,175,48.342002868652344,150,75.37950134277344,69,81.95219421386719,109,FALSE
W02000206,Neath Port Talbot - Neath Town,Neath Port Talbot,-0.4773232638835907,318,81.08722686767578,29,38.114532470703125,187,81.64669036865234,110,FALSE
W02000306,Caerphilly - Risca West,Caerphilly,-0.14981621503829956,251,42.50100326538086,196,93.7596435546875,36,81.56878662109375,111,FALSE
W02000146,"Carmarthenshire - Abergwili, Llanegwad & Carmel",Carmarthenshire,0.4058389663696289,118,77.0145034790039,40,8.271984100341797,378,81.4529800415039,112,FALSE
W02000018,Gwynedd - Blaenau Ffestiniog & Trawsfynydd,Gwynedd,0.2557632029056549,150,77.08551025390625,39,18.119142532348633,308,81.28496551513672,113,FALSE
W02000315,Blaenau Gwent - Bryn-mawr,Blaenau Gwent,-0.05325444042682648,222,70.53654479980469,58,49.455360412597656,144,81.24723815917969,114,FALSE
W02000013,Gwynedd - Bethel & Llanrug,Gwynedd,1.059201955795288,21,32.70310592651367,266,19.35053062438965,302,81.17267608642578,115,FALSE
W02000166,Carmarthenshire - Bynea & Llwynhendy,Carmarthenshire,0.8381728529930115,50,31.664894104003906,273,51.21974563598633,136,81.00601959228516,116,FALSE
W02000408,Cardiff - South Riverside,Cardiff,-2.0718939304351807,409,93.05635833740234,12,17.959232330322266,310,80.89051055908203,117,FALSE
W02000275,Rhondda Cynon Taf - Tonyrefail East,Rhondda Cynon Taf,0.21243435144424438,165,39.68663024902344,218,80.594085693359375,53,80.53453063964844,118,FALSE
W02000105,Powys - Newtown South,Powys,-0.6611841917037964,346,33.67973327636719,258,112.2010726928711,20,79.70182800292969,119,FALSE
W02000172,Swansea - Gorseinon,Swansea,0.6541327238082886,76,48.047706604003906,152,40.230472564697266,178,79.17881774902344,120,FALSE
W02000291,Caerphilly - New Tredegar & Darren Valley,Caerphilly,-0.5795013904571533,337,50.9903678894043,133,83.752227783203125,45,78.94648742675781,121,FALSE
W02000375,Cardiff - Pentwyn,Cardiff,0.6826420426368713,68,19.73387908935547,350,67.62181854248047,88,78.41888427734375,122,FALSE
W02000417,Neath Port Talbot - Ystalyfera & Gwaun-Cae-Gurwen,Neath Port Talbot,0.40116918087005615,122,71.68687438964844,55,17.386247634887695,314,78.22837829589844,123,FALSE
W02000407,Cardiff - Caerau East,Cardiff,-0.056710727512836456,223,54.51681900024414,119,69.89949798583984,81,78.17009735107422,124,FALSE
W02000027,Conwy - Llandudno Town & Gogarth,Conwy,-0.03679646551609039,219,84.0849838256836,26,10.481953620910645,357,77.630279541015625,125,FALSE
W02000256,Rhondda Cynon Taf - Aberaman,Rhondda Cynon Taf,-0.37696272134780884,299,58.545326232910156,105,74.87056732177734,70,77.48042297363281,126,FALSE
W02000017,"Gwynedd - Pen-y-groes, Tal-y-sarn & Dyffryn Nantlle",Gwynedd,0.4706624746322632,99,70.1522445678711,61,9.5567626953125,362,77.4048843383789,127,FALSE
W02000210,Neath Port Talbot - Neath South,Neath Port Talbot,-0.42577794194221497,308,39.35350036621094,222,99.397735595703125,31,77.16973114013672,128,FALSE
W02000319,Blaenau Gwent - Tredegar & Georgetown,Blaenau Gwent,-0.09505166858434677,239,65.13179016113281,74,53.94059753417969,127,77.128631591796875,129,FALSE
W02000107,Powys - Knighton & Presteigne,Powys,0.8945772647857666,37,49.00178146362305,144,2.797475814819336,407,76.950592041015625,130,FALSE
W02000364,Newport - Pillgwenlly & Docks,Newport,-1.30843985080719,394,84.6568374633789,24,32.149452209472656,220,76.85221862792969,131,FALSE
W02000024,Gwynedd - Bala & Mawddwy,Gwynedd,-0.06327763944864273,225,80.495819091796875,30,15.944917678833008,323,76.44775390625,132,FALSE
W02000023,Gwynedd - Abersoch & Aberdaron,Gwynedd,0.247934028506279,155,74.48329162597656,46,16.394563674926758,319,76.31459045410156,133,FALSE
W02000388,Cardiff - Rumney,Cardiff,0.14976657927036285,181,13.809707641601562,385,97.2597427368164,32,76.05644226074219,134,FALSE
W02000109,Powys - Llandrindod Wells,Powys,0.40679609775543213,117,61.33195114135742,94,32.49398422241211,217,75.9011459350586,135,FALSE
W02000229,Bridgend - Cefn-glas & Bryntirion,Bridgend,-0.3737296760082245,298,28.668983459472656,294,108.11041259765625,25,75.84147644042969,136,FALSE
W02000188,Swansea - St Thomas,Swansea,-1.0994964838027954,378,68.45469665527344,68,66.23905944824219,92,75.6948013305664,137,FALSE
W02000201,Neath Port Talbot - Glynneath,Neath Port Talbot,0.41049814224243164,116,45.48505401611328,169,54.2032470703125,125,75.41224670410156,138,FALSE
W02000399,Cardiff - Plasnewydd,Cardiff,-1.5464640855789185,402,90.074859619140625,14,10.394775390625,358,75.36438751220703,139,FALSE
W02000033,Conwy - Colwyn Bay North,Conwy,-0.16456878185272217,255,67.90906524658203,69,50.58798599243164,138,75.33099365234375,140,FALSE
W02000224,"Bridgend - Sarn, Bryn-coch & Bryncethin",Bridgend,0.19160500168800354,168,30.355331420898438,283,81.72999572753906,51,75.04901123046875,141,FALSE
W02000222,"Bridgend - Maesteg West, Garth & Llangynwyd",Bridgend,0.06803789734840393,198,51.72022247314453,129,62.815895080566406,98,74.879913330078125,142,FALSE
W02000215,Neath Port Talbot - Aberafan,Neath Port Talbot,0.25314557552337646,153,71.14789581298828,56,21.289594650268555,287,74.836700439453125,143,FALSE
W02000377,Cardiff - Pwll-mawr & St Mellons East,Cardiff,0.4177090525627136,112,16.589109420776367,372,78.5285415649414,59,74.7756576538086,144,FALSE
W02000257,Rhondda Cynon Taf - Mountain Ash,Rhondda Cynon Taf,-0.21404382586479187,269,72.4670639038086,53,40.121795654296875,179,73.95882415771484,145,FALSE
W02000087,Wrexham - Caia Park,Wrexham,-0.8595917820930481,363,55.196537017822266,116,78.21986389160156,61,73.84040069580078,146,FALSE
W02000266,Rhondda Cynon Taf - Glyn-coch & Ynys-y-bwl,Rhondda Cynon Taf,0.15416261553764343,179,43.35957336425781,188,71.84849548339844,78,73.72230529785156,147,FALSE
W02000154,Carmarthenshire - Ammanford & Betws,Carmarthenshire,0.5045766830444336,95,63.417388916015625,80,13.705751419067383,343,73.669158935546875,148,FALSE
W02000126,Pembrokeshire - Cilgerran & Crymych,Pembrokeshire,-0.48403435945510864,319,87.468536376953125,18,4.605738639831543,399,73.62336730957031,149,FALSE
W02000072,Flintshire - Broughton & Saltney,Flintshire,0.9138004779815674,35,7.326953887939453,402,39.40927505493164,181,73.25072479248047,150,FALSE
W02000136,Pembrokeshire - Saundersfoot,Pembrokeshire,0.8728280067443848,43,44.175262451171875,181,14.81826400756836,334,73.208160400390625,151,FALSE
W02000207,Neath Port Talbot - Cimla,Neath Port Talbot,-0.5922752022743225,338,25.52118682861328,314,110.17791748046875,23,73.11368560791016,152,FALSE
W02000175,Swansea - Morriston South,Swansea,0.10542688518762589,188,50.54937744140625,135,59.528785705566406,107,73.09535217285156,153,FALSE
W02000328,Torfaen - Griffithstown & Sebastopol,Torfaen,0.8811855316162109,41,20.0207576751709,346,38.05280685424805,188,72.54621124267578,154,FALSE
W02000260,Rhondda Cynon Taf - Ferndale & Maerdy,Rhondda Cynon Taf,0.15394708514213562,180,58.769630432128906,102,47.6505126953125,151,72.5213623046875,155,FALSE
W02000170,Swansea - Morriston North,Swansea,0.41450709104537964,114,22.74169158935547,325,72.73750305175781,75,72.27391815185547,156,FALSE
W02000235,Bridgend - Porthcawl West,Bridgend,0.44209134578704834,106,64.17046356201172,77,13.705997467041016,342,72.15350341796875,157,FALSE
W02000416,Powys - Ystradgynlais & Tawe Uchaf,Powys,0.3739476501941681,126,70.164825439453125,60,9.153264045715332,367,72.1103744506836,158,FALSE
W02000110,Powys - Builth Wells & Llanwrtyd Wells,Powys,0.6568141579627991,74,54.11634826660156,121,17.04598617553711,316,71.8813247680664,159,FALSE
W02000007,Isle of Anglesey - Bodedern & Rhosneigr,Isle of Anglesey,0.8694005012512207,44,39.19667053222656,223,21.971633911132812,282,71.86824035644531,160,FALSE
W02000001,Isle of Anglesey - Amlwch & Llannerch-y-medd,Isle of Anglesey,0.533996045589447,91,60.51931381225586,96,15.367597579956055,331,71.4288330078125,161,FALSE
W02000196,Swansea - West Cross,Swansea,-0.02379607781767845,215,55.3663215637207,114,55.00822830200195,122,70.92467498779297,162,FALSE
W02000320,Blaenau Gwent - Ebbw Vale South & Cwm,Blaenau Gwent,0.0825682133436203,194,69.23216247558594,64,29.278926849365234,239,70.78966522216797,163,FALSE
W02000056,"Denbighshire - Corwen, Llanelidan & Efenechdyd",Denbighshire,-0.14711526036262512,250,72.769744873046875,50,29.82040023803711,235,70.72136688232422,164,FALSE
W02000157,Carmarthenshire - Glyn & Pontyberem,Carmarthenshire,0.5163338780403137,94,58.769630432128906,102,17.843597412109375,311,70.68750762939453,165,FALSE
W02000246,The Vale of Glamorgan - Barry Dyfan & Illtyd,The Vale of Glamorgan,-0.30691614747047424,280,15.063505172729492,380,102.85917663574219,26,70.65789794921875,166,FALSE
W02000081,Wrexham - Gwersyllt West & Summerhill,Wrexham,-0.3386758267879486,289,18.006797790527344,362,102.65766906738281,27,70.29932403564453,167,FALSE
W02000179,Swansea - Gowerton,Swansea,0.8539272546768188,48,25.76327133178711,312,35.190635681152344,200,70.20231628417969,168,FALSE
W02000211,Neath Port Talbot - Briton Ferry,Neath Port Talbot,-0.6030093431472778,340,62.34708786010742,88,60.220977783203125,104,69.79108428955078,169,FALSE
W02000208,Neath Port Talbot - Skewen & Jersey Marine,Neath Port Talbot,0.64354407787323,78,40.785160064697266,205,35.67953109741211,196,69.73548889160156,170,FALSE
W02000181,Swansea - Bon-y-maen,Swansea,-0.8909549117088318,365,48.35892868041992,149,79.06246185302734,57,69.59534454345703,171,FALSE
W02000263,Rhondda Cynon Taf - Abercynon,Rhondda Cynon Taf,-0.08246321976184845,232,44.53881072998047,177,71.9278564453125,77,69.518035888671875,172,FALSE
W02000225,"Bridgend - Pyle, Kenfig Hill & Cefncribwr",Bridgend,0.8130350112915039,52,28.833118438720703,291,34.002098083496094,209,69.098052978515625,173,FALSE
W02000142,Carmarthenshire - Llanfihangel-ar-arth & Llanybydder,Carmarthenshire,-0.3476245105266571,290,72.600341796875,51,32.107810974121094,221,68.32926940917969,174,FALSE
W02000370,Cardiff - Rhiwbina & Pant-mawr,Cardiff,0.5021325349807739,96,15.83321762084961,375,66.23876953125,93,68.11614227294922,175,FALSE
W02000292,Caerphilly - Aberbargoed & Gilfach,Caerphilly,-0.7551602721214294,353,39.40736389160156,221,88.3620376586914,42,67.948455810546875,176,FALSE
W02000340,Monmouthshire - Rhaglan & Llantilio Crossenny,Monmouthshire,-0.7736212015151978,354,85.88868713378906,22,6.054530620574951,391,67.9372329711914,177,FALSE
W02000190,Swansea - Killay,Swansea,0.3198421001434326,138,23.007484436035156,324,72.50008392333984,76,67.80986022949219,178,FALSE
W02000336,Monmouthshire - Abergavenny South & Crucorney,Monmouthshire,-0.46535322070121765,314,84.44233703613281,25,4.049290657043457,402,67.55021667480469,179,FALSE
W02000127,Pembrokeshire - Fishguard,Pembrokeshire,0.6023292541503906,84,59.149757385253906,101,3.6934854984283447,404,67.53443908691406,180,FALSE
W02000068,Flintshire - Queensferry & Sandycroft,Flintshire,-0.321774423122406,286,21.913589477539063,330,94.17371368408203,35,67.41373443603516,181,FALSE
W02000184,Swansea - Cockett,Swansea,-0.4850411117076874,320,47.869590759277344,154,74.72508239746094,71,67.11946105957031,182,FALSE
W02000176,Swansea - Mynydd-bach,Swansea,-0.28869515657424927,277,40.56168746948242,208,77.825042724609375,62,66.56702423095703,183,FALSE
W02000060,Flintshire - Holywell & Bagillt,Flintshire,0.6594563722610474,72,42.00920104980469,199,24.165327072143555,266,65.25238037109375,184,FALSE
W02000062,Flintshire - Flint South West,Flintshire,0.26045432686805725,149,6.390253067016602,404,77.45771026611328,63,65.14142608642578,185,FALSE
W02000245,The Vale of Glamorgan - Palmerstown,The Vale of Glamorgan,0.4650631546974182,101,36.62212371826172,233,42.921287536621094,167,64.73229217529297,186,FALSE
W02000369,Cardiff - Pontprennau,Cardiff,0.9568513631820679,31,12.610973358154297,392,18.615583419799805,305,64.50772857666016,187,FALSE
W02000180,Swansea - Ravenhill,Swansea,-0.35952821373939514,295,48.52509307861328,146,65.39635467529297,94,64.03102111816406,188,FALSE
W02000362,Newport - Pye Corner & Graig,Newport,0.4500158429145813,105,23.491416931152344,323,55.51200866699219,120,63.902828216552734,189,FALSE
W02000082,Wrexham - New Broughton & Bryn Cefn,Wrexham,-0.08928972482681274,237,21.726411819458008,331,81.57085418701172,52,63.34101104736328,190,FALSE
W02000183,Swansea - Landore,Swansea,-1.2123206853866577,389,76.16634368896484,43,28.732881546020508,242,63.201171875,191,FALSE
W02000113,Powys - Brecon,Powys,0.8775480389595032,42,36.61110305786133,235,1.9931435585021973,410,63.15863800048828,192,FALSE
W02000228,"Bridgend - Pen-dre, Litchard & Coity",Bridgend,0.31667613983154297,141,40.11954879760742,212,50.010372161865234,142,63.136566162109375,193,FALSE
W02000084,Wrexham - Borras & Rhosnesni,Wrexham,-0.6853935718536377,348,7.11723518371582,403,101.78787231445312,28,62.9232177734375,194,FALSE
W02000234,Bridgend - Broadlands,Bridgend,0.4587104022502899,103,39.080467224121094,225,38.48215866088867,185,62.83959197998047,195,FALSE
W02000218,Bridgend - Caerau,Bridgend,-0.26320213079452515,275,49.09473419189453,143,59.483673095703125,109,62.820709228515625,196,FALSE
W02000360,Newport - Stow Hill,Newport,-1.999664068222046,408,75.16034698486328,45,30.94899559020996,225,62.80961990356445,197,FALSE
W02000165,Carmarthenshire - Llanelli Bigyn,Carmarthenshire,-0.931194007396698,368,33.203643798828125,262,83.92064666748047,44,62.1873779296875,198,FALSE
W02000243,The Vale of Glamorgan - Gibbonsdown,The Vale of Glamorgan,0.21080851554870605,166,43.974117279052734,183,48.147369384765625,146,62.17641830444336,199,FALSE
W02000059,Flintshire - Mostyn & Holway,Flintshire,0.07766314595937729,195,39.7281379699707,217,59.98876190185547,106,61.83873748779297,200,FALSE
W02000271,Rhondda Cynon Taf - Porth West,Rhondda Cynon Taf,-0.8646185398101807,364,47.65486145019531,156,70.72016906738281,79,61.58504104614258,201,FALSE
W02000398,Cardiff - Cathays South & Bute Park,Cardiff,-1.6484620571136475,404,81.43184661865234,28,8.042380332946777,381,60.80783462524414,202,FALSE
W02000041,Conwy - Llanrwst & Betws-y-coed,Conwy,0.22936178743839264,160,64.50476837158203,76,5.805980205535889,395,60.00288391113281,203,FALSE
W02000332,Torfaen - Cwmbran,Torfaen,-0.5740147233009338,336,67.563323974609375,70,34.765533447265625,206,59.78887176513672,204,FALSE
W02000397,Cardiff - Fairwater South,Cardiff,-0.0736691951751709,231,57.23381423950195,106,35.146018981933594,201,59.746360778808594,205,FALSE
W02000117,Ceredigion - Aberystwyth North,Ceredigion,-0.2848811149597168,276,73.85704803466797,48,9.445240020751953,365,59.36794662475586,206,FALSE
W02000071,Flintshire - New Brighton & Mynyddisa,Flintshire,-0.10448501259088516,241,3.733022928237915,409,81.90962982177734,50,58.98434066772461,207,FALSE
W02000006,Isle of Anglesey - Llangefni,Isle of Anglesey,0.8104288578033447,54,30.439668655395508,282,15.741758346557617,327,58.883235931396484,208,FALSE
W02000100,Powys - Machynlleth & Banwy,Powys,0.2541176378726959,152,59.501869201660156,100,14.018854141235352,340,58.54862594604492,209,FALSE
W02000294,"Caerphilly - North Blackwood, Argoed & Markham",Caerphilly,-1.1563359498977661,383,27.41971206665039,303,87.7606201171875,43,58.466732025146484,210,FALSE
W02000236,Bridgend - Porthcawl East,Bridgend,0.06808732450008392,197,49.45454788208008,139,37.72270202636719,191,58.466312408447266,211,FALSE
W02000337,Monmouthshire - Abergavenny North,Monmouthshire,-0.20136214792728424,267,61.383052825927734,93,33.53936767578125,213,58.04911804199219,212,FALSE
W02000274,Rhondda Cynon Taf - Tonyrefail West,Rhondda Cynon Taf,0.3410256803035736,131,32.54128646850586,268,47.270423889160156,152,57.961891174316406,213,FALSE
W02000128,Pembrokeshire - St Davids & Letterston,Pembrokeshire,0.6159830093383789,82,46.30926513671875,163,5.409811019897461,396,57.873443603515625,214,FALSE
W02000255,Rhondda Cynon Taf - Aberdare East & Cwm-bach,Rhondda Cynon Taf,-0.9541342854499817,373,57.065277099609375,109,52.62450408935547,131,57.85837936401367,215,FALSE
W02000264,Rhondda Cynon Taf - Tylorstown,Rhondda Cynon Taf,-0.5050842761993408,322,60.09154510498047,97,42.29869079589844,172,57.685935974121094,216,FALSE
W02000318,Blaenau Gwent - Blaina & Nantyglo,Blaenau Gwent,-0.07230555266141891,230,55.563499450683594,113,34.573936462402344,208,57.65911102294922,217,FALSE
W02000403,Cardiff - Tremorfa & Pengam,Cardiff,-0.22865116596221924,270,52.26484680175781,126,44.96587371826172,159,57.652000427246094,218,FALSE
W02000106,"Powys - Llanidloes, Blaen Hafren & Llandinam",Powys,0.4741533696651459,98,41.424068450927734,202,23.254056930541992,274,57.50604248046875,219,FALSE
W02000301,Caerphilly - Hengoed & Maesycwmer,Caerphilly,-0.6144516468048096,342,15.155773162841797,379,90.80667877197266,40,57.462711334228516,220,FALSE
W02000037,Conwy - Llandudno Junction South & Llasanffraid Glan Conwy,Conwy,0.49640241265296936,97,31.227224349975586,277,34.90039825439453,204,57.26344680786133,221,FALSE
W02000312,Caerphilly - Caerphilly West,Caerphilly,-0.38803309202194214,302,18.162330627441406,360,82.141815185546875,49,57.20669937133789,222,FALSE
W02000137,Pembrokeshire - Milford Haven West,Pembrokeshire,0.21710994839668274,164,38.948368072509766,226,47.67523956298828,150,57.09242248535156,223,FALSE
W02000299,Caerphilly - Newbridge,Caerphilly,0.15618056058883667,178,22.09406852722168,329,65.04304504394531,95,56.88673400878906,224,FALSE
W02000348,Newport - Malpas,Newport,0.5197675228118896,93,17.161605834960938,368,43.839759826660156,163,56.783851623535156,225,FALSE
W02000288,"Merthyr Tydfil - Merthyr Vale, Troed-y-rhiw & Bedlinog",Merthyr Tydfil,-0.04094338417053223,220,49.28184509277344,141,39.07865905761719,182,56.74490737915039,226,FALSE
W02000091,Wrexham - Johnstown North & Rhostyllen,Wrexham,0.042880721390247345,206,15.284537315368652,377,74.43385314941406,72,56.5626106262207,227,FALSE
W02000022,Gwynedd - Harlech & Llanbedr,Gwynedd,-0.3114323318004608,283,68.850372314453125,67,20.092144012451172,296,56.43757247924805,228,FALSE
W02000077,Flintshire - Hope,Flintshire,0.33556899428367615,133,27.796520233154297,301,49.57221984863281,143,56.35763931274414,229,FALSE
W02000189,Swansea - Ty-coch,Swansea,0.14724448323249817,182,55.25946044921875,115,23.18158721923828,275,56.234580993652344,230,FALSE
W02000043,Denbighshire - Prestatyn Central & East,Denbighshire,0.033600036054849625,207,34.23509216308594,254,59.33110427856445,110,56.12089920043945,231,FALSE
W02000423,Cardiff - Butetown,Cardiff,-1.1764132976531982,386,78.32942962646484,36,5.810421943664551,394,56.00230026245117,232,FALSE
W02000412,Cardiff - Grangetown South,Cardiff,-1.3201311826705933,396,62.94231033325195,85,41.29205322265625,174,55.6241455078125,233,FALSE
W02000120,Ceredigion - Aberaeron & Llanrhystud,Ceredigion,0.4176062047481537,113,49.549259185791016,138,8.168312072753906,379,55.53849792480469,234,FALSE
W02000327,Torfaen - New Inn,Torfaen,0.001889653503894806,212,20.06576919555664,344,68.76063537597656,82,55.16735076904297,235,FALSE
W02000317,Blaenau Gwent - Ebbw Vale North & Glyncoed,Blaenau Gwent,-0.08973006904125214,238,50.86815643310547,134,37.98607635498047,190,55.138423919677734,236,FALSE
W02000156,"Carmarthenshire - Llan-non, Cross Hands & Pen-y-groes",Carmarthenshire,0.36248907446861267,128,40.63412094116211,207,30.015544891357422,233,54.70899200439453,237,FALSE
W02000419,Denbighshire - Rhyl East,Denbighshire,0.15713447332382202,176,28.918087005615234,290,55.32579040527344,121,54.65638732910156,238,FALSE
W02000038,Conwy - Conwy & Afon Roe,Conwy,0.3075180947780609,144,45.48688507080078,168,25.88095474243164,257,54.560455322265625,239,FALSE
W02000282,Rhondda Cynon Taf - Pont-y-clun & Llanharry,Rhondda Cynon Taf,0.5924021601676941,87,20.83063507080078,338,33.824462890625,211,54.379150390625,240,FALSE
W02000138,Pembrokeshire - Pembroke Dock,Pembrokeshire,0.4603591561317444,102,40.90230178833008,204,19.395023345947266,301,54.273494720458984,241,FALSE
W02000174,Swansea - Loughor,Swansea,0.2875990569591522,147,35.36646270751953,245,41.248722076416016,175,54.26546859741211,242,FALSE
W02000116,Ceredigion - Borth & Bont-goch,Ceredigion,0.6128336787223816,83,41.678070068359375,201,8.8451566696167,373,54.2635498046875,243,FALSE
W02000044,Denbighshire - Prestatyn South,Denbighshire,-0.14041635394096375,249,34.0293083190918,256,62.12934112548828,99,54.100852966308594,244,FALSE
W02000303,Caerphilly - Crosskeys North & Abercarn,Caerphilly,-0.0323520191013813,216,19.368738174438477,351,68.52338409423828,83,54.02371597290039,245,FALSE
W02000284,Merthyr Tydfil - Dowlais,Merthyr Tydfil,0.25523504614830017,151,35.17021560668945,247,42.340179443359375,171,54.00056838989258,246,FALSE
W02000163,Carmarthenshire - Llanelli North,Carmarthenshire,-0.919305682182312,366,42.91748046875,192,67.07144927978516,90,53.95228576660156,247,FALSE
W02000161,Carmarthenshire - Dafen & Felin-foel,Carmarthenshire,-0.08326148986816406,233,31.654216766357422,274,61.296504974365234,101,53.6229248046875,248,FALSE
W02000032,Conwy - Llandudno Junction North & Deganwy,Conwy,0.6505157351493835,77,28.410110473632812,297,22.203777313232422,281,53.50590515136719,249,FALSE
W02000026,Gwynedd - Tywyn & Llangelynnin,Gwynedd,-0.5168008804321289,325,72.50212860107422,52,8.672477722167969,374,53.41686248779297,250,FALSE
W02000219,Bridgend - Maesteg East,Bridgend,0.32336655259132385,137,44.64942169189453,176,23.323089599609375,273,53.26203536987305,251,FALSE
W02000057,Denbighshire - Llangollen & Llandrillo,Denbighshire,-0.501091480255127,321,63.165863037109375,83,28.2056941986084,245,53.208770751953125,252,FALSE
W02000049,Denbighshire - Dyserth & Tremeirchion,Denbighshire,0.0680324137210846,199,44.25160217285156,180,38.190364837646484,186,53.05052185058594,253,FALSE
W02000195,Swansea - Mayals & Bishopston,Swansea,0.3544469177722931,130,43.62276077270508,185,22.62972640991211,277,52.980804443359375,254,FALSE
W02000089,Wrexham - Hermitage & Whitegate,Wrexham,-0.8216717839241028,359,59.66618728637695,99,38.006591796875,189,52.650177001953125,255,FALSE
W02000297,Caerphilly - St Cattwg,Caerphilly,-0.3905709385871887,304,21.696073532104492,332,77.055084228515625,66,52.53643035888672,256,FALSE
W02000135,Pembrokeshire - Milford Haven East,Pembrokeshire,0.15623803436756134,177,42.92951583862305,191,34.9032096862793,203,52.383583068847656,257,FALSE
W02000268,Rhondda Cynon Taf - Porth East & Ynys-hir,Rhondda Cynon Taf,0.11982818692922592,186,51.43238067626953,130,21.621305465698242,285,52.2148551940918,258,FALSE
W02000090,Wrexham - Pen-y-cae & Minera,Wrexham,-0.0861055999994278,236,37.48283004760742,229,53.67820358276367,128,52.14281463623047,259,FALSE
W02000198,Swansea - Mumbles & Newton,Swansea,0.3844301998615265,123,47.087589263916016,158,9.790826797485352,361,51.74074935913086,260,FALSE
W02000021,Gwynedd - Pwllheli & Morfa Nefyn,Gwynedd,0.1839950680732727,170,55.62024688720703,111,8.145602226257324,380,51.21070098876953,261,FALSE
W02000231,Bridgend - Central Bridgend,Bridgend,-0.24058489501476288,273,63.577735900878906,78,14.354507446289063,336,51.08000946044922,262,FALSE
W02000015,Gwynedd - Caernarfon East,Gwynedd,0.32486096024513245,136,49.55589294433594,137,6.749217510223389,388,51.05113983154297,263,FALSE
W02000296,Caerphilly - Pengam & Cefn Fforest,Caerphilly,-0.7026711106300354,349,23.920997619628906,320,77.26228332519531,64,50.90215301513672,264,FALSE
W02000148,Carmarthenshire - Carmarthen North,Carmarthenshire,-0.605839729309082,341,42.130027770996094,198,59.491783142089844,108,50.85234069824219,265,FALSE
W02000096,Wrexham - Chirk & Ceiriog Valley,Wrexham,0.37720566987991333,125,35.6829833984375,241,28.251232147216797,244,50.7637939453125,266,FALSE
W02000352,Newport - Shaftesbury & Crindai,Newport,-1.6523128747940063,405,51.34615707397461,132,51.168678283691406,137,50.74053955078125,267,FALSE
W02000249,The Vale of Glamorgan - Barry West,The Vale of Glamorgan,-0.4679233431816101,315,52.11187744140625,127,38.718849182128906,184,50.70828628540039,268,FALSE
W02000140,Pembrokeshire - Pembroke West & Castlemartin,Pembrokeshire,0.240912526845932,157,45.845672607421875,165,20.758516311645508,291,50.219844818115234,269,FALSE
W02000355,Newport - Rogerstone,Newport,0.696523904800415,64,18.59029769897461,356,15.724617004394531,329,49.821537017822266,270,FALSE
W02000193,Swansea - Brynmill,Swansea,-0.9478148221969604,371,69.96190643310547,62,15.761153221130371,325,49.80915069580078,271,FALSE
W02000273,Rhondda Cynon Taf - Trefforest,Rhondda Cynon Taf,-0.5327856540679932,329,45.86537170410156,164,48.534690856933594,145,49.34976577758789,272,FALSE
W02000265,Rhondda Cynon Taf - Ystrad & Llwynypia,Rhondda Cynon Taf,-1.1076929569244385,379,42.89805603027344,193,59.24164962768555,111,48.42094802856445,273,FALSE
W02000329,Torfaen - Pontnewydd & Upper Cwmbran,Torfaen,-0.15922629833221436,254,34.39573669433594,251,53.085968017578125,130,48.06501388549805,274,FALSE
W02000371,Cardiff - Llanishen,Cardiff,0.6232288479804993,79,33.41632080078125,260,5.197133541107178,398,48.05775833129883,275,FALSE
W02000008,Isle of Anglesey - Llanfair Pwllgwyngyll & Menai Bridge,Isle of Anglesey,0.5870695114135742,88,18.242080688476562,357,24.88576316833496,262,47.99846649169922,276,FALSE
W02000330,Torfaen - Croesyceiliog,Torfaen,-0.1570347547531128,253,32.192344665527344,269,54.8531494140625,124,47.63825607299805,277,FALSE
W02000002,"Isle of Anglesey - Rhos-y-bol, Marian-glas & Moelfre",Isle of Anglesey,0.3085147738456726,143,33.9109001159668,257,30.140811920166016,232,47.4537353515625,278,FALSE
W02000182,Swansea - Cwmbwrla,Swansea,-0.6381904482841492,344,39.562469482421875,219,58.995018005371094,113,47.38135528564453,279,FALSE
W02000141,Pembrokeshire - Tenby & Caldey,Pembrokeshire,-0.3513213098049164,292,51.34754180908203,131,30.97624969482422,224,47.308685302734375,280,FALSE
W02000343,Monmouthshire - Chepstow South,Monmouthshire,0.2715211510658264,148,41.00175476074219,203,21.32611846923828,286,47.276851654052734,281,FALSE
W02000223,Bridgend - Ynysawdre & Aberkenfig,Bridgend,0.023509133607149124,209,24.795360565185547,316,51.88188934326172,134,46.57618713378906,282,FALSE
W02000029,Conwy - Penrhyn Bay,Conwy,0.31755393743515015,139,19.781661987304687,349,39.027679443359375,183,46.4935188293457,283,FALSE
W02000067,Flintshire - Connah's Quay South & Northop Hall,Flintshire,-0.7938433289527893,355,5.227054595947266,406,78.3282470703125,60,46.492469787597656,284,FALSE
W02000130,Pembrokeshire - Haverfordwest North,Pembrokeshire,-0.1234533041715622,246,53.16228103637695,125,20.766910552978516,290,46.391761779785156,285,FALSE
W02000020,Gwynedd - Cricieth & Llanaelhaearn,Gwynedd,0.17003843188285828,174,46.76927947998047,161,16.048120498657227,322,46.17045211791992,286,FALSE
W02000338,Monmouthshire - Gilwern & Llanfoist,Monmouthshire,-0.4719791114330292,317,61.64582824707031,90,15.094124794006348,332,44.83745574951172,287,FALSE
W02000267,Rhondda Cynon Taf - Tonypandy West & Clydach Vale,Rhondda Cynon Taf,-0.36117854714393616,296,36.52042007446289,237,50.375938415527344,139,44.40642547607422,288,FALSE
W02000342,Monmouthshire - Chepstow North & Trellech,Monmouthshire,0.06026879698038101,201,53.273277282714844,124,5.322026252746582,397,43.9960823059082,289,FALSE
W02000410,Cardiff - Grangetown North,Cardiff,-1.2703816890716553,393,56.70980453491211,110,30.373859405517578,230,43.84439468383789,290,FALSE
W02000055,Denbighshire - Ruthin,Denbighshire,0.21814024448394775,163,40.260860443115234,209,20.399707794189453,294,43.836185455322266,291,FALSE
W02000389,Cardiff - Llandaf North,Cardiff,-0.12411371618509293,247,32.74665832519531,265,46.873924255371094,154,43.68951416015625,292,FALSE
W02000262,Rhondda Cynon Taf - Pentre,Rhondda Cynon Taf,-0.8478066921234131,362,35.967994689941406,239,55.764366149902344,118,43.29085922241211,293,FALSE
W02000149,Carmarthenshire - Carmarthen South & Llangynnwr,Carmarthenshire,-0.5615437626838684,333,61.44580841064453,91,13.86954402923584,341,42.87022018432617,294,FALSE
W02000111,Powys - Hay-on-Wye & Talgarth,Powys,0.4411100745201111,107,36.309814453125,238,2.446643352508545,408,42.83155059814453,295,FALSE
W02000177,Swansea - Llansamlet,Swansea,-0.1919156014919281,263,19.295711517333984,353,59.12967300415039,112,42.82390594482422,296,FALSE
W02000414,Powys - Sennybridge & Talybont-on-Usk,Powys,0.04516467824578285,205,44.84733963012695,174,20.280773162841797,295,42.730491638183594,297,FALSE
W02000341,"Monmouthshire - Usk, Goytre & Llangybi Fawr",Monmouthshire,0.22079913318157196,162,45.55352020263672,167,6.423869609832764,390,42.59968948364258,298,FALSE
W02000076,"Flintshire - Leeswood, Treuddyn & Gwernaffield",Flintshire,0.18048882484436035,171,17.913087844848633,363,42.39938735961914,170,42.58869552612305,299,FALSE
W02000139,Pembrokeshire - Pembroke East & Manorbier,Pembrokeshire,0.4183542728424072,111,30.934185028076172,280,12.891536712646484,344,42.22343444824219,300,FALSE
W02000213,Neath Port Talbot - Baglan,Neath Port Talbot,-0.628541886806488,343,16.696475982666016,371,67.95673370361328,85,41.777076721191406,301,FALSE
W02000053,Denbighshire - Denbigh East & Pentre Llanrhaeadr,Denbighshire,-0.06146109104156494,224,44.43256378173828,178,22.388660430908203,280,41.404850006103516,302,FALSE
W02000066,Flintshire - Shotton & Garden City,Flintshire,-0.5291695594787598,327,39.51213455200195,220,46.788604736328125,155,41.39379119873047,303,FALSE
W02000280,Rhondda Cynon Taf - Bryn-cae & Llanharan,Rhondda Cynon Taf,0.2900048792362213,146,14.319173812866211,382,34.93548583984375,202,41.12226867675781,304,FALSE
W02000300,Caerphilly - Pontllan-fraith,Caerphilly,0.1087915375828743,187,25.559282302856445,313,37.15275955200195,194,41.01085662841797,305,FALSE
W02000287,Merthyr Tydfil - Pentre-bach & Mountain Hare,Merthyr Tydfil,-0.20987549424171448,268,43.43441390991211,186,30.550731658935547,228,41.00969696044922,306,FALSE
W02000123,Ceredigion - Lampeter & Llanfihangel Ystrad,Ceredigion,0.12670212984085083,184,47.399330139160156,157,4.4135332107543945,401,40.493385314941406,307,FALSE
W02000205,Neath Port Talbot - Neath Abbey,Neath Port Talbot,-0.9536977410316467,372,34.59519577026367,249,53.96824645996094,126,40.288848876953125,308,FALSE
W02000158,Carmarthenshire - Yr Hendy & TÅ·-croes,Carmarthenshire,-0.4368661940097809,310,31.996627807617188,271,50.228092193603516,140,40.16777801513672,309,FALSE
W02000325,Torfaen - Trefethin & Pen-y-garn,Torfaen,-0.06555689126253128,227,34.93548583984375,248,33.69208908081055,212,39.918540954589844,310,FALSE
W02000005,Isle of Anglesey - Beaumaris & Benllech,Isle of Anglesey,0.32929834723472595,134,34.134769439697266,255,12.079934120178223,348,39.896297454833984,311,FALSE
W02000372,"Cardiff - Radyr, Morganstown & Gwaelod-y-garth",Cardiff,0.554125964641571,89,12.454970359802246,393,14.281317710876465,337,39.86082458496094,312,FALSE
W02000310,Caerphilly - Machen,Caerphilly,-1.611069917678833,403,20.935256958007813,337,66.509857177734375,91,38.80173110961914,313,FALSE
W02000295,Caerphilly - Oakdale & Pen-twyn,Caerphilly,0.09156672656536102,191,15.972116470336914,374,41.02378845214844,176,38.679420471191406,314,FALSE
W02000241,The Vale of Glamorgan - Penarth,The Vale of Glamorgan,0.41845783591270447,110,28.763036727905273,292,5.896175384521484,393,38.4461784362793,315,FALSE
W02000132,Pembrokeshire - Narberth,Pembrokeshire,0.3387855589389801,132,31.862733840942383,272,10.848011016845703,354,38.382686614990234,316,FALSE
W02000309,Caerphilly - Bedwas & Trethomas,Caerphilly,-0.12282882630825043,245,16.981414794921875,369,50.011474609375,141,38.33413314819336,317,FALSE
W02000010,Gwynedd - Bangor City,Gwynedd,-0.3594680428504944,294,55.57764434814453,112,7.151275634765625,387,38.24270248413086,318,FALSE
W02000152,Carmarthenshire - Llandybie & Saron,Carmarthenshire,-0.1783805787563324,260,44.81523132324219,175,21.09891128540039,288,37.78147888183594,319,FALSE
W02000232,Bridgend - Brackla East & Coychurch Lower,Bridgend,-0.4436129033565521,312,17.386247634887695,367,58.69096755981445,114,37.70994186401367,320,FALSE
W02000253,Rhondda Cynon Taf - Aberdare North & Llwydcoed,Rhondda Cynon Taf,-0.8058139085769653,356,42.940574645996094,190,36.23075485229492,195,37.61502456665039,321,FALSE
W02000350,Newport - Langstone & Llan-wern,Newport,0.37075841426849365,127,18.606199264526367,355,20.43451690673828,293,37.4932975769043,322,FALSE
W02000353,Newport - St Julians & Barnardtown,Newport,-1.476556420326233,401,14.436058044433594,381,67.93787384033203,86,37.365055084228516,323,FALSE
W02000311,Caerphilly - Caerphilly East,Caerphilly,-0.3049798607826233,279,28.719261169433594,293,43.05157470703125,165,37.11457443237305,324,FALSE
W02000237,The Vale of Glamorgan - Ogmore-by-Sea & Llandow,The Vale of Glamorgan,0.1915571391582489,169,33.057464599609375,264,18.94791030883789,304,36.9931640625,325,FALSE
W02000009,Isle of Anglesey - Newborough,Isle of Anglesey,0.37911298871040344,124,24.585397720336914,317,12.214097023010254,347,36.75724411010742,326,FALSE
W02000248,The Vale of Glamorgan - Barry East,The Vale of Glamorgan,-0.11497482657432556,244,43.80949783325195,184,18.487659454345703,306,36.71723175048828,327,FALSE
W02000238,The Vale of Glamorgan - Cowbridge,The Vale of Glamorgan,0.17445634305477142,172,36.66618728637695,232,12.521354675292969,346,36.58198928833008,328,FALSE
W02000367,Cardiff - Lisvane,Cardiff,0.4035850167274475,120,12.141101837158203,395,20.48720932006836,292,36.40283966064453,329,FALSE
W02000019,Gwynedd - Porthmadog,Gwynedd,-0.17506209015846252,259,48.932899475097656,145,8.922834396362305,371,36.330657958984375,330,FALSE
W02000251,The Vale of Glamorgan - Barry Island,The Vale of Glamorgan,-0.40161073207855225,306,48.367916107177734,148,17.23535919189453,315,35.81251525878906,331,FALSE
W02000285,"Merthyr Tydfil - Cefncoedycymer, Heolgerrig & Park",Merthyr Tydfil,-0.1995147466659546,265,39.912593841552734,214,26.417530059814453,254,35.66899108886719,332,FALSE
W02000374,Cardiff - Cyncoed North,Cardiff,0.31568875908851624,142,5.544241905212402,405,26.643550872802734,252,35.422611236572266,333,FALSE
W02000217,Neath Port Talbot - Port Talbot South & Margam,Neath Port Talbot,-1.2494862079620361,391,25.797340393066406,311,55.65974426269531,119,35.3908805847168,334,FALSE
W02000034,Conwy - Upper Colwyn Bay,Conwy,0.07076473534107208,196,27.00108528137207,307,27.767005920410156,247,34.94669723510742,335,FALSE
W02000357,Newport - Maendy,Newport,-1.3906627893447876,398,37.40835952758789,230,44.085289001464844,162,34.93714141845703,336,FALSE
W02000069,"Flintshire - Buckley North, Northop & Sychdyn",Flintshire,-0.3079885244369507,282,9.445240020751953,397,51.74568176269531,135,34.458412170410156,337,FALSE
W02000054,Denbighshire - Llandyrnog & Llanarmon-yn-IÃ¢l,Denbighshire,-0.596981406211853,339,45.36012649536133,170,23.63033676147461,269,33.96364974975586,338,FALSE
W02000083,Wrexham - Coedpoeth & Brymbo,Wrexham,0.0878380835056305,192,24.214675903320312,318,26.012069702148438,256,33.80290222167969,339,FALSE
W02000361,Newport - Liswerry & Uskmouth,Newport,-0.08404038846492767,234,22.623979568481445,326,34.82954025268555,205,33.79517364501953,340,FALSE
W02000028,Conwy - Llandudno South,Conwy,-0.39905014634132385,305,35.33834457397461,246,33.99380111694336,210,33.63323974609375,341,FALSE
W02000216,Neath Port Talbot - Port Talbot East,Neath Port Talbot,-0.18082699179649353,262,34.555877685546875,250,28.874073028564453,241,33.60421371459961,342,FALSE
W02000270,Rhondda Cynon Taf - Pontypridd East & Cilfynydd,Rhondda Cynon Taf,-1.144420862197876,382,24.028980255126953,319,53.30515670776367,129,33.5517692565918,343,FALSE
W02000073,Flintshire - Mold,Flintshire,0.401523232460022,121,15.309561729431152,376,11.72398567199707,349,33.29392623901367,344,FALSE
W02000171,Swansea - Llangyfelach & Tircoed,Swansea,0.031059755012392998,208,27.12901496887207,304,26.60150909423828,253,33.2890739440918,345,FALSE
W02000204,Neath Port Talbot - Cadoxton & Bryn-coch,Neath Port Talbot,-0.334518164396286,288,23.634183883666992,321,41.5012321472168,173,33.264305114746094,346,FALSE
W02000114,"Powys - Crickhowell, Llangynidr & Llangorse",Powys,0.23330943286418915,159,29.238019943237305,288,10.492918968200684,356,32.80549240112305,347,FALSE
W02000070,Flintshire - Ewloe & Hawarden,Flintshire,-0.06349259614944458,226,2.856773853302002,410,40.80886459350586,177,32.671722412109375,348,FALSE
W02000104,Powys - Newtown North,Powys,-0.36327919363975525,297,39.77526092529297,215,24.969575881958008,260,32.4541130065918,349,FALSE
W02000400,Cardiff - Pontcanna,Cardiff,-2.2578036785125732,410,49.959312438964844,136,19.832822799682617,298,32.31041717529297,350,FALSE
W02000254,Rhondda Cynon Taf - Aberdare West,Rhondda Cynon Taf,-0.7362238764762878,352,42.372379302978516,197,27.435020446777344,249,31.545236587524414,351,FALSE
W02000093,Wrexham - Ruabon & Marchwiel,Wrexham,-1.1254322528839111,381,20.313051223754883,340,52.03022003173828,133,31.48458480834961,352,FALSE
W02000298,Caerphilly - Blackwood,Caerphilly,-0.5560048222541809,332,12.162179946899414,394,52.370723724365234,132,31.430158615112305,353,FALSE
W02000269,Rhondda Cynon Taf - Tonypandy East,Rhondda Cynon Taf,-0.5051456093788147,323,30.963289260864258,279,35.245079040527344,199,30.696388244628906,354,FALSE
W02000276,Rhondda Cynon Taf - Church Village East & Ton-teg,Rhondda Cynon Taf,-0.38826173543930054,303,13.040990829467773,389,47.106712341308594,153,30.50012969970703,355,FALSE
W02000344,Monmouthshire - Caldicot North & Caer-went,Monmouthshire,-0.02139144390821457,214,33.62818908691406,259,15.72745418548584,328,30.39444923400879,356,FALSE
W02000281,Rhondda Cynon Taf - Llantrisant & Talbot Green,Rhondda Cynon Taf,-0.2985653281211853,278,19.93317985534668,347,37.50086975097656,192,29.956085205078125,357,FALSE
W02000359,Newport - Victoria & Somerton,Newport,-0.9772661924362183,375,40.16777038574219,211,27.18037223815918,251,28.38004493713379,358,FALSE
W02000385,Cardiff - Cyncoed South & Roath Park,Cardiff,0.058036550879478455,202,8.103681564331055,400,27.413984298706055,250,27.9842586517334,359,FALSE
W02000376,Cardiff - Tongwynlais & Coryton,Cardiff,-0.15230681002140045,252,37.578277587890625,228,11.385600090026855,352,27.98125457763672,360,FALSE
W02000012,Gwynedd - Bethesda,Gwynedd,0.0929318368434906,190,29.30483055114746,287,8.620109558105469,375,27.70645523071289,361,FALSE
W02000244,The Vale of Glamorgan - Lower Penarth & Sully,The Vale of Glamorgan,0.06087815761566162,200,27.005361557006836,306,14.262357711791992,338,27.45990753173828,362,FALSE
W02000378,Cardiff - Rhiwbina Village,Cardiff,0.24382714927196503,156,7.570696830749512,401,15.044363975524902,333,27.23274803161621,363,FALSE
W02000004,Isle of Anglesey - Llain-goch & Valley,Isle of Anglesey,-0.307245671749115,281,27.021486282348633,305,28.089996337890625,246,27.053401947021484,364,FALSE
W02000421,"Ceredigion - Rheidol, Ystwyth & Caron",Ceredigion,0.08620510995388031,193,32.658756256103516,267,2.317697286605835,409,27.015607833862305,365,FALSE
W02000261,Rhondda Cynon Taf - Treorchy,Rhondda Cynon Taf,-0.4689885675907135,316,33.11745834350586,263,26.185121536254883,255,26.936073303222656,366,FALSE
W02000147,Carmarthenshire - Carmarthen West & Cynwyl Elfed,Carmarthenshire,-0.3809692859649658,300,42.8023681640625,194,9.49647331237793,364,26.91074562072754,367,FALSE
W02000191,Swansea - Uplands,Swansea,-1.3147119283676147,395,44.967594146728516,173,17.770824432373047,312,26.736555099487305,368,FALSE
W02000230,"Bridgend - Pen-y-fai, Laleston & Merthyr Mawr",Bridgend,-1.3243523836135864,397,21.036958694458008,336,44.32993698120117,161,26.551082611083984,369,FALSE
W02000118,Ceredigion - Aberystwyth South,Ceredigion,-0.8174881935119629,358,35.492652893066406,243,27.723085403442383,248,26.520193099975586,370,FALSE
W02000050,Denbighshire - Rhuddlan & Bodelwyddan,Denbighshire,-0.524962306022644,326,20.153926849365234,343,37.24604415893555,193,26.49173927307129,371,FALSE
W02000016,Gwynedd - Caernarfon West & Waunfawr,Gwynedd,-0.3153199553489685,284,40.179351806640625,210,8.995109558105469,368,26.12025260925293,372,FALSE
W02000326,Torfaen - Pontypool,Torfaen,-0.16521583497524261,256,31.38190460205078,275,16.74080467224121,317,25.766115188598633,373,FALSE
W02000366,Newport - Marshfield,Newport,-0.10154887288808823,240,12.747382164001465,390,28.892444610595703,240,25.595382690429687,374,FALSE
W02000240,The Vale of Glamorgan - Llandough & Cogan,The Vale of Glamorgan,-0.18008781969547272,261,17.688411712646484,365,29.459735870361328,238,25.394535064697266,375,FALSE
W02000131,Pembrokeshire - Haverfordwest South,Pembrokeshire,-0.11303778737783432,242,22.60914421081543,327,20.77552604675293,289,25.2078914642334,376,FALSE
W02000386,Cardiff - Whitchurch,Cardiff,0.2031039297580719,167,17.913087844848633,363,7.9438066482543945,383,24.760955810546875,377,FALSE
W02000080,Wrexham - Llay South & Gwersyllt East,Wrexham,-0.3169873058795929,285,14.228507995605469,383,32.7527961730957,215,24.602027893066406,378,FALSE
W02000420,"Wrexham - Gresford, Marford & Rossett",Wrexham,0.17170576751232147,173,18.066490173339844,361,7.853085041046143,384,24.067007064819336,379,FALSE
W02000063,"Flintshire - Caerwys, Halkyn & Nannerch",Flintshire,-0.7171694040298462,350,22.39879608154297,328,33.341209411621094,214,23.56853485107422,380,FALSE
W02000394,Cardiff - Cathays North,Cardiff,-0.9330873489379883,369,16.759599685668945,370,39.439693450927734,180,23.523019790649414,381,FALSE
W02000277,Rhondda Cynon Taf - Taff's Well & Nantgarw,Rhondda Cynon Taf,-0.4643508493900299,313,28.016708374023438,299,23.709739685058594,268,23.122314453125,382,FALSE
W02000302,Caerphilly - Ystrad Mynach & Nelson,Caerphilly,-0.1707632839679718,257,17.44289779663086,366,23.87945556640625,267,23.082292556762695,383,FALSE
W02000164,Carmarthenshire - Llanelli West,Carmarthenshire,-0.6789953112602234,347,35.46924591064453,244,18.31800079345703,307,22.304473876953125,384,FALSE
W02000396,Cardiff - Roath,Cardiff,-1.176284909248352,385,28.330957412719727,298,29.893020629882812,234,21.562397003173828,385,FALSE
W02000133,"Pembrokeshire - Johnston, Broad Haven & St Ishmaels",Pembrokeshire,0.012333594262599945,210,20.176002502441406,342,8.368668556213379,376,21.41634178161621,386,FALSE
W02000406,Cardiff - Canton,Cardiff,-0.6545982360839844,345,42.73817443847656,195,3.2937254905700684,406,21.1403865814209,387,FALSE
W02000335,Torfaen - Llantarnam & Oakfield,Torfaen,-0.17300406098365784,258,18.171579360961914,359,19.469100952148437,300,20.793848037719727,388,FALSE
W02000391,Cardiff - Gabalfa,Cardiff,-0.2523723542690277,274,19.33629608154297,352,19.537925720214844,299,19.95545196533203,389,FALSE
W02000129,"Pembrokeshire - Crundale, Clynderwen & Maenclochog",Pembrokeshire,-0.3318166434764862,287,31.327999114990234,276,8.96745777130127,369,19.647249221801758,390,FALSE
W02000422,Cardiff - Cardiff Bay,Cardiff,-1.1875089406967163,387,39.97404861450195,213,10.539350509643555,355,19.59357452392578,391,FALSE
W02000194,Swansea - Sketty,Swansea,-0.5555932521820068,331,20.674182891845703,339,24.790102005004883,263,19.43099594116211,392,FALSE
W02000108,"Powys - Rhayader, Newbridge-on-Wye & Elan Valley",Powys,-0.3518434464931488,293,30.447206497192383,281,10.380067825317383,359,19.396289825439453,393,FALSE
W02000401,Cardiff - Victoria Park,Cardiff,-0.9277098178863525,367,28.553316116333008,295,22.756977081298828,276,19.147802352905273,394,FALSE
W02000088,Wrexham - Wrexham West,Wrexham,-1.2622205018997192,392,29.466323852539063,286,23.38809585571289,271,18.765300750732422,395,FALSE
W02000313,Caerphilly - Caerphilly South,Caerphilly,-0.11371604353189468,243,12.709610939025879,391,16.087173461914063,320,18.74293327331543,396,FALSE
W02000395,Cardiff - Pen-y-lan South,Cardiff,-1.1608874797821045,384,29.490354537963867,285,22.47411346435547,278,18.736249923706055,397,FALSE
W02000387,Cardiff - Birchgrove,Cardiff,-0.3509170711040497,291,8.129960060119629,399,24.1978816986084,265,18.476669311523438,398,FALSE
W02000272,Rhondda Cynon Taf - Pontypridd West,Rhondda Cynon Taf,-0.812432050704956,357,39.09324645996094,224,7.4721598625183105,385,18.4483585357666,399,FALSE
W02000239,The Vale of Glamorgan - Peterston-super-Ely & Wenvoe,The Vale of Glamorgan,-0.38475847244262695,301,29.17934226989746,289,9.5215425491333,363,17.89801788330078,400,FALSE
W02000347,Newport - Caerleon,Newport,-0.5736894607543945,335,15.211492538452148,378,21.851318359375,283,15.024834632873535,401,FALSE
W02000380,"Cardiff - Creigiau, Pentyrch & St Fagans",Cardiff,-0.4358936548233032,309,14.118110656738281,384,19.241025924682617,303,14.952499389648438,402,FALSE
W02000011,Gwynedd - Bangor South,Gwynedd,-0.8420112729072571,361,20.253456115722656,341,19.8745174407959,297,14.573688507080078,403,FALSE
W02000390,Cardiff - Pen-y-lan North,Cardiff,-0.8219210505485535,360,8.452906608581543,398,25.84434700012207,258,14.310746192932129,404,FALSE
W02000384,Cardiff - Heath,Cardiff,-0.7195780873298645,351,4.6540985107421875,407,23.415008544921875,270,13.348608016967773,405,FALSE
W02000358,Newport - Ridgeway & Glasllwch,Newport,-1.6974576711654663,406,13.350640296936035,386,24.897703170776367,261,12.011185646057129,406,FALSE
W02000242,The Vale of Glamorgan - Dinas Powys,The Vale of Glamorgan,-0.5300918221473694,328,16.587329864501953,373,12.778172492980957,345,11.313675880432129,407,FALSE
W02000014,Gwynedd - Llanberis & Deiniolen,Gwynedd,-1.1242296695709229,380,27.889739990234375,300,8.899194717407227,372,11.202908515930176,408,FALSE
W02000392,Cardiff - Llandaf & Danescourt,Cardiff,-0.5664942860603333,334,13.104096412658691,388,9.42231273651123,366,8.66314697265625,409,FALSE
W02000085,"Wrexham - Town North, University & Rhos-ddu",Wrexham,-0.9780104756355286,376,18.20907974243164,358,7.945121765136719,382,6.828728675842285,410,FALSE
