soa_code,IMD_rank,Income_rank,Employment_rank,Health_rank,Education_rank,Access_rank,Environment_rank,Crime_rank,IMD_decile,Income_decile,Employment_decile,Health_decile,Education_decile,Access_decile,Environment_decile,Crime_decile
95AA01S1,824,890,890,890,714,167,885,890,10,10,10,10,9,2,10,10
95AA01S2,666,775,619,662,704,121,585,741,8,9,7,8,8,2,7,9
95AA01S3,366,758,178,276,441,193,415,522,5,9,2,4,5,3,5,6
95AA02W1,370,392,346,270,305,629,204,348,5,5,4,4,4,8,3,4
95AA03W1,185,279,207,149,123,509,100,222,3,4,3,2,2,6,2,3
95AA04W1,695,795,769,823,687,110,661,337,8,9,9,10,8,2,8,4
95AA05W1,668,647,666,541,741,205,530,808,8,8,8,7,9,3,6,10
95AA06S1,655,579,645,646,638,247,672,579,8,7,8,8,8,3,8,7
95AA06S2,557,529,532,601,492,282,699,226,7,6,6,7,6,4,8,3
95AA07W1,570,568,617,501,423,242,453,651,7,7,7,6,5,3,6,8
95AA08W1,111,165,86,148,148,420,234,43,2,2,1,2,2,5,3,1
95AA09W1,305,239,304,304,234,701,256,362,4,3,4,4,3,8,3,5
95AA10W1,326,267,308,339,321,587,341,154,4,3,4,4,4,7,4,2
95AA11S1,615,605,581,480,472,696,441,232,7,7,7,6,6,8,5,3
95AA11S2,775,803,730,730,646,602,722,346,9,10,9,9,8,7,9,4
95AA12W1,729,830,762,851,807,89,743,694,9,10,9,10,10,1,9,8
95AA13S1,641,650,545,548,707,342,469,479,8,8,7,7,8,4,6,6
95AA13S2,624,452,565,571,587,552,551,600,8,6,7,7,7,7,7,7
95AA14W1,652,740,575,572,783,149,464,804,8,9,7,7,9,2,6,10
95AA15S1,534,589,589,321,375,523,421,300,6,7,7,4,5,6,5,4
95AA15S2,345,405,484,268,206,339,215,239,4,5,6,4,3,4,3,3
95AA16W1,208,258,217,175,110,672,299,238,3,3,3,2,2,8,4,3
95AA17W1,360,386,423,293,197,636,347,163,5,5,5,4,3,8,4,2
95AA18W1,833,819,826,836,826,338,808,526,10,10,10,10,10,4,10,6
95AA19W1,416,381,440,539,396,130,618,661,5,5,5,7,5,2,7,8
95BB01S1,747,743,787,773,759,208,788,531,9,9,9,9,9,3,9,6
95BB01S2,728,770,702,689,629,279,844,567,9,9,8,8,8,4,10,7
95BB02W1,292,288,293,327,238,658,76,274,4,4,4,4,3,8,1,4
95BB03S1,333,396,303,511,202,164,512,423,4,5,4,6,3,2,6,5
95BB03S2,646,670,633,766,577,135,625,697,8,8,8,9,7,2,8,8
95BB04S1,608,538,510,440,711,824,232,338,7,7,6,5,8,10,3,4
95BB04S2,801,832,718,803,794,379,664,519,9,10,9,10,9,5,8,6
95BB05S1,606,660,557,668,724,104,367,765,7,8,7,8,9,2,5,9
95BB05S2,519,642,421,637,451,115,490,757,6,8,5,8,6,2,6,9
95BB06W1,167,168,173,190,167,815,94,83,2,2,2,3,2,10,2,1
95BB07S1,391,378,411,313,455,726,159,114,5,5,5,4,6,9,2,2
95BB07S2,693,683,574,708,452,538,665,725,8,8,7,8,6,7,8,9
95BB08S1,296,213,358,326,146,679,411,421,4,3,5,4,2,8,5,5
95BB08S2,858,847,797,805,728,492,647,873,10,10,9,10,9,6,8,10
95BB09S1,779,771,660,760,818,453,593,698,9,9,8,9,10,6,7,8
95BB09S2,812,764,794,751,817,486,445,707,10,9,9,9,10,6,5,8
95BB10S1,433,424,536,570,437,371,89,107,5,5,7,7,5,5,1,2
95BB10S2,759,760,776,824,800,207,604,847,9,9,9,10,9,3,7,10
95BB11S1,257,256,335,410,98,294,301,435,3,3,4,5,2,4,4,5
95BB11S2,523,555,516,405,484,295,259,677,6,7,6,5,6,4,3,8
95BB12S1,161,145,227,300,72,740,34,172,2,2,3,4,1,9,1,2
95BB12S2,690,616,728,813,540,317,607,407,8,7,9,10,7,4,7,5
95BB13S1,607,431,642,664,482,361,636,574,7,5,8,8,6,5,8,7
95BB13S2,335,352,269,375,214,649,194,508,4,4,4,5,3,8,3,6
95BB13S3,740,784,604,764,535,494,762,649,9,9,7,9,7,6,9,8
95BB14S1,719,788,821,846,843,101,257,866,9,9,10,10,10,2,3,10
95BB14S2,727,837,833,863,801,64,757,624,9,10,10,10,9,1,9,8
95BB15S1,548,639,488,661,615,92,313,779,7,8,6,8,7,2,4,9
95BB15S2,343,305,390,312,335,251,446,329,4,4,5,4,4,3,6,4
95BB16S1,827,875,818,850,822,253,637,756,10,10,10,10,10,3,8,9
95BB16S2,850,855,854,853,833,258,812,849,10,10,10,10,10,3,10,10
95BB17S1,639,636,699,592,355,412,470,603,8,8,8,7,4,5,6,7
95BB17S2,513,435,530,613,395,248,526,564,6,5,6,7,5,3,6,7
95BB18S1,226,231,287,189,168,252,438,363,3,3,4,3,2,3,5,5
95BB18S2,726,765,725,732,603,234,658,752,9,9,9,9,7,3,8,9
95BB19S1,678,751,635,573,511,553,370,379,8,9,8,7,6,7,5,5
95BB19S2,837,852,815,832,725,332,840,820,10,10,10,10,9,4,10,10
95BB19S3,832,838,770,723,716,444,847,859,10,10,9,9,9,5,10,10
95BB20S1,444,499,398,488,420,173,357,613,5,6,5,6,5,2,5,7
95BB20S2,159,175,119,135,249,254,423,360,2,2,2,2,3,3,5,5
95BB21S1,253,399,294,242,145,90,531,713,3,5,4,3,2,2,6,9
95BB21S2,479,587,436,569,456,87,679,696,6,7,5,7,6,1,8,8
95BB22S1,207,315,232,294,82,391,147,181,3,4,3,4,1,5,2,3
95BB22S2,150,171,165,225,80,548,68,245,2,2,2,3,1,7,1,3
95BB23S1,810,836,698,812,749,592,613,422,10,10,8,10,9,7,7,5
95BB23S2,825,856,774,820,739,333,837,701,10,10,9,10,9,4,10,8
95CC01W1,337,346,253,279,317,476,436,477,4,4,3,4,4,6,5,6
95CC02W1,442,447,430,417,611,102,579,616,5,6,5,5,7,2,7,7
95CC03W1,106,90,195,70,114,459,241,93,2,2,3,1,2,6,3,2
95CC04W1,369,404,340,399,422,117,308,692,5,5,4,5,5,2,4,8
95CC05W1,488,448,454,469,652,127,773,750,6,6,6,6,8,2,9,9
95CC06S1,714,652,692,702,721,415,845,240,9,8,8,8,9,5,10,3
95CC06S2,583,478,493,428,640,514,619,511,7,6,6,5,8,6,7,6
95CC07W1,430,362,480,495,536,99,706,559,5,5,6,6,7,2,8,7
95CC08W1,270,183,267,188,414,654,372,376,4,3,3,3,5,8,5,5
95CC09S1,724,817,723,754,706,129,746,855,9,10,9,9,8,2,9,10
95CC09S2,643,656,551,617,624,191,853,814,8,8,7,7,8,3,10,10
95CC10W1,702,693,672,663,760,187,755,774,8,8,8,8,9,3,9,9
95CC11W1,191,142,222,241,220,305,409,202,3,2,3,3,3,4,5,3
95CC12W1,478,572,474,381,580,100,652,660,6,7,6,5,7,2,8,8
95CC13W1,450,566,555,492,508,40,437,604,6,7,7,6,6,1,5,7
95CC14W1,592,621,468,457,585,256,866,784,7,7,6,6,7,3,10,9
95CC15W1,494,577,447,506,636,67,704,755,6,7,6,6,8,1,8,9
95CC16W1,372,368,314,387,364,226,686,414,5,5,4,5,5,3,8,5
95CC17W1,552,594,578,510,563,142,387,596,7,7,7,6,7,2,5,7
95CC18W1,530,524,452,334,645,513,484,270,6,6,6,4,8,6,6,4
95CC19W1,414,507,376,411,573,118,420,425,5,6,5,5,7,2,5,5
95CC20S1,782,773,714,700,771,340,870,872,9,9,9,8,9,4,10,10
95CC20S2,595,611,467,333,630,438,878,699,7,7,6,4,8,5,10,8
95CC21W1,541,481,464,490,444,480,795,352,7,6,6,6,5,6,9,4
95CC22W1,359,407,296,198,381,609,190,606,5,5,4,3,5,7,3,7
95DD01W1,689,644,624,607,808,393,319,618,8,8,8,7,10,5,4,7
95DD02S1,542,496,616,396,460,272,384,818,7,6,7,5,6,4,5,10
95DD02S2,770,772,763,721,740,274,772,842,9,9,9,9,9,4,9,10
95DD03W1,820,787,811,797,766,383,646,716,10,9,10,9,9,5,8,9
95DD04W1,94,96,121,169,32,567,169,209,2,2,2,2,1,7,2,3
95DD05W1,146,116,179,264,84,498,254,134,2,2,3,3,1,6,3,2
95DD06W1,860,825,808,842,836,404,798,714,10,10,10,10,10,5,9,9
95DD07S1,717,617,671,742,701,343,509,864,9,7,8,9,8,4,6,10
95DD07S2,749,655,800,672,733,314,756,773,9,8,9,8,9,4,9,9
95DD08W1,196,243,301,160,192,778,9,88,3,3,4,2,3,9,1,1
95DD09W1,697,729,691,804,781,166,280,740,8,9,8,10,9,2,4,9
95DD10W1,440,391,413,528,334,327,467,565,5,5,5,6,4,4,6,7
95DD11W1,160,138,414,208,73,559,84,16,2,2,5,3,1,7,1,1
95DD12W1,569,726,580,736,677,56,151,869,7,9,7,9,8,1,2,10
95DD13W1,214,203,220,318,174,757,104,109,3,3,3,4,2,9,2,2
95DD14S1,739,723,690,776,656,313,581,813,9,9,8,9,8,4,7,10
95DD14S2,871,879,844,879,860,324,841,871,10,10,10,10,10,4,10,10
95DD15W1,537,606,598,642,641,32,621,836,7,7,7,8,8,1,7,10
95DD16W1,630,752,717,711,712,53,298,737,8,9,9,8,8,1,4,9
95DD17W1,647,691,715,825,752,44,634,889,8,8,9,10,9,1,8,10
95DD18W1,266,294,244,373,260,662,38,189,3,4,3,5,3,8,1,3
95DD19S1,455,518,499,441,298,257,412,457,6,6,6,5,4,3,5,6
95DD19S2,734,750,738,747,757,200,478,870,9,9,9,9,9,3,6,10
95DD20W1,131,157,161,222,91,729,17,135,2,2,2,3,2,9,1,2
95DD21W1,650,610,835,698,425,639,160,178,8,7,10,8,5,8,2,2
95DD22S1,575,597,459,728,653,165,323,673,7,7,6,9,8,2,4,8
95DD22S2,448,401,369,536,486,215,609,630,6,5,5,7,6,3,7,8
95DD23W1,631,734,740,755,693,69,152,843,8,9,9,9,8,1,2,10
95DD24W1,710,619,719,616,606,524,586,513,8,7,9,7,7,6,7,6
95EE01W1,387,449,549,556,402,10,645,881,5,6,7,7,5,1,8,10
95EE02W1,319,295,307,379,307,125,601,721,4,4,4,5,4,2,7,9
95EE03W1,327,261,247,345,308,603,480,398,4,3,3,4,4,7,6,5
95EE04W1,535,498,595,591,405,160,565,653,7,6,7,7,5,2,7,8
95EE05W1,497,501,377,605,554,219,431,581,6,6,5,7,7,3,5,7
95EE06W1,483,474,504,500,465,128,597,883,6,6,6,6,6,2,7,10
95EE07W1,373,309,338,340,295,517,396,655,5,4,4,4,4,6,5,8
95EE08W1,562,541,325,579,681,755,320,399,7,7,4,7,8,9,4,5
95EE09W1,381,375,359,463,398,123,332,771,5,5,5,6,5,2,4,9
95EE10W1,466,461,621,627,318,91,527,684,6,6,7,8,4,2,6,8
95EE11W1,404,545,374,677,459,62,140,810,5,7,5,8,6,1,2,10
95EE12W1,205,186,185,164,177,702,302,593,3,3,3,2,2,8,4,7
95EE13W1,315,283,164,395,532,670,262,248,4,4,2,5,6,8,3,3
95EE14W1,496,451,479,472,454,255,573,629,6,6,6,6,6,3,7,8
95EE15W1,388,455,478,535,391,47,196,876,5,6,6,7,5,1,3,10
95EE16W1,533,532,491,566,522,144,518,854,6,6,6,7,6,2,6,10
95FF01S1,764,762,664,707,668,515,705,730,9,9,8,8,8,6,8,9
95FF01S2,804,748,768,786,756,490,815,420,10,9,9,9,9,6,10,5
95FF02W1,456,570,546,638,434,38,334,828,6,7,7,8,5,1,4,10
95FF03W1,412,388,373,336,365,539,460,543,5,5,5,4,5,7,6,7
95FF04W1,596,675,553,640,655,96,496,781,7,8,7,8,8,2,6,9
95FF05W1,492,420,567,451,390,366,356,527,6,5,7,6,5,5,4,6
95FF06S1,627,588,593,471,621,319,610,538,8,7,7,6,7,4,7,7
95FF06S2,790,794,783,768,796,243,740,863,9,9,9,9,9,3,9,10
95FF07W1,203,260,200,158,153,619,342,143,3,3,3,2,2,7,4,2
95FF08W1,454,428,412,281,549,585,417,365,6,5,5,4,7,7,5,5
95FF09W1,265,313,206,282,245,299,623,264,3,4,3,4,3,4,7,3
95FF10W1,540,668,585,567,688,25,744,835,7,8,7,7,8,1,9,10
95FF11W1,474,665,625,704,579,12,201,827,6,8,8,8,7,1,3,10
95FF12W1,398,548,236,369,506,233,598,431,5,7,3,5,6,3,7,5
95FF13W1,574,614,487,525,530,221,739,530,7,7,6,6,6,3,9,6
95FF14W1,671,703,601,598,758,184,536,812,8,8,7,7,9,3,7,10
95FF15W1,341,314,416,305,265,211,515,490,4,4,5,4,3,3,6,6
95FF16W1,662,602,507,543,729,556,499,641,8,7,6,7,9,7,6,8
95FF17W1,155,210,153,106,215,752,117,37,2,3,2,2,3,9,2,1
95GG01S1,276,269,177,187,416,802,414,311,4,4,2,3,5,10,5,4
95GG01S2,165,181,112,126,225,888,214,176,2,3,2,2,3,10,3,2
95GG01S3,209,214,137,136,349,859,213,345,3,3,2,2,4,10,3,4
95GG02S1,43,38,46,40,70,842,22,223,1,1,1,1,1,10,1,3
95GG02S2,42,39,52,43,68,801,12,142,1,1,1,1,1,9,1,2
95GG02S3,9,3,21,6,45,862,70,67,1,1,1,1,1,10,1,1
95GG03S1,785,701,845,693,844,865,238,288,9,8,10,8,10,10,3,4
95GG03S2,768,709,810,625,793,843,310,297,9,8,10,8,9,10,4,4
95GG03S3,563,458,675,447,545,872,163,145,7,6,8,6,7,10,2,2
95GG04S1,75,60,102,90,25,744,149,227,1,1,2,2,1,9,2,3
95GG04S2,50,35,59,58,34,814,110,330,1,1,1,1,1,10,2,4
95GG04S3,23,53,48,23,4,856,25,82,1,1,1,1,1,10,1,1
95GG05S1,446,464,650,479,360,795,50,38,6,6,8,6,5,9,1,1
95GG05S2,589,526,747,667,409,646,114,177,7,6,9,8,5,8,2,2
95GG05S3,217,228,408,193,137,719,19,128,3,3,5,3,2,9,1,2
95GG06S1,114,152,93,250,48,554,131,307,2,2,2,3,1,7,2,4
95GG06S2,273,337,242,404,132,630,101,369,4,4,3,5,2,8,2,5
95GG06S3,468,489,562,426,246,542,338,289,6,6,7,5,3,7,4,4
95GG07S1,105,129,104,75,190,877,60,59,2,2,2,1,3,10,1,1
95GG07S2,56,48,51,48,92,884,88,52,1,1,1,1,2,10,1,1
95GG07S3,109,122,84,96,131,816,158,317,2,2,1,2,2,10,2,4
95GG08S1,556,512,462,503,654,400,442,304,7,6,6,6,8,5,5,4
95GG08S2,158,149,160,218,126,742,137,113,2,2,2,3,2,9,2,2
95GG08S3,232,185,261,277,219,656,278,106,3,3,3,4,3,8,4,2
95GG09S1,872,850,867,844,876,611,519,463,10,10,10,10,10,7,6,6
95GG09S2,623,623,544,478,480,525,476,542,7,7,7,6,6,6,6,7
95GG09S3,316,268,448,319,157,618,245,205,4,4,6,4,2,7,3,3
95GG10S1,142,223,215,104,77,804,7,235,2,3,3,2,1,10,1,3
95GG10S2,69,112,90,72,49,839,4,32,1,2,2,1,1,10,1,1
95GG11S1,143,146,273,162,66,869,28,100,2,2,4,2,1,10,1,2
95GG11S2,691,637,748,615,709,807,111,251,8,8,9,7,8,10,2,3
95GG11S3,271,270,406,252,198,838,44,117,4,4,5,3,3,10,1,2
95GG12S1,532,842,872,884,139,847,23,21,6,10,10,10,2,10,1,1
95GG12S2,471,786,877,775,159,788,15,3,6,9,10,9,2,9,1,1
95GG12S3,472,736,873,748,156,818,37,1,6,9,10,9,2,10,1,1
95GG12S4,453,678,802,606,162,873,39,11,6,8,10,7,2,10,1,1
95GG12S5,79,59,152,56,105,806,16,57,1,1,2,1,2,10,1,1
95GG13S1,176,211,190,166,103,689,106,266,2,3,3,2,2,8,2,3
95GG13S2,725,626,709,690,829,714,252,295,9,8,8,8,10,9,3,4
95GG13S3,235,233,171,228,325,645,294,184,3,3,2,3,4,8,4,3
95GG14S1,762,815,674,750,795,632,505,218,9,10,8,9,9,8,6,3
95GG14S2,835,809,838,841,867,723,390,204,10,10,10,10,10,9,5,3
95GG14S3,720,778,669,726,787,437,567,138,9,9,8,9,9,5,7,2
95GG15S1,878,845,870,811,880,664,569,672,10,10,10,10,10,8,7,8
95GG15S2,873,823,862,779,850,794,492,512,10,10,10,9,10,9,6,6
95GG15S3,458,382,383,449,358,771,381,605,6,5,5,6,5,9,5,7
95GG16S1,96,111,109,83,290,861,20,4,2,2,2,1,4,10,1,1
95GG16S2,289,291,312,134,598,812,91,73,4,4,4,2,7,10,2,1
95GG16S3,378,317,444,453,380,767,97,56,5,4,5,6,5,9,2,1
95GG17S1,81,64,87,105,208,826,27,13,1,1,1,2,3,10,1,1
95GG17S2,371,363,356,315,438,798,136,96,5,5,4,4,5,9,2,2
95GG17S3,89,102,82,115,101,685,161,51,1,2,1,2,2,8,2,1
95GG18S1,13,11,15,5,88,851,67,31,1,1,1,1,1,10,1,1
95GG18S2,30,33,26,25,113,889,99,63,1,1,1,1,2,10,2,1
95GG19S1,22,31,33,49,3,885,93,213,1,1,1,1,1,10,2,3
95GG19S2,7,18,5,17,6,857,102,44,1,1,1,1,1,10,2,1
95GG20S1,19,49,29,26,7,799,32,69,1,1,1,1,1,9,1,1
95GG20S2,53,51,45,79,44,827,133,62,1,1,1,1,1,10,2,1
95GG21S1,8,12,12,3,24,880,81,111,1,1,1,1,1,10,1,2
95GG21S2,3,6,4,2,11,858,124,23,1,1,1,1,1,10,2,1
95GG21S3,4,13,10,8,12,868,49,2,1,1,1,1,1,10,1,1
95GG22S1,183,193,192,87,397,837,171,49,3,3,3,1,5,10,2,1
95GG22S2,272,276,174,177,447,849,330,267,4,4,2,2,6,10,4,3
95GG22S3,148,162,103,94,251,845,343,98,2,2,2,2,3,10,4,2
95GG23S1,821,820,791,795,742,512,529,509,10,10,9,9,9,6,6,6
95GG23S2,826,774,759,739,882,712,456,436,10,9,9,9,10,8,6,5
95GG23S3,793,735,798,686,809,623,595,316,9,9,9,8,10,7,7,4
95GG24S1,582,584,531,386,597,808,344,153,7,7,6,5,7,10,4,2
95GG24S2,251,347,231,274,287,783,36,60,3,4,3,4,4,9,1,1
95GG24S3,555,542,563,448,604,746,211,86,7,7,7,6,7,9,3,1
95GG25S1,103,117,60,86,261,768,275,65,2,2,1,1,3,9,4,1
95GG25S2,87,84,31,71,319,811,209,358,1,1,1,1,4,10,3,5
95GG25S3,127,128,122,57,203,775,166,439,2,2,2,1,3,9,2,5
95GG26S1,68,88,65,119,17,447,217,221,1,1,1,2,1,6,3,3
95GG26S2,102,143,80,85,94,680,150,306,2,2,1,1,2,8,2,4
95GG27S1,275,374,319,251,112,301,641,296,4,5,4,3,2,4,8,4
95GG27S2,62,78,39,32,130,424,183,247,1,1,1,1,2,5,3,3
95GG27S3,74,80,35,80,133,659,156,130,1,1,1,1,2,8,2,2
95GG27S4,47,54,38,30,64,682,134,175,1,1,1,1,1,8,2,2
95GG28S1,393,565,323,382,228,353,432,393,5,7,4,5,3,4,5,5
95GG28S2,162,253,101,200,124,651,129,198,2,3,2,3,2,8,2,3
95GG28S3,36,74,32,55,14,593,123,194,1,1,1,1,1,7,2,3
95GG29S1,90,108,182,202,2,774,195,124,2,2,3,3,1,9,3,2
95GG29S2,274,275,443,209,196,860,51,116,4,4,5,3,3,10,1,2
95GG30S1,263,235,211,297,259,627,191,409,3,3,3,4,3,8,3,5
95GG30S2,864,812,831,759,848,758,475,507,10,10,10,9,10,9,6,6
95GG30S3,744,730,684,681,478,749,555,720,9,9,8,8,6,9,7,9
95GG31S1,467,426,364,280,575,736,525,486,6,5,5,4,7,9,6,6
95GG31S2,172,163,111,124,276,721,399,309,2,2,2,2,4,9,5,4
95GG31S3,76,47,53,98,141,763,207,137,1,1,1,2,2,9,3,2
95GG32S1,70,82,68,84,81,352,167,48,1,1,1,1,1,4,2,1
95GG32S2,124,148,129,163,115,644,132,71,2,2,2,2,2,8,2,1
95GG32S3,290,292,193,421,268,678,240,187,4,4,3,5,4,8,3,3
95GG33S1,876,883,861,880,890,641,589,386,10,10,10,10,10,8,7,5
95GG33S2,865,869,849,830,883,663,339,426,10,10,10,10,10,8,4,5
95GG33S3,828,826,846,839,884,830,187,225,10,10,10,10,10,10,3,3
95GG34S1,268,281,210,237,294,735,126,418,4,4,3,3,4,9,2,5
95GG34S2,663,633,498,505,813,756,608,224,8,8,6,6,10,9,7,3
95GG34S3,781,728,742,791,815,781,383,241,9,9,9,9,10,9,5,3
95GG35S1,5,5,8,11,23,886,64,15,1,1,1,1,1,10,1,1
95GG35S2,14,16,17,7,46,887,14,119,1,1,1,1,1,10,1,2
95GG35S3,15,19,20,21,26,890,10,68,1,1,1,1,1,10,1,1
95GG36S1,515,450,609,322,418,796,224,323,6,6,7,4,5,9,3,4
95GG36S2,761,727,733,673,767,692,277,597,9,9,9,8,9,8,4,7
95GG36S3,745,690,772,720,691,655,378,286,9,8,9,9,8,8,5,4
95GG37S1,763,722,832,816,832,676,249,165,9,9,10,10,10,8,3,2
95GG37S2,611,585,735,577,565,776,66,133,7,7,9,7,7,9,1,2
95GG37S3,660,533,712,622,570,741,226,325,8,6,8,7,7,9,3,4
95GG38S1,754,672,823,655,856,642,391,242,9,8,10,8,10,8,5,3
95GG38S2,462,358,522,341,659,732,162,180,6,5,6,4,8,9,2,3
95GG38S3,787,724,851,695,864,667,287,319,9,9,10,8,10,8,4,4
95GG39S1,78,85,172,66,20,834,63,72,1,1,2,1,1,10,1,1
95GG39S2,54,66,99,37,22,871,109,20,1,1,2,1,1,10,2,1
95GG39S3,52,71,67,47,19,874,24,229,1,1,1,1,1,10,1,3
95GG40S1,18,29,37,12,8,875,62,136,1,1,1,1,1,10,1,2
95GG40S2,6,7,13,20,1,878,74,24,1,1,1,1,1,10,1,1
95GG41S1,881,885,863,868,881,428,842,837,10,10,10,10,10,5,10,10
95GG41S2,889,878,881,876,886,541,701,729,10,10,10,10,10,7,8,9
95GG41S3,769,689,756,713,824,727,251,487,9,8,9,9,10,9,3,6
95GG42S1,869,881,883,885,889,312,779,608,10,10,10,10,10,4,9,7
95GG42S2,887,889,889,889,888,738,386,573,10,10,10,10,10,9,5,7
95GG42S3,817,873,888,888,885,634,185,144,10,10,10,10,10,8,3,2
95GG42S4,854,829,865,874,887,427,465,488,10,10,10,10,10,5,6,6
95GG43S1,190,230,142,153,172,610,172,768,3,3,2,2,2,7,2,9
95GG43S2,507,508,520,534,282,773,115,427,6,6,6,6,4,9,2,5
95GG43S3,330,387,481,248,171,803,56,199,4,5,6,3,2,10,1,3
95GG44S1,51,58,105,51,15,854,40,58,1,1,2,1,1,10,1,1
95GG44S2,67,72,133,78,18,848,30,61,1,1,2,1,1,10,1,1
95GG45S1,859,865,860,867,866,390,770,373,10,10,10,10,10,5,9,5
95GG45S2,98,101,74,140,69,686,173,592,2,2,1,2,1,8,2,7
95GG45S3,609,472,543,619,584,599,266,524,7,6,7,7,7,7,3,6
95GG46S1,20,32,16,10,50,743,200,236,1,1,1,1,1,9,3,3
95GG46S2,60,52,58,63,43,762,274,146,1,1,1,1,1,9,4,2
95GG46S3,11,15,3,15,28,823,168,160,1,1,1,1,1,10,2,2
95GG47S1,21,36,25,29,67,876,8,14,1,1,1,1,1,10,1,1
95GG47S2,41,55,28,45,135,855,43,10,1,1,1,1,2,10,1,1
95GG47S3,73,83,69,91,152,863,2,18,1,1,1,2,2,10,1,1
95GG48S1,24,44,11,39,78,866,26,140,1,1,1,1,1,10,1,2
95GG48S2,1,1,1,1,9,777,141,197,1,1,1,1,1,9,2,3
95GG48S3,2,4,2,4,16,831,35,28,1,1,1,1,1,10,1,1
95GG49S1,751,745,856,788,678,832,138,174,9,9,10,9,8,10,2,2
95GG49S2,708,749,843,718,650,821,53,167,8,9,10,9,8,10,1,2
95GG49S3,599,608,839,531,649,840,41,41,7,7,10,6,8,10,1,1
95GG49S4,520,630,757,325,620,852,46,17,6,8,9,4,7,10,1,1
95GG50S1,130,195,279,161,37,819,3,123,2,3,4,2,1,10,1,2
95GG50S2,63,61,95,61,30,825,47,127,1,1,2,1,1,10,1,2
95GG50S3,107,132,276,131,31,829,5,125,2,2,4,2,1,10,1,2
95GG51S1,57,89,44,102,13,850,75,203,1,1,1,2,1,10,1,3
95GG51S2,66,91,61,173,10,867,29,200,1,2,1,2,1,10,1,3
95GG51S3,27,30,43,65,5,841,73,293,1,1,1,1,1,10,1,4
95HH01W1,614,562,627,486,617,308,481,462,7,7,8,6,7,4,6,6
95HH02S1,870,810,850,772,700,637,838,803,10,10,10,9,8,8,10,10
95HH02S2,849,884,778,861,804,334,882,675,10,10,9,10,10,4,10,8
95HH03W1,809,738,676,740,750,699,823,639,10,9,8,9,9,8,10,8
95HH04S1,741,791,636,585,578,485,874,791,9,9,8,7,7,6,10,9
95HH04S2,806,833,761,743,705,422,876,506,10,10,9,9,8,5,10,6
95HH05W1,285,318,375,296,117,688,233,115,4,4,5,4,2,8,3,2
95HH06S1,822,858,829,818,734,265,858,693,10,10,10,10,9,3,10,8
95HH06S2,698,695,582,593,600,414,832,712,8,8,7,7,7,5,10,8
95HH07W1,264,246,233,311,161,668,288,456,3,3,3,4,2,8,4,6
95HH08W1,731,688,704,683,582,507,720,505,9,8,8,8,7,6,9,6
95HH09W1,221,251,213,201,204,730,176,90,3,3,3,3,3,9,2,2
95HH10W1,852,801,816,807,847,450,786,594,10,9,10,10,10,6,9,7
95HH11W1,156,167,180,266,61,545,202,164,2,2,3,3,1,7,3,2
95HH12W1,481,546,396,576,258,409,577,578,6,7,5,7,3,5,7,7
95HH13W1,93,106,117,141,40,683,77,170,2,2,2,2,1,8,1,2
95HH14W1,122,144,97,150,125,728,103,211,2,2,2,2,2,9,2,3
95HH15W1,512,457,526,324,453,708,483,271,6,6,6,4,6,8,6,4
95HH16W1,692,663,648,733,717,365,447,310,8,8,8,9,9,5,6,4
95HH17W1,682,710,647,682,574,263,792,429,8,8,8,8,7,3,9,5
95II01S1,756,783,741,498,814,495,612,549,9,9,9,6,10,6,7,7
95II01S2,829,854,830,785,831,318,732,560,10,10,10,9,10,4,9,7
95II02S1,845,859,773,794,878,417,535,753,10,10,9,9,10,5,7,9
95II02S2,571,497,418,423,773,521,510,469,7,6,5,5,9,6,6,6
95II02S3,560,495,381,496,643,617,369,569,7,6,5,6,8,7,5,7
95II03S1,883,874,878,873,877,411,888,860,10,10,10,10,10,5,10,10
95II03S2,875,864,866,840,845,503,800,640,10,10,10,10,10,6,9,8
95II04S1,772,763,695,588,736,547,765,718,9,9,8,7,9,7,9,9
95II04S2,323,311,295,247,221,621,286,637,4,4,4,3,3,7,4,8
95II05S1,815,814,809,715,872,354,868,444,10,10,10,9,10,4,10,5
95II05S2,672,534,744,473,661,568,736,280,8,6,9,6,8,7,9,4
95II06S1,868,853,824,817,873,421,886,642,10,10,10,10,10,5,10,8
95II06S2,834,768,814,806,806,522,759,424,10,9,10,10,10,6,9,5
95II07W1,201,232,259,227,79,754,86,336,3,3,3,3,1,9,1,4
95II08W1,594,604,512,580,392,677,281,475,7,7,6,7,5,8,4,6
95II09S1,786,755,753,669,669,782,434,553,9,9,9,8,8,9,5,7
95II09S2,811,790,785,737,537,780,493,825,10,9,9,9,7,9,6,10
95II10W1,246,254,289,159,166,625,270,448,3,3,4,2,2,8,4,6
95II11W1,861,769,822,787,871,536,764,632,10,9,10,9,10,7,9,8
95II12W1,877,844,834,822,849,750,709,504,10,10,10,10,10,9,8,6
95II13W1,350,331,380,243,217,769,292,406,4,4,5,3,3,9,4,5
95II14W1,882,863,864,856,869,574,737,657,10,10,10,10,10,7,9,8
95II15S1,886,882,882,869,853,466,863,809,10,10,10,10,10,6,10,10
95II15S2,866,843,782,847,861,581,820,432,10,10,9,10,10,7,10,5
95II16W1,417,425,431,391,210,669,291,627,5,5,5,5,3,8,4,8
95II17W1,590,525,489,586,475,671,329,480,7,6,6,7,6,8,4,6
95II18W1,166,245,130,130,140,697,184,185,2,3,2,2,2,8,3,3
95II19S1,839,870,848,857,858,240,802,689,10,10,10,10,10,3,10,8
95II19S2,681,706,608,650,797,197,614,568,8,8,7,8,9,3,7,7
95II20W1,706,622,754,630,644,633,318,350,8,7,9,8,8,8,4,4
95II21W1,193,208,270,299,33,675,216,502,3,3,4,4,1,8,3,6
95II22W1,632,624,534,626,440,565,382,501,8,8,6,8,5,7,5,6
95II23W1,705,641,614,725,633,706,351,405,8,8,7,9,8,8,4,5
95JJ01W1,499,569,455,676,601,63,380,796,6,7,6,8,7,1,5,9
95JJ02W1,334,339,274,516,399,429,326,40,4,4,4,6,5,5,4,1
95JJ03S1,64,43,73,101,58,594,177,84,1,1,1,2,1,7,2,1
95JJ03S2,368,247,370,524,187,748,513,396,5,3,5,6,3,9,6,5
95JJ04S1,536,409,615,652,481,188,549,552,7,5,7,8,6,3,7,7
95JJ04S2,634,576,592,749,616,232,654,375,8,7,7,9,7,3,8,5
95JJ05W1,115,114,148,97,207,879,31,55,2,2,2,2,3,10,1,1
95JJ06W1,133,136,116,183,185,747,142,47,2,2,2,3,3,9,2,1
95JJ07W1,116,104,141,89,138,813,154,151,2,2,2,1,2,10,2,2
95JJ08S1,437,504,350,553,539,238,127,452,5,6,4,7,7,3,2,6
95JJ08S2,773,707,732,800,697,440,826,572,9,8,9,9,8,5,10,7
95JJ09W1,616,609,629,810,602,95,617,546,7,7,8,10,7,2,7,7
95JJ10W1,347,307,320,413,373,175,587,516,4,4,4,5,5,2,7,6
95JJ11S1,580,414,482,679,525,408,751,628,7,5,6,8,6,5,9,8
95JJ11S2,750,649,777,790,632,482,713,416,9,8,9,9,8,6,9,5
95JJ12W1,409,323,372,562,476,246,537,394,5,4,5,7,6,3,7,5
95JJ13S1,699,573,606,793,576,573,803,403,8,7,7,9,7,7,10,5
95JJ13S2,847,737,739,833,780,597,854,838,10,9,9,10,9,7,10,10
95JJ14W1,501,454,424,604,560,206,419,623,6,6,5,7,7,3,5,7
95JJ15W1,642,625,559,633,607,805,179,244,8,8,7,8,7,10,3,3
95JJ16W1,302,225,400,352,353,589,164,42,4,3,5,4,4,7,2,1
95JJ17W1,435,485,426,654,546,43,392,867,5,6,5,8,7,1,5,10
95JJ18W1,236,248,327,419,288,506,42,5,3,3,4,5,4,6,1,1
95JJ19S1,841,808,786,802,840,457,734,589,10,10,9,10,10,6,9,7
95JJ19S2,862,821,880,862,830,555,758,276,10,10,10,10,10,7,9,4
95JJ20S1,767,705,705,758,690,578,735,470,9,8,8,9,8,7,9,6
95JJ20S2,598,486,477,666,470,648,503,500,7,6,6,8,6,8,6,6
95JJ21W1,346,287,291,314,357,759,279,333,4,4,4,4,5,9,4,4
95JJ22W1,783,684,751,858,761,616,425,445,9,8,9,10,9,7,5,5
95KK01W1,136,158,147,156,216,26,793,882,2,2,2,2,3,1,9,10
95KK02W1,405,417,387,378,386,186,644,759,5,5,5,5,5,3,8,9
95KK03W1,233,343,299,262,432,5,362,780,3,4,4,3,5,1,5,9
95KK04W1,340,306,363,246,300,399,500,341,4,4,5,3,4,5,6,4
95KK05W1,252,234,306,436,389,15,710,886,3,3,4,5,5,1,8,10
95KK06W1,244,227,228,236,271,418,440,233,3,3,3,3,4,5,5,3
95KK07W1,436,601,349,430,553,81,428,857,5,7,4,5,7,1,5,10
95KK08W1,390,395,502,351,283,229,669,228,5,5,6,4,4,3,8,3
95KK09W1,312,304,351,287,352,416,145,150,4,4,4,4,4,5,2,2
95KK10W1,504,586,552,590,516,57,376,822,6,7,7,7,6,1,5,10
95KK11W1,278,308,252,176,296,484,397,275,4,4,3,2,4,6,5,4
95KK12W1,180,198,251,199,336,13,489,801,3,3,3,3,4,1,6,9
95KK13W1,477,563,425,493,515,146,405,590,6,7,5,6,6,2,5,7
95KK14W1,248,300,156,275,433,185,289,643,3,4,2,4,5,3,4,8
95KK15W1,395,453,451,462,345,48,783,880,5,6,6,6,4,1,9,10
95KK16W1,383,359,336,303,449,469,545,155,5,5,4,4,6,6,7,2
95LL01S1,576,599,402,610,595,210,789,749,7,7,5,7,7,3,9,9
95LL01S2,527,531,432,435,679,158,849,665,6,6,5,5,8,2,10,8
95LL02S1,591,638,700,422,376,307,504,523,7,8,8,5,5,4,6,6
95LL02S2,213,272,286,220,253,882,1,50,3,4,4,3,3,10,1,1
95LL03W1,163,192,170,155,111,540,174,207,2,3,2,2,2,7,2,3
95LL04W1,298,285,257,271,248,372,633,440,4,4,3,4,3,5,8,5
95LL05S1,778,781,727,756,810,275,867,766,9,9,9,9,10,4,10,9
95LL05S2,509,468,392,476,610,235,742,686,6,6,5,6,7,3,9,8
95LL06S1,704,681,737,684,388,401,830,794,8,8,9,8,5,5,10,9
95LL06S2,358,361,305,307,212,643,539,468,5,5,4,4,3,8,7,6
95LL07W1,194,139,208,234,147,836,315,231,3,2,3,3,2,10,4,3
95LL08S1,119,115,115,138,65,694,410,465,2,2,2,2,1,8,5,6
95LL08S2,152,180,250,165,36,739,79,261,2,3,3,2,1,9,1,3
95LL09S1,99,126,91,77,106,870,165,89,2,2,2,1,2,10,2,1
95LL09S2,144,133,100,107,233,844,328,217,2,2,2,2,3,10,4,3
95LL10S1,593,632,386,513,683,336,839,566,7,8,5,6,8,4,10,7
95LL10S2,559,615,576,587,588,58,827,790,7,7,7,7,7,1,10,9
95LL11S1,622,571,564,518,642,230,697,799,7,7,7,6,8,3,8,9
95LL11S2,736,719,688,783,722,214,857,772,9,9,8,9,9,3,10,9
95LL12S1,129,130,196,69,151,368,541,101,2,2,3,1,2,5,7,2
95LL12S2,34,41,50,19,27,600,237,419,1,1,1,1,1,7,3,5
95LL13S1,342,282,395,343,229,684,719,79,4,4,5,4,3,8,9,1
95LL13S2,55,65,71,36,29,705,413,26,1,1,1,1,1,8,5,1
95LL14S1,31,34,23,16,57,715,335,726,1,1,1,1,1,9,4,9
95LL14S2,255,219,151,232,315,640,580,853,3,3,2,3,4,8,7,10
95LL15S1,554,556,535,442,541,785,107,254,7,7,7,5,7,9,2,3
95LL15S2,605,645,384,443,490,695,687,785,7,8,5,5,6,8,8,9
95LL16S1,685,648,610,509,799,382,799,464,8,8,7,6,9,5,9,6
95LL16S2,524,488,602,406,359,309,731,471,6,6,7,5,5,4,9,6
95LL17W1,424,406,337,371,370,605,444,557,5,5,4,5,5,7,5,7
95LL18S1,700,651,605,581,635,707,538,454,8,8,7,7,8,8,7,6
95LL18S2,735,777,525,565,769,518,796,815,9,9,6,7,9,6,9,10
95LL19S1,792,716,686,705,737,580,881,715,9,9,8,8,9,7,10,9
95LL19S2,746,669,722,729,698,358,862,652,9,8,9,9,8,5,10,8
95LL20W1,228,242,154,146,230,770,563,446,3,3,2,2,3,9,7,6
95LL21W1,377,301,348,240,435,761,430,272,5,4,4,3,5,9,5,4
95LL22W1,173,178,128,114,199,765,458,292,2,2,2,2,3,9,6,4
95LL23W1,174,205,159,157,100,846,146,387,2,3,2,2,2,10,2,5
95LL24S1,636,653,626,641,593,131,813,763,8,8,8,8,7,2,10,9
95LL24S2,385,418,503,477,421,21,694,724,5,5,6,6,5,1,8,9
95LL25S1,712,659,729,612,746,329,822,366,8,8,9,7,9,4,10,5
95LL25S2,830,824,745,814,803,369,883,732,10,10,9,10,10,5,10,9
95LL26S1,92,161,114,54,127,828,11,36,2,2,2,1,2,10,1,1
95LL26S2,752,692,594,631,770,650,784,668,9,8,7,8,9,8,9,8
95MM01S1,88,73,64,143,96,397,422,371,1,1,1,2,2,5,5,5
95MM01S2,546,439,533,370,527,665,662,285,7,5,6,5,6,8,8,4
95MM01S3,429,500,262,329,471,410,681,738,5,6,3,4,6,5,8,9
95MM02S1,438,360,322,380,513,635,459,570,5,5,4,5,6,8,6,7
95MM02S2,788,744,731,644,802,442,879,711,9,9,9,8,10,5,10,8
95MM03W1,344,411,391,409,489,17,649,807,4,5,5,5,6,1,8,10
95MM04W1,125,110,78,116,292,800,98,498,2,2,1,2,4,9,2,6
95MM05W1,44,27,40,24,85,764,227,466,1,1,1,1,1,9,3,6
95MM06S1,164,123,138,191,239,543,250,220,2,2,2,3,3,7,3,3
95MM06S2,84,56,83,73,107,720,193,284,1,1,1,1,2,9,3,4
95MM07W1,195,173,145,204,191,624,466,496,3,2,2,3,3,8,6,6
95MM08S1,58,50,24,34,213,791,314,192,1,1,1,1,3,9,4,3
95MM08S2,610,547,442,414,785,595,780,383,7,7,5,5,9,7,9,5
95MM09S1,364,289,290,342,544,212,775,708,5,4,4,4,7,3,9,8
95MM09S2,401,476,365,467,502,76,418,744,5,6,5,6,6,1,5,9
95MM10S1,10,2,6,13,75,622,122,562,1,1,1,1,1,7,2,7
95MM10S2,49,25,27,46,144,620,285,583,1,1,1,1,2,7,4,7
95MM11W1,37,22,34,38,93,563,128,702,1,1,1,1,2,7,2,8
95MM12S1,306,217,226,502,443,273,524,294,4,3,3,6,5,4,6,4
95MM12S2,35,14,56,92,56,345,239,139,1,1,1,2,1,4,3,2
95MM12S3,132,92,125,103,256,398,486,472,2,2,2,2,3,5,6,6
95MM13S1,603,629,441,521,790,250,730,451,7,8,5,6,9,3,9,6
95MM13S2,39,20,42,76,63,598,267,112,1,1,1,1,1,7,3,2
95MM13S3,147,109,218,181,87,477,373,152,2,2,3,3,1,6,5,2
95MM13S4,149,94,140,111,387,297,506,342,2,2,2,2,5,4,6,4
95MM13S5,760,661,752,865,776,269,829,829,9,8,9,10,9,4,10,10
95MM14S1,493,440,542,533,289,716,153,461,6,5,7,6,4,9,2,6
95MM14S2,86,95,85,88,188,881,21,35,1,2,1,1,3,10,1,1
95MM15S1,584,475,521,425,786,296,852,582,7,6,6,5,9,4,10,7
95MM15S2,686,558,613,618,779,322,869,754,8,7,7,7,9,4,10,9
95MM16S1,110,105,113,117,155,237,403,328,2,2,2,2,2,3,5,4
95MM16S2,529,513,371,647,673,245,495,411,6,6,5,8,8,3,6,5
95MM17S1,676,567,494,603,713,544,821,762,8,7,6,7,9,7,10,9
95MM17S2,137,119,94,82,301,613,307,510,2,2,2,1,4,7,4,6
95MM18S1,283,255,245,433,262,141,691,622,4,3,3,5,3,2,8,7
95MM18S2,447,415,329,459,519,374,582,397,6,5,4,6,6,5,7,5
95MM19S1,565,575,415,438,344,745,769,703,7,7,5,5,4,9,9,8
95MM19S2,475,434,394,507,327,626,592,395,6,5,5,6,4,8,7,5
95MM20S1,245,218,166,170,311,772,659,485,3,3,2,2,4,9,8,6
95MM20S2,339,322,238,346,223,833,461,443,4,4,3,4,3,10,6,5
95MM21S1,241,329,149,291,170,351,501,647,3,4,2,4,2,4,6,8
95MM21S2,657,674,458,660,658,335,861,575,8,8,6,8,8,4,10,7
95MM22S1,411,324,397,357,518,660,271,260,5,4,5,5,6,8,4,3
95MM22S2,669,484,590,632,692,586,611,535,8,6,7,8,8,7,7,7
95MM23W1,104,98,66,118,363,817,18,173,2,2,1,2,5,10,1,2
95MM24W1,45,23,22,60,108,731,349,390,1,1,1,1,2,9,4,5
95MM25S1,29,17,55,31,54,577,219,91,1,1,1,1,1,7,3,2
95MM25S2,25,10,62,42,39,564,181,94,1,1,1,1,1,7,3,2
95MM25S3,151,87,184,219,136,449,454,230,2,1,3,3,2,6,6,3
95MM25S4,365,226,385,317,517,348,588,430,5,3,5,4,6,4,7,5
95MM26S1,123,93,118,99,235,502,366,290,2,2,2,2,3,6,5,4
95MM26S2,451,410,278,494,590,478,814,327,6,5,4,6,7,6,10,4
95MM27S1,28,42,9,27,232,883,61,19,1,1,1,1,3,10,1,1
95MM27S2,441,416,501,464,366,733,59,253,5,5,6,6,5,9,1,3
95MM28W1,26,37,14,41,201,853,13,12,1,1,1,1,3,10,1,1
95MM29W1,101,99,77,121,186,822,85,105,2,2,1,2,3,10,1,2
95MM30W1,46,24,19,74,194,835,45,368,1,1,1,1,3,10,1,5
95NN01S1,178,169,123,388,266,162,346,190,2,2,2,5,3,2,4,3
95NN01S2,301,350,281,384,383,66,371,533,4,4,4,5,5,1,5,6
95NN02W1,510,522,332,540,612,396,568,299,6,6,4,7,7,5,7,4
95NN03S1,587,551,707,444,430,463,352,335,7,7,8,5,5,6,4,4
95NN03S2,413,491,288,415,341,328,642,764,5,6,4,5,4,4,8,9
95NN04W1,59,81,47,59,83,481,157,30,1,1,1,1,1,6,2,1
95NN05W1,295,319,324,233,269,376,331,168,4,4,4,3,4,5,4,2
95NN06S1,225,197,254,284,149,331,404,389,3,3,3,4,2,4,5,5
95NN06S2,407,377,438,356,446,204,718,401,5,5,5,4,6,3,9,5
95NN07S1,280,351,264,203,243,385,455,191,4,4,3,3,3,5,6,3
95NN07S2,177,209,150,224,250,360,317,29,2,3,2,3,3,5,4,1
95NN08S1,659,607,665,712,686,222,542,415,8,7,8,8,8,3,7,5
95NN08S2,619,595,649,537,608,224,676,344,7,7,8,7,7,3,8,4
95NN09S1,675,789,871,866,811,20,703,821,8,9,10,10,10,1,8,10
95NN09S2,566,544,591,727,672,112,220,666,7,7,7,9,8,2,3,8
95NN10S1,322,376,330,192,567,276,248,99,4,5,4,3,7,4,3,2
95NN10S2,707,687,611,741,670,326,624,654,8,8,7,9,8,4,8,8
95NN11S1,355,438,434,223,279,209,605,278,4,5,5,3,4,3,7,4
95NN11S2,640,713,599,639,662,114,725,747,8,9,7,8,8,2,9,9
95NN12W1,352,345,410,316,362,183,572,250,4,4,5,4,5,3,7,3
95NN13W1,656,720,618,709,788,85,666,745,8,9,7,8,9,1,8,9
95NN14S1,329,369,302,390,361,134,393,347,4,5,4,5,5,2,5,4
95NN14S2,579,739,812,731,417,33,474,635,7,9,10,9,5,1,6,8
95NN15W1,384,356,404,489,274,271,395,314,5,4,5,6,4,4,5,4
95NN16S1,732,754,746,653,828,195,616,733,9,9,9,8,10,3,7,9
95NN16S2,738,766,836,738,735,155,655,662,9,9,10,9,9,2,8,8
95NN17W1,216,179,268,197,244,375,448,118,3,3,4,3,3,5,6,2
95NN18S1,243,297,260,269,277,465,130,46,3,4,3,4,4,6,2,1
95NN18S2,667,686,607,484,689,321,745,491,8,8,7,6,8,4,9,6
95NN19S1,776,696,788,752,798,341,768,695,9,8,9,9,9,4,9,8
95NN19S2,846,857,840,881,870,278,774,625,10,10,10,10,10,4,9,8
95NN20W1,490,635,471,512,599,70,472,536,6,8,6,6,7,1,6,7
95NN21W1,349,328,360,385,448,460,290,39,4,4,5,5,6,6,4,1
95NN22W1,470,523,496,551,622,94,246,474,6,6,6,7,7,2,3,6
95NN23S1,379,393,405,560,379,75,222,758,5,5,5,7,5,1,3,9
95NN23S2,353,299,339,301,483,225,558,447,4,4,4,4,6,3,7,6
95OO01W1,320,372,401,402,412,22,284,887,4,5,5,5,5,1,4,10
95OO02W1,489,634,639,558,680,24,228,723,6,8,8,7,8,1,3,9
95OO03W1,392,412,463,434,407,107,324,520,5,5,6,5,5,2,4,6
95OO04W1,328,336,357,344,463,49,482,704,4,4,5,4,6,1,6,8
95OO05W1,169,141,280,152,150,497,108,122,2,2,4,2,2,6,2,2
95OO06W1,538,550,547,429,558,148,596,760,7,7,7,5,7,2,7,9
95OO07W1,426,559,558,437,605,27,264,683,5,7,7,5,7,1,3,8
95OO08W1,526,554,469,424,674,180,439,558,6,7,6,5,8,3,5,7
95OO09W1,351,433,548,289,583,14,353,550,4,5,7,4,7,1,4,7
95OO10W1,175,118,197,178,175,290,673,529,2,2,3,2,2,4,8,6
95OO11W1,82,75,79,62,116,516,199,186,1,1,1,1,2,6,3,3
95OO12W1,356,241,333,393,429,268,600,648,4,3,4,5,5,4,7,8
95OO13W1,635,603,663,635,314,546,547,489,8,7,8,8,4,7,7,6
95OO14W1,508,441,492,458,551,196,606,751,6,5,6,6,7,3,7,9
95OO15W1,218,194,328,137,209,489,182,215,3,3,4,2,3,6,3,3
95OO16W1,445,520,572,546,326,82,520,356,5,6,7,7,4,1,6,4
95OO17W1,522,553,435,582,531,136,723,617,6,7,5,7,6,2,9,7
95OO18W1,618,583,694,614,356,445,452,339,7,7,8,7,4,5,6,4
95OO19W1,629,600,634,563,753,236,502,268,8,7,8,7,9,3,6,4
95OO20W1,514,511,570,392,445,384,192,540,6,6,7,5,5,5,3,7
95OO21W1,348,354,366,206,520,572,263,78,4,4,5,3,6,7,3,1
95OO22W1,308,237,352,231,411,147,782,778,4,3,4,3,5,2,9,9
95PP01W1,651,671,655,557,665,145,767,769,8,8,8,7,8,2,9,9
95PP02W1,421,443,724,745,498,3,557,776,5,5,9,9,6,1,7,9
95PP03W1,314,341,465,532,477,2,511,598,4,4,6,6,6,1,6,7
95PP04W1,601,612,662,688,589,78,553,830,7,7,8,8,7,1,7,10
95PP05W1,459,505,646,658,419,54,203,691,6,6,8,8,5,1,3,8
95PP06S1,428,321,515,407,350,491,517,273,5,4,6,5,4,6,6,4
95PP06S2,713,666,681,470,805,535,544,525,9,8,8,6,10,7,7,6
95PP07W1,498,509,651,596,528,36,571,841,6,6,8,7,6,1,7,10
95PP08W1,567,591,820,746,503,30,494,816,7,7,10,9,6,1,6,10
95PP09W1,83,97,135,52,53,820,57,80,1,2,2,1,1,10,1,1
95PP10W1,486,446,628,568,495,73,532,770,6,6,8,7,6,1,6,9
95PP11W1,324,266,362,207,299,753,363,183,4,3,5,3,4,9,5,3
95PP12W1,506,490,711,685,591,29,354,824,6,6,8,8,7,1,4,10
95PP13W1,202,156,277,172,267,227,562,206,3,2,4,2,3,3,7,3
95PP14S1,357,342,428,621,368,31,507,782,5,4,5,7,5,1,6,9
95PP14S2,457,537,490,461,467,97,716,378,6,7,6,6,6,2,9,5
95PP15W1,688,679,720,719,550,194,738,761,8,8,9,9,7,3,9,9
95PP16W1,648,725,678,734,581,88,754,719,8,9,8,9,7,1,9,9
95PP17W1,259,177,342,226,272,302,583,377,3,2,4,3,4,4,7,5
95PP18W1,626,578,644,665,514,177,689,671,8,7,8,8,6,2,8,8
95PP19W1,249,220,393,295,257,65,348,739,3,3,5,4,3,1,4,9
95PP20W1,325,325,341,182,431,709,276,66,4,4,4,3,5,8,4,1
95PP21W1,311,271,632,491,310,11,316,865,4,4,8,6,4,1,4,10
95PP22W1,551,445,550,602,415,527,521,257,7,5,7,7,5,6,6,3
95PP23W1,469,506,523,544,408,93,564,705,6,6,6,7,5,2,7,8
95QQ01W1,128,140,136,310,97,364,48,166,2,2,2,4,2,5,1,2
95QQ02W1,649,694,659,763,538,150,473,700,8,8,8,9,7,2,6,8
95QQ03W1,113,135,168,215,74,266,78,108,2,2,2,3,1,3,1,2
95QQ04W1,286,277,344,292,154,373,235,650,4,4,4,4,2,5,3,8
95QQ05W1,766,797,767,829,791,190,805,682,9,9,9,10,9,3,10,8
95QQ06W1,297,334,311,455,320,71,398,282,4,4,4,6,4,1,5,4
95QQ07W1,247,274,283,229,333,612,33,110,3,4,4,3,4,7,1,2
95QQ08W1,135,160,88,211,200,291,143,321,2,2,1,3,3,4,2,4
95QQ09W1,553,503,466,656,596,431,273,255,7,6,6,8,7,5,4,3
95QQ10W1,419,557,573,710,473,28,119,539,5,7,7,8,6,1,2,7
95QQ11W1,665,712,622,694,682,171,435,728,8,8,7,8,8,2,5,9
95QQ12W1,432,460,354,474,534,439,69,495,5,6,4,6,6,5,1,6
95QQ13W1,573,700,668,767,552,41,321,748,7,8,8,9,7,1,4,9
95QQ14S1,687,677,713,697,524,260,790,534,8,8,9,8,6,3,9,6
95QQ14S2,620,753,682,674,543,103,309,587,7,9,8,8,7,2,4,7
95QQ15W1,396,402,524,398,263,570,52,326,5,5,6,5,3,7,1,4
95RR01S1,543,470,382,482,592,483,806,484,7,6,5,6,7,6,10,6
95RR01S2,500,543,422,584,494,179,388,588,6,7,5,7,6,3,5,7
95RR02W1,362,353,263,520,374,286,700,208,5,4,3,6,5,4,8,3
95RR03W1,65,62,75,64,76,647,311,6,1,1,1,1,1,8,4,1
95RR04W1,189,137,139,217,340,298,733,428,3,2,2,3,4,4,9,5
95RR05S1,701,682,509,724,684,475,860,494,8,8,6,9,8,6,10,6
95RR05S2,121,131,155,267,52,601,296,27,2,2,2,3,1,7,4,1
95RR06W1,309,333,248,468,304,84,794,717,4,4,3,6,4,1,9,9
95RR07W1,418,502,309,527,377,159,831,621,5,6,4,6,5,2,10,7
95RR08W1,400,482,310,550,493,61,685,862,5,6,4,7,6,1,8,10
95RR09S1,260,257,187,272,323,231,787,547,3,3,3,4,4,3,9,7
95RR09S2,658,714,784,670,303,202,833,850,8,9,9,8,4,3,10,10
95RR10W1,40,45,30,95,62,653,188,8,1,1,1,2,1,8,3,1
95RR11W1,449,552,538,629,367,46,477,614,6,7,7,8,5,1,6,7
95RR12W1,332,390,209,308,428,628,556,81,4,5,3,4,5,8,7,1
95RR13W1,206,190,144,258,442,700,242,33,3,3,2,3,5,8,3,1
95RR14W1,242,263,199,445,278,60,766,656,3,3,3,5,4,1,9,8
95RR15W1,354,280,353,376,371,154,856,800,4,4,4,5,5,2,10,9
95SS01S1,674,818,780,784,738,108,223,370,8,10,9,9,9,2,3,5
95SS01S2,716,793,670,699,772,161,848,563,9,9,8,8,9,2,10,7
95SS02S1,831,807,749,826,731,576,640,585,10,10,9,10,9,7,8,7
95SS02S2,880,877,868,859,857,488,887,678,10,10,10,10,10,6,10,8
95SS03S1,730,796,736,843,865,126,389,852,9,9,9,10,10,2,5,10
95SS03S2,755,871,847,875,841,137,325,631,9,10,10,10,10,2,4,8
95SS04S1,463,430,403,400,382,499,554,561,6,5,5,5,5,6,7,7
95SS04S2,495,480,540,514,281,419,306,571,6,6,7,6,4,5,4,7
95SS04S3,661,704,667,552,529,281,671,492,8,8,8,7,6,4,8,6
95SS05S1,528,530,433,412,572,703,236,246,6,6,5,5,7,8,3,3
95SS05S2,805,804,801,781,719,380,818,473,10,10,9,9,9,5,10,6
95SS06S1,33,40,63,33,47,300,198,34,1,1,1,1,1,4,3,1
95SS06S2,38,21,72,50,38,510,197,159,1,1,1,1,1,6,3,2
95SS06S3,16,8,54,9,35,631,83,53,1,1,1,1,1,8,1,1
95SS07S1,140,103,205,133,189,293,361,141,2,2,3,2,3,4,5,2
95SS07S2,621,593,620,475,427,395,578,736,7,7,7,6,5,5,7,9
95SS07S3,465,456,486,263,664,378,305,391,6,6,6,3,8,5,4,5
95SS08S1,789,828,859,796,851,138,846,832,9,10,10,9,10,2,10,10
95SS08S2,653,715,640,589,708,122,696,687,8,9,8,7,8,2,8,8
95SS09S1,813,868,884,887,879,220,498,455,10,10,10,10,10,3,6,6
95SS09S2,758,805,813,835,827,169,561,685,9,10,10,10,10,2,7,8
95SS10S1,581,492,566,574,765,582,258,87,7,6,7,7,9,7,3,1
95SS10S2,818,802,764,692,855,562,877,312,10,10,9,8,10,7,10,4
95SS11S1,673,685,710,714,695,176,807,234,8,8,8,9,8,2,10,3
95SS11S2,604,782,630,680,703,52,741,301,7,9,8,8,8,1,9,4
95SS12W1,742,733,680,675,777,550,487,331,9,9,8,8,9,7,6,4
95SS13S1,299,344,500,249,128,751,105,75,4,4,6,3,2,9,2,1
95SS13S2,227,265,282,238,95,661,80,392,3,3,4,3,2,8,1,5
95SS14S1,145,120,167,154,109,691,175,277,2,2,2,2,2,8,2,4
95SS14S2,612,514,568,620,512,406,594,459,7,6,7,7,6,5,7,6
95SS15S1,840,800,796,761,862,402,872,681,10,9,9,9,10,5,10,8
95SS15S2,799,848,858,852,852,217,457,554,9,10,10,10,10,3,6,7
95SS16S1,397,394,347,167,715,737,620,104,5,5,4,2,9,9,7,2
95SS16S2,48,57,41,28,143,687,90,25,1,1,1,1,2,8,2,1
95SS17S1,550,581,529,519,393,479,255,372,7,7,6,6,5,6,3,5
95SS17S2,310,357,313,253,181,575,304,298,4,5,4,3,3,7,4,4
95SS18S1,231,224,246,260,173,529,148,315,3,3,3,3,2,6,2,4
95SS18S2,300,273,378,285,329,718,58,77,4,4,5,4,4,9,1,1
95SS19S1,637,596,689,648,491,430,243,441,8,7,8,8,6,5,3,5
95SS19S2,304,284,409,283,165,443,125,599,4,4,5,4,2,5,2,7
95SS20W1,771,746,661,744,657,652,693,544,9,9,8,9,8,8,8,7
95SS21S1,795,841,842,848,623,241,873,669,9,10,10,10,7,3,10,8
95SS21S2,679,759,637,564,730,189,692,577,8,9,8,7,9,3,8,7
95SS22S1,814,849,795,837,569,493,622,633,10,10,9,10,7,6,7,8
95SS22S2,807,776,734,757,782,433,828,646,10,9,9,9,9,5,10,8
95SS23S1,823,822,828,849,835,262,811,612,10,10,10,10,10,3,10,7
95SS23S2,644,657,652,645,509,213,627,626,8,8,8,8,6,3,8,8
95SS24S1,808,816,803,701,838,325,864,595,10,10,10,8,10,4,10,7
95SS24S2,800,711,781,657,792,471,810,727,9,8,9,8,9,6,10,9
95SS25W1,85,76,162,68,59,638,54,95,1,1,2,1,1,8,1,2
95SS26S1,72,70,89,67,55,511,120,162,1,1,1,1,1,6,2,2
95SS26S2,367,302,321,302,330,591,674,353,5,4,4,4,4,7,8,4
95SS27W1,386,380,368,328,316,673,113,493,5,5,5,4,4,8,2,6
95SS28W1,192,238,203,205,134,793,72,148,3,3,3,3,2,9,1,2
95SS29S1,32,28,49,35,71,446,96,92,1,1,1,1,1,6,2,2
95SS29S2,17,26,18,14,51,462,55,157,1,1,1,1,1,6,1,2
95SS30S1,890,888,886,883,839,571,643,888,10,10,10,10,10,7,8,10
95SS30S2,874,866,819,828,842,569,816,532,10,10,10,10,10,7,10,6
95TT01W1,625,564,577,678,660,153,702,742,8,7,7,8,8,2,8,9
95TT02W1,461,419,460,481,485,156,540,877,6,5,6,6,6,2,7,10
95TT03S1,443,332,470,508,403,359,570,305,5,4,6,6,5,5,7,4
95TT03S2,578,580,450,545,555,287,591,663,7,7,6,7,7,4,7,8
95TT04W1,480,471,527,354,548,143,707,831,6,6,6,4,7,2,8,10
95TT05S1,796,702,766,774,789,532,615,528,9,8,9,9,9,6,7,6
95TT05S2,219,170,239,194,184,657,297,367,3,2,3,3,3,8,4,5
95TT06W1,586,479,583,595,634,163,749,840,7,6,7,7,8,2,9,10
95TT07W1,633,680,539,559,718,152,599,858,8,8,7,7,9,2,7,10
95TT08W1,577,592,600,555,505,133,533,833,7,7,7,7,6,2,6,10
95TT09S1,374,442,497,377,469,18,534,884,5,5,6,5,6,1,6,10
95TT09S2,703,654,701,717,743,168,776,848,8,8,8,9,9,2,9,10
95TT10W1,224,187,219,245,237,320,463,374,3,3,3,3,3,4,6,5
95TT11S1,517,473,399,599,613,157,663,878,6,6,5,7,7,2,8,10
95TT11S2,531,510,541,594,685,72,462,885,6,6,7,7,8,1,6,10
95TT12W1,427,494,389,401,450,132,628,659,5,6,5,5,6,2,8,8
95TT13S1,585,463,603,522,462,426,657,545,7,6,7,6,6,5,8,7
95TT13S2,291,240,345,278,275,588,229,131,4,3,4,4,4,7,3,2
95TT14W1,484,444,476,504,369,504,429,318,6,5,6,6,5,6,5,4
95TT15W1,317,421,318,416,400,42,186,777,4,5,4,5,5,1,3,9
95TT16W1,539,469,483,624,557,170,548,875,7,6,6,8,7,2,7,10
95UU06W1,516,422,514,542,542,304,590,265,6,5,6,7,7,4,7,3
95UU09W1,558,515,473,608,764,124,717,607,7,6,6,7,9,2,9,7
95UU14W1,210,172,201,286,227,289,379,343,3,2,3,4,3,4,5,4
95UU99C1,198,196,234,350,284,35,295,709,3,3,3,4,4,1,4,8
95UU99C2,215,188,214,427,142,198,575,382,3,3,3,5,2,3,7,5
95UU99C3,422,466,457,634,727,119,155,102,5,6,6,8,9,2,2,2
95UU99C4,338,437,446,549,507,8,139,767,4,5,6,7,6,1,2,9
95UU99C5,425,413,427,600,625,80,337,517,5,5,5,7,8,1,4,6
95UU99C6,229,222,188,347,354,203,261,188,3,3,3,4,4,3,3,3
95VV01S1,503,517,631,529,496,83,408,576,6,6,8,6,6,1,5,7
95VV01S2,288,278,297,348,211,199,653,404,4,4,4,4,3,3,8,5
95VV02W1,91,69,96,93,160,789,82,132,2,1,2,2,2,9,1,2
95VV03W1,118,134,126,123,122,461,116,279,2,2,2,2,2,6,2,4
95VV04W1,518,549,561,487,458,139,449,636,6,7,7,6,6,2,6,8
95VV05S1,617,574,554,609,720,178,721,503,7,7,7,7,9,2,9,6
95VV05S2,715,717,743,703,702,172,850,638,9,9,9,8,8,2,10,8
95VV06W1,321,221,292,309,500,223,631,551,4,3,4,4,6,3,8,7
95VV07S1,181,191,223,244,164,531,208,22,3,3,3,3,2,6,3,1
95VV07S2,597,467,560,575,647,344,748,384,7,6,7,7,8,4,9,5
95VV08W1,184,125,186,213,394,109,560,797,3,2,3,3,5,2,7,9
95VV09W1,112,67,110,127,254,244,424,548,2,1,2,2,3,3,5,7
95VV10S1,95,68,131,81,89,790,230,171,2,1,2,1,1,9,3,2
95VV10S2,120,150,194,100,104,864,112,9,2,2,3,2,2,10,2,1
95VV11S1,572,462,596,446,618,259,629,658,7,6,7,6,7,3,8,8
95VV11S2,544,477,508,420,619,303,726,417,7,6,6,5,7,4,9,5
95VV12S1,171,113,275,129,169,470,488,120,2,2,4,2,2,6,6,2
95VV12S2,186,151,198,214,240,387,268,195,3,2,3,3,3,5,4,3
95VV13S1,460,561,407,530,637,59,514,775,6,7,5,6,8,1,6,9
95VV13S2,547,527,586,483,754,116,427,521,7,6,7,6,9,2,5,6
95VV14S1,318,327,285,254,331,615,322,129,4,4,4,3,4,7,4,2
95VV14S2,402,400,326,210,694,786,406,161,5,5,4,3,8,9,5,2
95VV15S1,71,63,70,53,121,766,65,97,1,1,1,1,2,9,1,2
95VV15S2,406,367,334,331,504,501,550,332,5,5,4,4,6,6,7,4
95VV16W1,434,340,449,466,464,261,690,349,5,4,6,6,6,3,8,4
95VV17S1,230,154,237,288,351,192,491,408,3,2,3,4,4,3,6,5
95VV17S2,336,201,472,323,533,113,523,586,4,3,6,4,6,2,6,7
95VV18S1,613,540,703,651,372,323,714,361,7,7,8,8,5,4,9,5
95VV18S2,157,204,158,113,183,349,340,103,2,3,2,2,3,4,4,2
95VV19S1,399,364,453,418,286,350,327,453,5,5,6,5,4,4,4,6
95VV19S2,188,206,272,109,178,280,426,196,3,3,4,2,2,4,5,3
95VV20W1,376,487,355,439,348,105,283,499,5,6,4,5,4,2,4,6
95VV21S1,361,370,379,273,439,106,801,602,5,5,5,4,5,2,9,7
95VV21S2,628,664,653,628,696,77,602,846,8,8,8,8,8,1,7,10
95VV22W1,293,298,343,353,291,120,451,258,4,4,4,4,4,2,6,3
95VV23W1,464,423,437,497,594,218,522,320,6,5,5,6,7,3,6,4
95VV24S1,588,539,679,523,784,330,260,121,7,7,8,6,9,4,3,2
95VV24S2,237,199,300,174,285,464,247,243,3,3,4,2,4,6,3,3
95VV25S1,182,124,204,216,343,86,574,792,3,2,3,3,4,1,7,9
95VV25S2,452,385,439,547,663,79,781,879,6,5,5,7,8,1,9,10
95VV26W1,258,326,240,265,378,55,729,482,3,4,3,3,5,1,9,6
95VV27W1,199,202,266,125,179,681,178,179,3,3,3,2,3,8,2,3
95VV28S1,394,365,429,256,401,711,253,219,5,5,5,3,5,8,3,3
95VV28S2,222,216,221,186,312,810,118,74,3,3,3,3,4,10,2,1
95VV29W1,476,483,518,623,501,111,265,634,6,6,6,7,6,2,3,8
95VV30S1,723,673,597,771,768,528,760,256,9,8,7,9,9,6,9,3
95VV30S2,256,229,255,365,231,520,359,85,3,3,3,5,3,6,5,1
95WW01S1,511,408,537,403,510,698,350,210,6,5,7,5,6,8,4,3
95WW01S2,491,427,579,499,306,704,170,357,6,5,7,6,4,8,2,5
95WW02S1,431,355,485,372,410,389,433,359,5,4,6,5,5,5,5,5
95WW02S2,600,459,687,583,479,392,543,410,7,6,8,7,6,5,7,5
95WW03S1,223,264,183,360,255,566,92,54,3,3,3,5,3,7,2,1
95WW03S2,794,742,789,834,726,394,670,556,9,9,9,10,9,5,8,7
95WW04S1,408,397,461,554,224,381,303,351,5,5,6,7,3,5,4,4
95WW04S2,638,721,517,561,436,413,778,537,8,9,6,7,5,5,9,7
95WW05S1,737,646,657,716,586,710,678,483,9,8,8,9,7,8,8,6
95WW05S2,380,389,316,361,384,724,336,76,5,5,4,5,5,9,4,1
95WW06S1,733,792,760,765,763,174,528,609,9,9,9,9,9,2,6,7
95WW06S2,802,811,807,778,837,249,715,664,10,10,10,9,10,3,9,8
95WW07S1,722,779,765,831,666,239,355,433,9,9,9,10,8,3,4,5
95WW07S2,797,798,793,799,648,363,750,674,9,9,9,9,8,5,9,8
95WW08S1,645,667,685,671,339,456,479,402,8,8,8,8,4,6,6,5
95WW08S2,694,662,673,659,568,407,650,438,8,8,8,8,7,5,8,5
95WW09S1,139,121,146,290,90,370,180,324,2,2,2,4,2,5,3,4
95WW09S2,777,835,771,792,627,386,871,380,9,10,9,9,8,5,10,5
95WW10S1,423,403,528,255,346,534,450,287,5,5,6,3,4,6,6,4
95WW10S2,267,303,212,338,158,734,272,263,3,4,3,4,2,9,4,3
95WW11S1,803,813,790,649,774,487,884,354,10,10,9,8,9,6,10,4
95WW11S2,798,731,726,798,745,717,684,303,9,9,9,9,9,9,8,4
95WW12W1,117,155,143,112,60,787,71,259,2,2,2,2,1,9,1,3
95WW13S1,765,732,837,789,751,267,680,541,9,9,10,9,9,3,8,7
95WW13S2,748,761,792,777,676,216,728,645,9,9,9,9,8,3,9,8
95WW14W1,77,77,107,110,21,607,95,302,1,1,2,2,1,7,2,4
95WW15S1,664,631,643,687,571,537,683,126,8,8,8,8,7,7,8,2
95WW15S2,753,747,683,643,748,467,809,450,9,9,8,8,9,6,10,6
95WW16S1,602,590,571,597,526,690,485,70,7,7,7,7,6,8,6,1
95WW16S2,238,250,361,239,99,579,212,201,3,3,5,3,2,7,3,3
95WW17W1,375,429,331,320,302,362,401,334,5,5,4,4,4,5,5,4
95WW18W1,485,519,511,397,309,784,368,169,6,6,6,5,4,9,5,2
95WW19S1,718,698,612,636,562,583,651,667,9,8,7,8,7,7,8,8
95WW19S2,888,887,869,878,854,458,890,861,10,10,10,10,10,6,10,10
95WW19S3,885,886,876,877,874,451,880,734,10,10,10,10,10,6,10,9
95WW20S1,743,741,758,801,626,288,711,518,9,9,9,9,8,4,8,6
95WW20S2,780,780,841,691,675,472,698,364,9,9,10,8,8,6,8,5
95WW20S3,879,846,852,872,823,557,836,746,10,10,10,10,10,7,10,9
95WW21S1,100,107,98,147,42,596,135,735,2,2,2,2,1,7,2,9
95WW21S2,439,379,513,383,270,584,360,434,5,5,6,5,4,7,5,5
95WW22S1,683,643,677,722,564,355,552,412,8,8,8,9,7,4,7,5
95WW22S2,138,127,181,139,120,347,144,381,2,2,3,2,2,4,2,5
95WW23S1,482,465,506,526,457,693,358,45,6,6,6,6,6,8,5,1
95WW23S2,884,876,885,864,859,549,791,611,10,10,10,10,10,7,9,7
95WW24S1,279,249,216,363,264,809,218,182,4,3,3,5,3,10,3,3
95WW24S2,108,100,127,120,118,760,206,64,2,2,2,2,2,9,3,1
95WW25W1,154,166,108,145,218,797,121,212,2,2,2,2,3,9,2,3
95XX01S1,851,851,799,854,816,315,889,811,10,10,9,10,10,4,10,10
95XX01S2,853,839,804,815,812,357,875,795,10,10,10,10,10,5,10,9
95XX01S3,757,785,721,706,609,377,855,710,9,9,9,8,7,5,10,8
95XX02W1,863,834,853,770,846,674,374,555,10,10,10,9,10,8,5,7
95XX03S1,774,827,779,821,523,310,819,844,9,10,9,10,6,4,10,10
95XX03S2,857,862,857,870,778,285,859,793,10,10,10,10,9,4,10,9
95XX04S1,855,840,817,809,755,405,817,802,10,10,10,10,9,5,10,10
95XX04S2,654,640,569,578,559,452,777,355,8,8,7,7,7,6,9,4
95XX05W1,545,528,495,456,556,614,364,156,7,6,6,6,7,7,5,2
95XX06S1,382,296,445,394,280,533,225,340,5,4,5,5,4,6,3,4
95XX06S2,568,598,656,465,385,423,400,214,7,7,8,6,5,5,5,3
95XX07S1,816,757,693,808,819,473,747,788,10,9,8,10,10,6,9,9
95XX07S2,844,708,805,769,834,606,635,826,10,8,10,9,10,7,8,10
95XX08S1,836,767,750,855,775,666,497,620,10,9,9,10,9,8,6,7
95XX08S2,843,831,806,762,747,590,667,514,10,10,10,9,9,7,8,6
95XX09S1,684,535,716,538,710,435,656,601,8,7,9,7,8,5,8,7
95XX09S2,784,658,755,780,762,530,516,783,9,8,9,9,9,6,6,9
95XX10S1,415,335,556,432,322,434,300,252,5,4,7,5,4,5,4,3
95XX10S2,819,799,827,819,699,448,771,442,10,9,10,10,8,6,9,5
95XX10S3,403,348,584,389,182,500,377,437,5,4,7,5,3,6,5,5
95XX11S1,521,493,505,450,404,388,443,515,6,6,6,6,5,5,5,6
95XX11S2,670,627,706,515,547,519,682,269,8,8,8,6,7,6,8,4
95XX11S3,168,164,225,128,86,558,205,580,2,2,3,2,1,7,3,7
95XX12W1,842,860,875,871,868,228,804,644,10,10,10,10,10,3,10,8
95XX13W1,856,867,874,860,863,264,835,619,10,10,10,10,10,3,10,7
95XX14W1,867,880,879,882,875,356,824,458,10,10,10,10,10,4,10,6
95XX15W1,211,215,202,212,180,432,244,385,3,3,3,3,3,5,3,5
95XX16W1,721,718,623,735,651,306,785,787,9,9,7,9,8,4,9,9
95XX17S1,250,320,315,364,342,792,6,7,3,4,4,5,4,9,1,1
95XX17S2,677,620,696,838,566,779,87,281,8,7,8,10,7,9,1,4
95XX18W1,696,618,697,611,820,722,189,249,8,7,8,7,10,9,3,3
95XX19W1,848,806,855,845,821,496,584,449,10,10,10,10,10,6,7,6
95XX20S1,307,373,388,195,176,604,221,193,4,5,5,3,2,7,3,3
95XX20S2,709,861,887,886,163,508,385,874,8,10,10,10,2,6,5,10
95XX21W1,791,756,708,782,825,505,576,478,9,9,8,9,10,6,7,6
95XX22W1,680,628,654,753,413,713,402,388,8,8,8,9,5,9,5,5
95XX23W1,525,521,638,485,247,608,293,291,6,6,8,6,3,7,4,4
95XX24S1,838,872,775,827,667,403,865,823,10,10,9,10,8,5,10,10
95XX24S2,711,697,658,408,744,560,626,688,8,8,8,5,9,7,8,8
95XX25W1,240,244,229,332,129,725,210,283,3,3,3,4,2,9,3,4
95YY01W1,363,384,367,330,488,74,632,690,5,5,5,4,6,1,8,8
95YY02W1,303,262,235,171,487,454,603,476,4,3,3,2,6,6,7,6
95YY03W1,502,613,420,517,639,68,675,798,6,7,5,6,8,1,8,9
95YY04W1,282,286,191,196,466,316,752,400,4,4,3,3,6,4,9,5
95YY05W1,389,383,284,374,628,425,282,216,5,5,4,5,8,5,4,3
95YY06W1,287,259,230,261,406,182,763,680,4,3,3,3,5,3,9,8
95YY07W1,281,293,249,335,497,37,753,834,4,4,3,4,6,1,9,10
95YY08W1,220,310,271,298,252,16,407,670,3,4,4,4,3,1,5,8
95YY09W1,561,582,456,460,521,346,638,497,7,7,6,6,6,4,8,6
95YY10W1,549,699,587,431,723,51,546,786,7,8,7,5,9,1,7,9
95YY11W1,200,207,224,180,328,151,566,149,3,3,3,3,4,2,7,2
95YY12W1,473,516,588,359,732,39,724,789,6,6,7,5,9,1,9,9
95YY13S1,239,176,241,122,474,277,825,743,3,2,3,2,6,4,10,9
95YY13S2,204,189,189,168,242,292,648,481,3,3,3,2,3,4,8,6
95YY14S1,331,330,317,142,426,367,688,584,4,4,4,2,5,5,8,7
95YY14S2,487,366,475,366,614,284,797,839,6,5,6,5,7,4,9,10
95YY15S1,564,676,825,454,193,455,375,262,7,8,10,6,3,6,5,3
95YY15S2,80,79,134,22,102,337,471,158,1,1,2,1,2,4,6,2
95YY16W1,420,560,519,452,671,19,312,817,5,7,6,6,8,1,4,10
95YY17W1,313,436,419,367,461,1,708,851,4,5,5,5,6,1,8,10
95YY18W1,284,316,417,362,499,6,345,805,4,4,5,5,6,1,4,10
95YY19W1,277,290,298,179,313,311,269,460,4,4,4,3,4,4,4,6
95YY20W1,262,349,243,306,631,7,668,868,3,4,3,4,8,1,8,10
95YY21W1,505,536,641,696,561,45,231,706,6,7,8,8,7,1,3,8
95ZZ01W1,294,338,176,337,338,181,834,722,4,4,2,4,4,3,10,9
95ZZ02W1,61,46,36,44,119,526,365,591,1,1,1,1,2,6,5,7
95ZZ03W1,97,86,57,108,205,270,727,467,2,1,1,2,3,4,9,6
95ZZ04W1,197,312,169,257,273,23,639,819,3,4,2,3,4,1,8,10
95ZZ05W1,170,236,124,184,324,34,630,845,2,3,2,3,4,1,8,10
95ZZ06W1,12,9,7,18,41,551,333,237,1,1,1,1,1,7,4,3
95ZZ07W1,179,174,106,230,293,140,843,679,3,2,2,3,4,2,10,8
95ZZ08W1,126,159,132,235,236,9,508,806,2,2,2,3,3,1,6,10
95ZZ09W1,134,153,92,144,222,201,660,322,2,2,2,2,3,3,8,4
95ZZ10W1,187,200,120,185,347,441,416,147,3,3,2,3,4,5,5,2
95ZZ11W1,261,398,265,368,468,4,468,856,3,5,3,5,6,1,6,10
95ZZ12W1,141,184,81,132,226,283,559,313,2,3,1,2,3,4,7,4
95ZZ13W1,269,371,258,349,241,50,695,731,4,5,3,4,3,1,8,9
95ZZ14S1,212,182,163,221,195,436,677,615,3,3,2,3,3,5,8,7
95ZZ14S2,410,432,256,358,424,474,851,610,5,5,3,5,5,6,10,7
95ZZ15W1,234,252,157,355,332,98,712,676,3,3,2,4,4,2,8,8
95ZZ16S1,254,212,175,259,337,468,761,413,3,3,2,3,4,6,9,5
95ZZ16S2,153,147,76,151,297,561,394,308,2,2,1,2,4,7,5,4
