lad_code,Children_and_young_people_Proportion,Children_and_young_people_Extent,Adult_skills_Proportion,Adult_skills_Extent,Geographical_barriers_Proportion,Geographical_barriers_Extent,Wider_barriers_Proportion,Wider_barriers_Extent,Indoors_Proportion,Indoors_Extent,Outdoors_Proportion,Outdoors_Extent
E06000001,0.1206896551724138,0.3129587723660597,0.29310344827586204,0.4400282623464974,0.034482758620689655,0.1704287205071859,0,0,0,0.03357677150345213,0,0
E06000002,0.3488372093023256,0.47541973788106034,0.38372093023255816,0.5258953526591584,0.046511627906976744,0.13480424195943164,0,0.0020620992938882978,0.011627906976744186,0.0728184775340116,0,0.06526935384545636
E06000003,0.13636363636363635,0.3097905183505007,0.19318181818181818,0.29786979086449833,0.056818181818181816,0.2047593961626599,0,0,0.011363636363636364,0.07106169365063807,0,0
E06000004,0.18333333333333332,0.2902589002907103,0.15833333333333333,0.2818962744608843,0.1,0.2577077819238946,0,0,0,0.013525269015490084,0,0.00831164305549529
E06000005,0.2153846153846154,0.3807141097994897,0.13846153846153847,0.2434516639340762,0.06153846153846154,0.15737898728973038,0,0,0,0.060207714941989954,0,0
E06000006,0.11392405063291139,0.29095101012974833,0.2911392405063291,0.43466391240295044,0.13924050632911392,0.27979717659587455,0,0,0.0759493670886076,0.21100725974296214,0.012658227848101266,0.05201947034902338
E06000007,0.07874015748031496,0.18732142465664028,0.08661417322834646,0.1571920469127834,0.07874015748031496,0.2593832322079792,0,0.013039307606145929,0.07086614173228346,0.13479858031932873,0,0.04861761360478875
E06000008,0.13186813186813187,0.2753510350041861,0.37362637362637363,0.5159337819443099,0.03296703296703297,0.09459315678412565,0,0.0017972500982463722,0.2857142857142857,0.47128516579431473,0,0.14587521856258434
E06000009,0.26595744680851063,0.43941720820794583,0.2553191489361702,0.4128297030729104,0,0.01462443082778649,0,0.025375505336306326,0.4148936170212766,0.6590826291982435,0,0.1430894438690868
E06000010,0.2891566265060241,0.4836061477685253,0.40963855421686746,0.5561044150575944,0.018072289156626505,0.09772954697410947,0,0.2530944646667708,0.18072289156626506,0.3358650867824037,0.21084337349397592,0.6893771154065027
E06000011,0.07142857142857142,0.12851260258097044,0.04285714285714286,0.10784145525444094,0.21428571428571427,0.3519740212869232,0,0.004097712333045275,0.09047619047619047,0.1900983573248112,0,0.0025015772039779396
E06000012,0.27358490566037735,0.3789056338829834,0.25471698113207547,0.42245734341981056,0.05660377358490566,0.1542224100486634,0,0.004540016957020826,0.1792452830188679,0.26910884176704397,0.09433962264150944,0.2906320685097858
E06000013,0.16831683168316833,0.2814095959209387,0.16831683168316833,0.2895973742933489,0.13861386138613863,0.25111682089062437,0,0,0,0.057021283123082384,0.0297029702970297,0.11179228370969226
E06000014,0.14166666666666666,0.21189938748007114,0.016666666666666666,0.06146072915432641,0.041666666666666664,0.14152233424362268,0,0.016838848076686393,0.05,0.17143020166666623,0,0.015678593734687957
E06000015,0.37748344370860926,0.5135918215035373,0.1456953642384106,0.30308993754696933,0,0.07798828681748683,0.013245033112582781,0.2252620902329679,0.09271523178807947,0.2364500557153593,0,0.04291465443520174
E06000016,0.19791666666666666,0.33641863006235473,0.4375,0.5379528601390949,0,0.025498987280363795,0,0.11545325229535754,0.057291666666666664,0.20024700870854717,0.041666666666666664,0.29832839662799177
E06000017,0,0,0,0.001772373231600697,0.30434782608695654,0.38369607654488314,0,0,0.043478260869565216,0.1544049979502882,0,0.005257092421086092
E06000018,0.34065934065934067,0.5252758357841606,0.34065934065934067,0.468148991798856,0.01098901098901099,0.06413762266940115,0.06593406593406594,0.44346835929872136,0.027472527472527472,0.1242874345496111,0.3626373626373626,0.7915943808897915
E06000019,0.09482758620689655,0.20747404044425358,0.04310344827586207,0.10117700907725972,0.45689655172413796,0.5746812043156767,0,0,0.45689655172413796,0.6280037398957765,0,0
E06000020,0.18518518518518517,0.3163203819412403,0.17592592592592593,0.31241456186234673,0.09259259259259259,0.30812909677690326,0,0,0.009259259259259259,0.07497776577373114,0,0
E06000021,0.20125786163522014,0.39621254631338937,0.3710691823899371,0.5917706213489201,0.006289308176100629,0.08596272057006496,0,0.03518805713528296,0.10062893081761007,0.2826042602673455,0.031446540880503145,0.04572296554547252
E06000022,0.0782608695652174,0.12583553170640874,0.017391304347826087,0.06365801568663065,0.10434782608695652,0.20768826541438654,0,0,0.06086956521739131,0.16722859053084532,0,0
E06000023,0.24714828897338403,0.38720987878481966,0.13688212927756654,0.22761400026920087,0,0.0347558509131799,0.11787072243346007,0.49719182807036233,0.03802281368821293,0.22883704162238402,0,0.02884587477671748
E06000024,0.06666666666666667,0.1444067368300718,0.02962962962962963,0.0660985830856238,0.15555555555555556,0.28983698176856204,0,0.002875582337794652,0.007407407407407408,0.07220239069673459,0,0.0014663894292105616
E06000025,0.06060606060606061,0.1931901362551245,0,0.04552182280277523,0.11515151515151516,0.2739985460463645,0,0.015827924394410952,0.03636363636363636,0.06878795416767904,0,0.009602958814931369
E06000026,0.17391304347826086,0.3553986401236808,0.062111801242236024,0.20337336353132912,0.037267080745341616,0.1310338773026542,0,0.11687604981863883,0.16770186335403728,0.33326247288241184,0.012422360248447204,0.07333949951815563
E06000027,0.11235955056179775,0.253737939260331,0.033707865168539325,0.14994583067305683,0.011235955056179775,0.10458979814943101,0,0.1382313498390459,0.19101123595505617,0.3283293975009726,0,0
E06000030,0.09848484848484848,0.2456272302336472,0.13636363636363635,0.21269900360320612,0.07575757575757576,0.2124835272330396,0,0.03887863271680193,0.007575757575757576,0.09490268247278244,0.022727272727272728,0.05702388139994813
E06000031,0.2767857142857143,0.4259658181082011,0.24107142857142858,0.4173590380985044,0.125,0.2012223623708343,0.09821428571428571,0.3761482386702671,0.008928571428571428,0.0767319108021839,0.017857142857142856,0.24206458277230686
E06000032,0.04132231404958678,0.188468950150553,0.09917355371900827,0.33323150664643686,0,0.059598293658587306,0.371900826446281,0.7456839128455888,0.008264462809917356,0.09110896913509209,0.0743801652892562,0.39906696313169976
E06000033,0.09345794392523364,0.25420347290780704,0.08411214953271028,0.253836986403543,0,0.026869843186472488,0,0.1674504895981319,0.028037383177570093,0.191545967840923,0,9.756724963484955e-4
E06000034,0.061224489795918366,0.18552956484803912,0.15306122448979592,0.4366243707920729,0.04081632653061224,0.16322200420951197,0.01020408163265306,0.29989831239143383,0.030612244897959183,0.11524746731922554,0.01020408163265306,0.048271437446905624
E06000035,0.15950920245398773,0.30977039296018033,0.06134969325153374,0.2389755763433241,0.018404907975460124,0.1065060634756894,0,0.13977358279934377,0.13496932515337423,0.25134573617479017,0.03067484662576687,0.29795094552932433
E06000036,0.05333333333333334,0.21220608460877874,0,0.015018201726790862,0.16,0.41387627240997926,0,0.059163338697820415,0,0,0,0
E06000037,0.030927835051546393,0.10774858443581327,0,0.02289259761877703,0.27835051546391754,0.4335752605507163,0,0,0.10309278350515463,0.2085737229839491,0,0
E06000038,0.13402061855670103,0.27812899637049404,0.061855670103092786,0.1355728522982151,0.010309278350515464,0.09711646153931279,0.20618556701030927,0.5846433915228203,0.020618556701030927,0.175703418167189,0.020618556701030927,0.1830546567592753
E06000039,0,0.0257483812792777,0.0125,0.20929844503341233,0,0.10262287537274002,0.6125,0.9205672496199618,0,0.041336141062059545,0.1625,0.5813511768025769
E06000040,0,0.06670633874082751,0,0.015605483052168002,0.11235955056179775,0.27000120329553895,0,0.0060619296104055575,0.011235955056179775,0.05896135717538617,0,0.04786596068595654
E06000041,0.010101010101010102,0.03209652931957686,0,0.0023189728353140916,0.20202020202020202,0.42704459971268116,0,0.005876044795611856,0,0.0035355393757346212,0,0.001252742588481128
E06000042,0.06578947368421052,0.14407517263641698,0.05921052631578947,0.16065686945154445,0.07236842105263158,0.24177250601353853,0.17105263157894737,0.41834796100391447,0.013157894736842105,0.02378631852890784,0.006578947368421052,0.03449752609871734
E06000043,0.14545454545454545,0.22706921886460985,0.04242424242424243,0.11942973516629435,0.01818181818181818,0.0347998763105184,0.08484848484848485,0.5412240960301716,0.09696969696969697,0.29193537539553854,0.006060606060606061,0.07747811116749641
E06000044,0.224,0.38745122145720906,0.152,0.19185276467156073,0.016,0.023097080612026033,0.024,0.4394607974257428,0.28,0.5516439212623699,0.608,0.8545859704786384
E06000045,0.19594594594594594,0.33810693245342377,0.14864864864864866,0.25536494342491356,0.013513513513513514,0.05756977608252873,0,0.19707083981992823,0.033783783783783786,0.18274518687168798,0.3783783783783784,0.8379754679439215
E06000046,0.12359550561797752,0.3779754230658033,0,0.07105096215646887,0.11235955056179775,0.23302827166967288,0,0.0053871125137632475,0.24719101123595505,0.4121058171026262,0,0.01852006076697821
E06000047,0.08024691358024691,0.2295362317484954,0.1111111111111111,0.28301121471590984,0.09567901234567901,0.2064395475640988,0,0,0.018518518518518517,0.03549427134746485,0,0.004132434160579992
E06000049,0.06837606837606838,0.16601868908388553,0.017094017094017096,0.09416691910756336,0.20085470085470086,0.37916509606608534,0,0,0.09829059829059829,0.23256736387080837,0.004273504273504274,0.015222746791524095
E06000050,0.10849056603773585,0.20183341105819655,0.07547169811320754,0.17012793948524443,0.14150943396226415,0.2593614987854275,0,6.889722051791391e-4,0.05660377358490566,0.18308316381748174,0.014150943396226415,0.04607452666503914
E06000051,0.07772020725388601,0.15574834541797464,0.010362694300518135,0.08206324803332829,0.33678756476683935,0.44911680735055215,0,0.0017508863937857068,0.35751295336787564,0.5100046826119853,0,0
E06000052,0.0705521472392638,0.17069711116108005,0.009202453987730062,0.04856378206161288,0.25766871165644173,0.4432570963246949,0,0.006641716506253191,0.588957055214724,0.7059988415530114,0,1.8681296714599555e-4
E06000053,0,0,0,0,0,0.5710526315789473,0,0,1,1,0,0
E06000054,0.10877192982456141,0.1927293380218576,0.007017543859649123,0.049571880070554346,0.28771929824561404,0.46768219484194024,0,0.0018683312689374832,0.10526315789473684,0.2093213053740259,0.007017543859649123,0.013044610902274897
E06000055,0.009708737864077669,0.16583655748102002,0.07766990291262135,0.1645589305803719,0.1553398058252427,0.2888234243630626,0,0.21043726186981881,0.038834951456310676,0.16215719782065663,0.009708737864077669,0.12963394643592754
E06000056,0.05732484076433121,0.1451826207848958,0,0.06281068640082813,0.15286624203821655,0.34779416495250476,0,0.002529154275338924,0.012738853503184714,0.048664335136077104,0.006369426751592357,0.047154578275614034
E06000057,0.17258883248730963,0.28238378131382197,0.06598984771573604,0.18228290995018703,0.2893401015228426,0.4329410112880098,0,0,0.1218274111675127,0.1365323123098958,0,0
E06000058,0.09871244635193133,0.22170900313468986,0.02145922746781116,0.10066362896668335,0.060085836909871244,0.16176405443408284,0,0.13940229498453657,0.034334763948497854,0.12228913148180039,0.02145922746781116,0.07073829412603469
E06000059,0.1004566210045662,0.18788757195937184,0,0.027287300440554395,0.2785388127853881,0.4499597605307947,0,0.027514285401966668,0.1780821917808219,0.26154859989503243,0,0.010384402276010816
E07000004,0.09565217391304348,0.17037497074027524,0.017391304347826087,0.0861778744276461,0.24347826086956523,0.4010377870049212,0,0.09470095859629661,0.0782608695652174,0.13793512789236237,0,0.0035365674988871477
E07000005,0,0.018074028482501173,0,0.005055771837529425,0.21052631578947367,0.3627362838864925,0,0.011563968868739633,0,0.03278584526220158,0,0
E07000006,0,0.030304943755206613,0,0.0011319202966511303,0.25,0.3750739463546251,0,0.03219656554779534,0,0,0.075,0.25101785875657734
E07000007,0.018691588785046728,0.14220027111586483,0.018691588785046728,0.0502464457059323,0.09345794392523364,0.24295581919226977,0.009345794392523364,0.13641324488000126,0.018691588785046728,0.04545342066278586,0,0.00815567758345031
E07000008,0.043478260869565216,0.10976579673074616,0,0,0.014492753623188406,0.09051163338585061,0,0.37131964938924983,0.08695652173913043,0.3169460810813653,0.028985507246376812,0.12043165845952557
E07000009,0.06,0.15127341524584845,0,0.03041630168171873,0.26,0.45764393897151884,0,0.010848222021168221,0,0.11744882866062663,0,0
E07000010,0.2727272727272727,0.49225034431023984,0.12727272727272726,0.41392581090813363,0.16363636363636364,0.33716645781544113,0,0.014578341682031766,0.07272727272727272,0.14879801750069824,0,0
E07000011,0.10476190476190476,0.1610063723520294,0.01904761904761905,0.06591309852218237,0.18095238095238095,0.37139313997721785,0,0.03867337843431703,0.009523809523809525,0.061159381316831886,0.01904761904761905,0.07032177507319591
E07000012,0,0.012443037646936977,0,0,0.3020833333333333,0.4165700487041746,0,0.010290715817818583,0.041666666666666664,0.12120413372253065,0,0.004803711547004841
E07000026,0.2,0.2839356895587598,0.13333333333333333,0.24880252224260263,0.31666666666666665,0.4315787297836554,0,0,0.35,0.45053487774999945,0,0
E07000027,0.2653061224489796,0.363456375734537,0.04081632653061224,0.20308155577192877,0,0.07731365546675957,0,0,0.46938775510204084,0.5680190598548501,0,0.005708429638432031
E07000028,0.2647058823529412,0.4046583345950554,0.14705882352941177,0.2548599585895521,0.16176470588235295,0.31933416615102395,0,0,0.17647058823529413,0.2817109048324036,0,0.007702435797009935
E07000029,0.2857142857142857,0.38596595264611866,0.08163265306122448,0.2685667545394822,0.2653061224489796,0.44192058560900577,0,0,0.1836734693877551,0.27614934369435784,0,0
E07000030,0.05555555555555555,0.14985069233110163,0,0.04176805706826408,0.5277777777777778,0.6826019776884389,0,0,0.6388888888888888,0.7705626141205112,0,0
E07000031,0.01694915254237288,0.08453262695360046,0,0.005823220458639659,0.3050847457627119,0.4088767355194184,0,0,0.423728813559322,0.6354749653098982,0,0
E07000032,0.1282051282051282,0.26632728308354225,0.1282051282051282,0.23995237271844214,0.11538461538461539,0.29005050492207907,0,0,0.0641025641025641,0.15791370214598238,0,0
E07000033,0.1875,0.4372207470432437,0.22916666666666666,0.4634445695588355,0.020833333333333332,0.2231173792895679,0,0,0,0.014670367861077541,0.041666666666666664,0.16484379802259216
E07000034,0.08695652173913043,0.2677506566162685,0.11594202898550725,0.263900010933108,0.028985507246376812,0.12449567890318253,0,0.0015547181903237453,0.014492753623188406,0.06996894392726309,0,0
E07000035,0.023255813953488372,0.04939799656464825,0.023255813953488372,0.04280417826698163,0.27906976744186046,0.45836492554881336,0,0,0.16279069767441862,0.4004388130882,0,0
E07000036,0.1917808219178082,0.31569298429184817,0.1232876712328767,0.24367275112024067,0.0410958904109589,0.08931877341674789,0,0,0.0958904109589041,0.22527232725530472,0,0.019004670040697638
E07000037,0.11864406779661017,0.15690591436032472,0.05084745762711865,0.06761961474164964,0.0847457627118644,0.24102707573649879,0,0,0.11864406779661017,0.30341007178523427,0,0
E07000038,0.09523809523809523,0.23144602307084172,0.06349206349206349,0.23841322081857494,0.09523809523809523,0.24844361860390934,0,0,0.015873015873015872,0.019391737991792175,0,0.07806112722128013
E07000039,0.15517241379310345,0.23966202561740316,0.017241379310344827,0.11163625113036683,0.1724137931034483,0.3583562502388099,0,0,0.017241379310344827,0.08857421999380155,0.05172413793103448,0.09781234212012242
E07000040,0.037037037037037035,0.11281229794387689,0,0.008600649622321448,0.2222222222222222,0.3933510698990575,0,0,0.2345679012345679,0.3813975627752717,0,0
E07000041,0.0945945945945946,0.2056960035150888,0.02702702702702703,0.09471638214180599,0,0.12362802947911783,0,0.03850535774329956,0.21621621621621623,0.37290872340728826,0,0
E07000042,0.09302325581395349,0.21176267709307448,0,0.07633053758519844,0.3953488372093023,0.5058810905401776,0,0,0.5116279069767442,0.6029302778068036,0,0
E07000043,0.08620689655172414,0.19433582549223677,0,0.0806804398690275,0.3103448275862069,0.4315539344846898,0,0.020717011779251653,0.41379310344827586,0.47422929576016254,0,0
E07000044,0,0.016989690197503276,0,0.008502176913433124,0.32653061224489793,0.5174533770989451,0,0,0.3877551020408163,0.49213837257895104,0,0
E07000045,0.03571428571428571,0.1281049267227939,0,0.02701555396911361,0.21428571428571427,0.3539013137380401,0,0,0.3333333333333333,0.4097737884233502,0,0
E07000046,0.08108108108108109,0.2759764446857281,0,0.05430881764672266,0.4594594594594595,0.5670152580147437,0,0,0.5405405405405406,0.5974120743407559,0,0
E07000047,0,0.046047582576796045,0,0,0.3548387096774194,0.5319097911615631,0,0,0.5806451612903226,0.6534453707723753,0,0
E07000061,0.19672131147540983,0.34796372167944806,0.01639344262295082,0.11061947312804729,0.06557377049180328,0.19890335428214775,0,0.13755224329462845,0,0.0883781199211484,0,0
E07000062,0.22641509433962265,0.45782071590213663,0.1320754716981132,0.20849497625089947,0.03773584905660377,0.14145395903258695,0,0.5335168018374138,0.18867924528301888,0.37169182787068716,0,0
E07000063,0.14516129032258066,0.2712629757604369,0,0.0600929094279622,0.14516129032258066,0.35857164315494283,0,0.029439288043301898,0.08064516129032258,0.1679368527821014,0,0.002335950903291919
E07000064,0.08620689655172414,0.16375101092933206,0.05172413793103448,0.07935425335809262,0.27586206896551724,0.42241244448360143,0,0.06828737275844775,0.1724137931034483,0.3290134176866322,0,0
E07000065,0.05263157894736842,0.08554741340243906,0,0.03244314386322973,0.3157894736842105,0.48958976304208446,0,0.012721608856633575,0.16842105263157894,0.24655519786774802,0,0.04050122356084739
E07000066,0.16363636363636364,0.3525496453787876,0.22727272727272727,0.44886445714563405,0.08181818181818182,0.21026110557816458,0,0.22888281952139222,0,0.0014823539825210312,0.00909090909090909,0.05915275338733475
E07000067,0.05747126436781609,0.1643569038520036,0.022988505747126436,0.12901491921526395,0.13793103448275862,0.308462747415273,0,0,0.05747126436781609,0.14875251305037987,0,0
E07000068,0,0.05739878635242346,0,0.023236377463822372,0.13043478260869565,0.2857676779018735,0,0.07112885481901025,0,0.001961310419747913,0,0.036022352387650794
E07000069,0.05263157894736842,0.19013396903858135,0.22807017543859648,0.45641034266236097,0.03508771929824561,0.155744067852624,0,0.024210001085868592,0,0.019675584952693895,0,0
E07000070,0.018691588785046728,0.06420245333235663,0.009345794392523364,0.05326223308793905,0.1308411214953271,0.3022582835830006,0,0.12462536168186644,0.04672897196261682,0.10483373316729541,0,0
E07000071,0.08571428571428572,0.1728173161981941,0.0380952380952381,0.10465525740848475,0.14285714285714285,0.29117744500774745,0.009523809523809525,0.19699667331169426,0.0380952380952381,0.11555174127427417,0,0.011864263261497966
E07000072,0.01282051282051282,0.06865036971654656,0.02564102564102564,0.1781878230083307,0.14102564102564102,0.2672522581574998,0,0.03391562026963536,0.01282051282051282,0.08049070395561284,0.01282051282051282,0.09036334900248594
E07000073,0,0.09859143376105932,0.018518518518518517,0.381346735620912,0.018518518518518517,0.13203393437011404,0.018518518518518517,0.44985829840905656,0,0,0,0
E07000074,0.05,0.14919394699980562,0,0.06240855824458636,0.3,0.421415215103849,0,0,0.075,0.29400689981033057,0,0
E07000075,0.03773584905660377,0.1214718703510584,0.03773584905660377,0.09715648491827747,0.05660377358490566,0.18670300769531112,0,0.039686145474494755,0,0.016230520780305534,0,0
E07000076,0.19101123595505617,0.3581305377485607,0.1797752808988764,0.48781236892216434,0.11235955056179775,0.20802255745153134,0,0.014418357764076595,0.06741573033707865,0.17459617818790577,0.033707865168539325,0.08758807502570516
E07000077,0,0.012244493929501294,0,0,0.41304347826086957,0.5629009293376037,0,0,0.021739130434782608,0.10298379450180523,0,0
E07000078,0.10666666666666667,0.2056241784215582,0.06666666666666667,0.1300862025380454,0.02666666666666667,0.16101156619936005,0,0.026844827306017196,0.05333333333333334,0.14044445588033483,0,0
E07000079,0.0196078431372549,0.041960807475273955,0,0.017865285847526655,0.47058823529411764,0.5876400875593387,0,0,0.19607843137254902,0.33135952607708075,0,0.012526085693965591
E07000080,0.12,0.2704476322759225,0.02,0.12538184280223827,0.34,0.49146364154569167,0,0,0.24,0.4543711853057729,0,0.01911432507915646
E07000081,0.16666666666666666,0.32993366473375046,0.08974358974358974,0.20394462652475298,0.01282051282051282,0.18863224279667626,0.01282051282051282,0.1730549608457208,0.08974358974358974,0.19245450831901684,0,0.0020091374470193202
E07000082,0.028985507246376812,0.05614860643996995,0,0.027334919543193194,0.15942028985507245,0.3458444697044133,0,0,0.043478260869565216,0.16620300301166532,0,0
E07000083,0.1,0.1431463466651156,0,0.04834361511597754,0.28,0.4377330214263383,0,0.004096414887197268,0.04,0.16319509576538388,0,0.0036400661136194532
E07000084,0.08256880733944955,0.19940112484377168,0,0.07333010813715485,0.26605504587155965,0.48349723468358863,0,0.006471700790349164,0.03669724770642202,0.08038115177239875,0,0.03266605483537914
E07000085,0.027777777777777776,0.07562265374119917,0.013888888888888888,0.02490519628979605,0.19444444444444445,0.4270384793094671,0,0.002485072184733319,0.05555555555555555,0.09850515655914856,0.027777777777777776,0.15473728109344417
E07000086,0.06493506493506493,0.13305444503977248,0,0.028212251633604194,0.07792207792207792,0.2784083698317489,0,0,0.012987012987012988,0.026147624035782795,0.03896103896103896,0.12846554036766245
E07000087,0.0410958904109589,0.06459349459756596,0,0.021027613963804648,0.136986301369863,0.34052156815438084,0,0.003438722607424952,0,0.028546469706067005,0.0273972602739726,0.24789157479832827
E07000088,0.3018867924528302,0.5140149268838531,0,0.12838424151273328,0.018867924528301886,0.07388705047184427,0,0.09167052185722277,0.09433962264150944,0.24613849624592407,0,0.0015738492023326125
E07000089,0,0.00827176394824659,0,0.0030343656694572906,0.19298245614035087,0.43319893170077584,0,0,0,0.00982877103771665,0,0.023353182734366502
E07000090,0.32051282051282054,0.3787504734285805,0.1794871794871795,0.29435055430685353,0.08974358974358974,0.20329491330379196,0,0,0,0.07280555700422088,0,0.13476737664567193
E07000091,0.03508771929824561,0.13881750324773026,0.008771929824561403,0.028237212750185318,0.2631578947368421,0.4441638177160933,0,0.008301315972961267,0.06140350877192982,0.08038412025042385,0,0.03593216830949217
E07000092,0.034482758620689655,0.13528792348439345,0.034482758620689655,0.1256837913142354,0.034482758620689655,0.1421257813217237,0.017241379310344827,0.22534040242147513,0.017241379310344827,0.030134075969192885,0.017241379310344827,0.05912148522747509
E07000093,0.07042253521126761,0.08263813230584537,0.014084507042253521,0.047194525018129076,0.323943661971831,0.5335201250125776,0,0,0.1267605633802817,0.1917528303916228,0,0.04535498731831886
E07000094,0.07142857142857142,0.10022350360920952,0,0.020492171631704182,0.24285714285714285,0.45770637844415485,0,0.018482069225232264,0.08571428571428572,0.14095418165177293,0,0.12224780710782644
E07000095,0.017857142857142856,0.11491847408805572,0.017857142857142856,0.31109505991828007,0.03571428571428571,0.10276929071336333,0.2857142857142857,0.6864930988371553,0,0.039955648067745445,0,0.051782848218135426
E07000096,0.0425531914893617,0.13669506587932426,0.010638297872340425,0.09799030981182394,0.07446808510638298,0.14705386511788218,0,0.17590494877727816,0.010638297872340425,0.04055694037462696,0,7.900890511322573e-4
E07000098,0,0.047415334724841995,0,0.0652273259512965,0.03225806451612903,0.15463792287994332,0.03225806451612903,0.3125239861774311,0,0.007659964397650387,0.016129032258064516,0.05988970312497608
E07000099,0.06097560975609756,0.11125407850647583,0,0.0510517038049531,0.13414634146341464,0.2972538089721344,0,0.01794892764122659,0.012195121951219513,0.09711372309705354,0,0.009696897835687225
E07000102,0,0.08288930437469862,0.018867924528301886,0.09792399476419078,0.05660377358490566,0.24194008174788417,0,0.06246724035815869,0,0.012090493726718507,0,0.02146524109548357
E07000103,0,0.03179963859081006,0,0.06286209202168454,0,0.01775171363456592,0.09433962264150944,0.5198273582823667,0.05660377358490566,0.17562317957054796,0,0.12908530043504574
E07000105,0.10256410256410256,0.24021211399923542,0.0641025641025641,0.13624655425596324,0.2948717948717949,0.4176845745649038,0,0.07790113933895174,0.08974358974358974,0.22744227251725047,0,0
E07000106,0.1,0.18916204096984535,0.011111111111111112,0.09517058462280915,0.15555555555555556,0.333309318937222,0,0.10337416275134763,0.022222222222222223,0.12628702823743562,0,0
E07000107,0.034482758620689655,0.1187967092490477,0.017241379310344827,0.13465880293164162,0.10344827586206896,0.2241822306972384,0,0.2534595028491339,0.017241379310344827,0.08247979628781411,0.39655172413793105,0.7234715358583165
E07000108,0.16417910447761194,0.30122567008463097,0.05970149253731343,0.1652870319938909,0.1791044776119403,0.2785299196371656,0,0.10698602720329727,0.05970149253731343,0.1774297439913448,0,0
E07000109,0.078125,0.2739183056728991,0.078125,0.2735557867852244,0.046875,0.11547716427236089,0,0.0363902199807327,0.015625,0.09544423063997788,0,0.09378445522594261
E07000110,0.11578947368421053,0.1582956792048685,0.06315789473684211,0.09959140545054786,0.1368421052631579,0.24102042473341392,0,0.18067848636847517,0.14736842105263157,0.2817104522104026,0.010526315789473684,0.03983825049425071
E07000111,0,0.0645523543127696,0.02702702702702703,0.08303313609203901,0.25675675675675674,0.4318218280860616,0,0.003071285245653378,0.0945945945945946,0.11967750268914785,0,0.05670545423771844
E07000112,0.13432835820895522,0.3357830814951397,0,0.16186134412306732,0.19402985074626866,0.31638853776039544,0,0.0626390684462572,0.08955223880597014,0.28012589833256824,0,0.0020859667970340996
E07000113,0.25882352941176473,0.3772224376416725,0.18823529411764706,0.35490579196906324,0.12941176470588237,0.258196330298534,0,0.10158449099496887,0.1411764705882353,0.2381760123842525,0,0.018081169301757072
E07000114,0.23809523809523808,0.40258738742265543,0.14285714285714285,0.2941654012733483,0.023809523809523808,0.11975007321338632,0,0.21903841651302516,0.047619047619047616,0.21507702650512792,0,0.004511807870006148
E07000115,0.05555555555555555,0.16726721178876397,0.013888888888888888,0.09193376352256945,0.20833333333333334,0.35572411677792415,0,0.01630514423585896,0.05555555555555555,0.11954899173613201,0.013888888888888888,0.05656983573109225
E07000116,0.058823529411764705,0.10486538574375222,0,0.044263424189493535,0.11764705882352941,0.2903739635943473,0,0.025641003073673372,0.1323529411764706,0.2697199391584183,0,0.001029500042877968
E07000117,0.25,0.4258583346703032,0.21666666666666667,0.3786406695384378,0.05,0.09021573265749003,0,0.003513556874699181,0.4166666666666667,0.5256426502643582,0,0.15374778796823596
E07000118,0.07575757575757576,0.17149704215392156,0.015151515151515152,0.09053550787954291,0.12121212121212122,0.30564875707985,0,0,0.06060606060606061,0.1634733935852275,0,0.016958980179733282
E07000119,0,0.11297733509433444,0,0.011441226587467237,0.0784313725490196,0.2200954635972326,0,0,0.09803921568627451,0.21441589280704032,0,0
E07000120,0.21153846153846154,0.3310113609263757,0.15384615384615385,0.34273808640032793,0.019230769230769232,0.08248115983541668,0,0,0.46153846153846156,0.6317284401572253,0,0.11696577268818319
E07000121,0.15730337078651685,0.27302057637250843,0.02247191011235955,0.10255175228526325,0.0898876404494382,0.22498583902023275,0,0.0038073716621351513,0.3707865168539326,0.5110796818637424,0,0.015823535060710277
E07000122,0.15789473684210525,0.37597143818679307,0.24561403508771928,0.4107498939174458,0.05263157894736842,0.11536616771286012,0,0,0.631578947368421,0.7410900311663228,0,0.2030427110311224
E07000123,0.10465116279069768,0.2709624393174547,0.20930232558139536,0.35229740097122053,0.046511627906976744,0.12912970183146696,0,0.006681610635528438,0.313953488372093,0.45672838393382176,0.03488372093023256,0.2788564640660762
E07000124,0,0.015383262835912043,0,0,0.3,0.4519583383174695,0,0,0.125,0.3091381926337914,0,0
E07000125,0.13953488372093023,0.2122187708026585,0.023255813953488372,0.12255205308497263,0.06976744186046512,0.22211075240609515,0,0,0.20930232558139536,0.3964046940653948,0,0.016357315181410554
E07000126,0.02857142857142857,0.10699781431515608,0.02857142857142857,0.03627221972970444,0.04285714285714286,0.18160766597169403,0,0,0.11428571428571428,0.2819710510720892,0.014285714285714285,0.09277694738281633
E07000127,0.0547945205479452,0.15583857159835632,0.1095890410958904,0.19490582820736696,0.1780821917808219,0.3799682803049657,0,0,0.0136986301369863,0.11553282443319585,0,0
E07000128,0.13043478260869565,0.16667847777477762,0.10144927536231885,0.135293777091479,0.11594202898550725,0.27403856779223723,0,0,0.08695652173913043,0.2383384725666795,0,5.463458273236806e-4
E07000129,0.016666666666666666,0.05408234014517469,0,0.025766866125793972,0.13333333333333333,0.2769400439664435,0,0,0,0.01814957572491508,0.03333333333333333,0.1040090353560745
E07000130,0.0707070707070707,0.1613716294195043,0,0.07345019324416127,0.0707070707070707,0.13989779076989084,0,0.025717398104004804,0.020202020202020204,0.046367015777124564,0.010101010101010102,0.04669905981449882
E07000131,0.02127659574468085,0.03650849466472938,0,0.005237900591538534,0.2553191489361702,0.38234211061806317,0,0,0.06382978723404255,0.1256260479252122,0,0
E07000132,0.09090909090909091,0.25995450838083856,0,0.09189430649633114,0.15151515151515152,0.28066528645859834,0,0,0.015151515151515152,0.06368906645498305,0.015151515151515152,0.04734188790946455
E07000133,0.06666666666666667,0.1007860238554625,0,0.07724899913650993,0.26666666666666666,0.4094150371218099,0,0.004060520738222035,0.13333333333333333,0.2687381993133395,0,0
E07000134,0.10344827586206896,0.19655781841677045,0.034482758620689655,0.1287072691615958,0.13793103448275862,0.31169881541275174,0,0,0.06896551724137931,0.08801403573817446,0,0.01620034452441429
E07000135,0.1111111111111111,0.15677129555812938,0,0.07968286991772085,0.05555555555555555,0.18231505994193828,0,0,0,0.04226343804996916,0,0
E07000136,0.2777777777777778,0.4780534307397889,0.3333333333333333,0.596142606339377,0.3333333333333333,0.4660723023183569,0,0,0.2777777777777778,0.3617998351088511,0,0
E07000137,0.18518518518518517,0.33123603853478756,0.2222222222222222,0.3853386698850147,0.2716049382716049,0.472434216244322,0,0.0017485663052378448,0.2345679012345679,0.40853157025599895,0,0.038574470550743103
E07000138,0.2631578947368421,0.4043389722684193,0.17543859649122806,0.27431266768285184,0,0.07856241860088897,0,0.28740243720483855,0.05263157894736842,0.24841896487930656,0,0
E07000139,0,0.03266612214489658,0,0.024784896698809396,0.25,0.387380379576399,0,0,0.0625,0.14633315724731577,0.015625,0.019441984035910284
E07000140,0.08163265306122448,0.2951276638085432,0.061224489795918366,0.37524195990551745,0.3673469387755102,0.4923431997715808,0,0,0.04081632653061224,0.18479380268853948,0,0
E07000141,0.04938271604938271,0.09277125790742496,0.037037037037037035,0.07889385924632497,0.2345679012345679,0.4081039022047139,0,0.008830373272752537,0.06172839506172839,0.20400006570639662,0,0
E07000142,0.17307692307692307,0.20882096158876504,0.038461538461538464,0.10012447613579874,0.4230769230769231,0.5496906922311264,0,0,0.09615384615384616,0.24907119910406622,0,0.07429178542431726
E07000143,0.24358974358974358,0.4088105873087089,0.07692307692307693,0.19458555076957676,0.3333333333333333,0.49793518272299414,0,0,0.19230769230769232,0.28143755469155424,0,0
E07000144,0,0.05257999728998866,0,0.007063361893749264,0.21428571428571427,0.40922380620260074,0,0,0.047619047619047616,0.12208060704253802,0,0.028225266782327063
E07000145,0.32786885245901637,0.4972260545395838,0.26229508196721313,0.46026690719090985,0.09836065573770492,0.19031718245062534,0,0.11273559856646126,0.29508196721311475,0.4552010343254069,0,0
E07000146,0.1797752808988764,0.4303724931357754,0.07865168539325842,0.22920770616421454,0.30337078651685395,0.4997414542100287,0,0.019731109594813282,0.1797752808988764,0.36047779387249435,0.02247191011235955,0.05730711537638497
E07000147,0.03225806451612903,0.2407767614853179,0,0.08065854316150335,0.3709677419354839,0.5995361585170195,0,0.02161250654832019,0.3709677419354839,0.5731976101066082,0,0
E07000148,0.40963855421686746,0.5152455428206056,0.21686746987951808,0.3195745743660732,0.012048192771084338,0.07129581820662569,0,0,0.08433734939759036,0.2167454612233323,0,0.0021593084525984795
E07000149,0.024691358024691357,0.061263644901016164,0,0.03340329535566903,0.35802469135802467,0.5953763086287964,0,0,0.2716049382716049,0.3844550323514179,0,5.541200771347336e-4
E07000150,0.2682926829268293,0.43108947297602473,0.36585365853658536,0.5853203320919098,0.07317073170731707,0.3133469409916017,0,0.0693086454530933,0,0.002787694564202153,0,0.024943640216453036
E07000151,0.09090909090909091,0.19246870055800555,0.045454545454545456,0.07914545470384558,0.3181818181818182,0.5571039329776805,0,0,0.06818181818181818,0.20954472990640488,0,0
E07000152,0.12244897959183673,0.25286112704992264,0.04081632653061224,0.11192154287176741,0.22448979591836735,0.37521038257432776,0,0,0.02040816326530612,0.16283535292034734,0,0
E07000153,0.12280701754385964,0.24312173934143794,0.03508771929824561,0.1212643064553962,0.10526315789473684,0.2684468278426202,0,0.04893040962634031,0.03508771929824561,0.16848360335293433,0,0.005684485533797607
E07000154,0.15037593984962405,0.33798608406634384,0.06766917293233082,0.1992869171072175,0.03759398496240601,0.16832821796164338,0.022556390977443608,0.32427387819625586,0.05263157894736842,0.15714888737398588,0.007518796992481203,0.12067127758991976
E07000155,0,0.038689431983433095,0,0.015125598488848879,0.2549019607843137,0.4603478175608707,0,0,0.11764705882352941,0.18830429045477473,0,0
E07000156,0.14893617021276595,0.31670374428239983,0.10638297872340426,0.3093818412632615,0.0425531914893617,0.18206788783038336,0,0.1592110546973805,0,0.05825147963890061,0,0
E07000163,0.0625,0.07670100896205691,0,0.02298419713885437,0.21875,0.3673832415380873,0,0,0.46875,0.6874067355900948,0,0
E07000164,0.11538461538461539,0.15211504458906885,0,0.026594945909971097,0.38461538461538464,0.5246151994325133,0,0,0.25,0.3598703346838798,0,0.002783091797037054
E07000165,0.019230769230769232,0.08748364272822177,0,0.017223729958228066,0.25961538461538464,0.35631017139261273,0,0.0034106063578115335,0.16346153846153846,0.31300763492939054,0.009615384615384616,0.022656006245384087
E07000166,0.11764705882352941,0.23288049382468823,0,0.0343203652620565,0.4411764705882353,0.5482443290762815,0,0,0.23529411764705882,0.3010011164122615,0,0.0026376866736421535
E07000167,0.03333333333333333,0.11875624193236407,0,0.09102558156059162,0.4666666666666667,0.5938318359274771,0,0,0.5333333333333333,0.665399365247289,0,0
E07000168,0.22535211267605634,0.38338647342759935,0.07042253521126761,0.1538279614606092,0.18309859154929578,0.2582387272476726,0,0.04035049576591609,0.38028169014084506,0.48054914298207474,0,0
E07000169,0.08,0.21113071055531304,0.02,0.07371653485624981,0.34,0.44791515702787094,0,0,0.02,0.11707313723036349,0,0
E07000170,0.21621621621621623,0.3765723735851033,0.2702702702702703,0.4252487794739525,0.04054054054054054,0.1491434703187401,0,0.004859936038174365,0,0.02222775657026963,0,0.002461069446153964
E07000171,0.11428571428571428,0.27432946690056215,0.15714285714285714,0.3174882547098001,0.17142857142857143,0.35102252161998704,0,0,0.05714285714285714,0.14457298877088712,0,0.013963557093470436
E07000172,0.028169014084507043,0.13062972756874078,0.028169014084507043,0.091178656155128,0,0.13616226246562782,0,0,0.028169014084507043,0.082154832479412,0,0.07706965917973665
E07000173,0.07792207792207792,0.17086391069371523,0.012987012987012988,0.09178077380774351,0.012987012987012988,0.1634372940928029,0,4.382566169000012e-4,0,0.02413234615701831,0,0.0012483130904183532
E07000174,0.2537313432835821,0.45752116994114805,0.31343283582089554,0.49670756893169427,0.014925373134328358,0.14603254601196752,0,0.019558585778925674,0,0.041713853372896556,0,0.047436514821423276
E07000175,0.17142857142857143,0.2795860409005865,0.14285714285714285,0.24821353041460226,0.21428571428571427,0.34417499165900306,0,0.001465134632846509,0.04285714285714286,0.10054657536755099,0,0.06331571488484958
E07000176,0.014705882352941176,0.03543492609214044,0,0.024975492101930636,0.16176470588235295,0.27846200095532203,0,0,0.014705882352941176,0.06964554497789428,0,0.010335459665415117
E07000177,0.10752688172043011,0.22089712671022665,0.07526881720430108,0.13053653992133046,0.23655913978494625,0.357769232445547,0,0.018863051113395243,0.0967741935483871,0.1812657765800188,0.03225806451612903,0.17323674585677495
E07000178,0.13253012048192772,0.23133382931850682,0.060240963855421686,0.09869361655515504,0.012048192771084338,0.06349520207483728,0,0.3956222674890903,0.024096385542168676,0.19410767572775106,0.10843373493975904,0.4773942680714817
E07000179,0.056179775280898875,0.0996960462518547,0,0.03303648514632108,0.2808988764044944,0.4436173915103061,0,0,0.07865168539325842,0.14866381068951448,0,0.0037891359790469983
E07000180,0.013157894736842105,0.08811080941007741,0.013157894736842105,0.011419855532900248,0.3157894736842105,0.5183118454536455,0,0,0,0.08644855595292465,0,0.017092347968883752
E07000181,0.030303030303030304,0.08844868918975891,0,0.02986252956646512,0.19696969696969696,0.3885240197696129,0,0,0.06060606060606061,0.10999573070177861,0,0
E07000187,0.045454545454545456,0.13886715007158074,0,0.0295202023048626,0.25757575757575757,0.49449610251265347,0,0,0.13636363636363635,0.30938151694829275,0,0
E07000188,0.11428571428571428,0.2840424781583394,0.08571428571428572,0.18034785004812326,0.24285714285714285,0.3720730553879893,0,0,0.24285714285714285,0.40909724932853014,0.014285714285714285,0.06160112744717938
E07000189,0.05825242718446602,0.18193403801328586,0.009708737864077669,0.08767261637872095,0.2621359223300971,0.3774149598211588,0,0.014185945196505852,0.3106796116504854,0.43191918758287784,0,6.029847139145663e-4
E07000192,0.18333333333333332,0.2921519684071586,0.13333333333333333,0.35504734651126746,0.06666666666666667,0.18267040201783774,0,0,0,0.032492104461580386,0.016666666666666666,0.04108712613089226
E07000193,0.1111111111111111,0.2692265690770071,0.08333333333333333,0.24875385546723058,0.1388888888888889,0.2383000379839992,0,0.04071149691653928,0.3055555555555556,0.4858090272261271,0,0.032783158844336815
E07000194,0.034482758620689655,0.09639325289617123,0.034482758620689655,0.09425365671934433,0.1896551724137931,0.36119894163077193,0,8.411434845692315e-4,0,0.04770158652189077,0,0.005022352064624915
E07000195,0.1,0.18973191967962122,0.1375,0.25649679285196586,0.05,0.20200334218802957,0,0,0.025,0.13741530959422865,0.0125,0.011114351702229965
E07000196,0.029411764705882353,0.11764861504914717,0.014705882352941176,0.06861279676044653,0.1323529411764706,0.3769540061659087,0,0,0.029411764705882353,0.08635148300734402,0,0.09327550912920494
E07000197,0.05,0.11163337820448815,0.0125,0.059684470370000554,0.3125,0.4369065047936749,0,0,0.075,0.1658524897877021,0,0
E07000198,0.05084745762711865,0.10390469474888102,0.03389830508474576,0.09909721535478268,0.23728813559322035,0.3913723132784989,0,0,0.1864406779661017,0.2871487483822701,0,0
E07000199,0.19607843137254902,0.3328214629924398,0.11764705882352941,0.2916990318432383,0.058823529411764705,0.2558218070075328,0,0.02441415048749122,0,0.05604951223574316,0,0
E07000200,0.05555555555555555,0.13406114981558456,0.018518518518518517,0.09974123294889056,0.3888888888888889,0.5708171067267724,0,0.00447107897664071,0.07407407407407407,0.33560953691235873,0,0
E07000202,0.23529411764705882,0.42321295198430076,0.2235294117647059,0.3487675952703668,0,0.07325868650011885,0,0.16291058816154505,0.18823529411764706,0.3805416549129152,0,0
E07000203,0.03571428571428571,0.08405851313203858,0,0.028922562263455565,0.48214285714285715,0.6253849679409944,0,0,0.21428571428571427,0.4313812331049066,0,0
E07000207,0.012345679012345678,0.061299844279749126,0,0.0012433713939644599,0.1111111111111111,0.2909934532190089,0,0,0,0,0,0.12609641672387292
E07000208,0.022727272727272728,0.037913365411770546,0,0.014690173412731149,0.06818181818181818,0.2420876206882441,0,0.06096456010212506,0,0,0,0.024205468360612072
E07000209,0.07142857142857142,0.13114972280420656,0.011904761904761904,0.034266503436413624,0.21428571428571427,0.3812849039156359,0,6.384844885217815e-4,0,0.033941436300217655,0.011904761904761904,0.13547873523694312
E07000210,0.018518518518518517,0.04590446949077262,0,0.018947047710794376,0.2037037037037037,0.3753841866848362,0,0.006381982860759707,0.018518518518518517,0.08646790295428607,0,0.05199040047634549
E07000211,0.023255813953488372,0.10238752930010919,0,0.02490693987582671,0.12790697674418605,0.27478389503898654,0,0.03571329064348313,0,0.0076036195582295215,0.046511627906976744,0.2744833679035108
E07000212,0.019230769230769232,0.09537550902623651,0,0.026255040722098916,0.15384615384615385,0.27293897010740326,0,0.22955761161421998,0,0.009425345295656308,0.07692307692307693,0.3895050803543119
E07000213,0.03333333333333333,0.14454452946399082,0.016666666666666666,0.09495880316878905,0.05,0.16208510973669196,0.016666666666666666,0.29805213082620985,0,0.012580876392349956,0.35,0.812361998121373
E07000214,0.01818181818181818,0.06825534942297316,0,0.02330043422983939,0.12727272727272726,0.32043131940356423,0,0.02420228008094125,0,0.006727029265450311,0,0.11185562441723912
E07000215,0,0.09282244300604153,0,0,0.34,0.45070214032882333,0,0,0,0.032703266301797505,0.02,0.17314260404835677
E07000216,0.036585365853658534,0.051269602993622376,0,0.012637397616255602,0.2073170731707317,0.40817153741455026,0,0,0.012195121951219513,0.03522868726840445,0,0.011074781566490915
E07000217,0,0.048552339690932284,0,0.04869421811540417,0.11475409836065574,0.24614001555346135,0,0.12668752971003008,0.01639344262295082,0.03539939662577454,0,0.017384485318032834
E07000218,0.10526315789473684,0.2458252378336904,0.07894736842105263,0.2295951900782786,0.15789473684210525,0.32678076534441336,0,0.007891173005404447,0,0.08945477491226671,0.07894736842105263,0.23390474912685996
E07000219,0.14814814814814814,0.28398389578362865,0.12345679012345678,0.3398046192469871,0.012345679012345678,0.11867137928468477,0,0.06077828454218885,0.024691358024691357,0.14737887644634678,0.012345679012345678,0.029666254686739356
E07000220,0.06557377049180328,0.1689146925520685,0,0.04024281420606707,0.14754098360655737,0.25373028929607055,0,0.03870006978578032,0,0.0968525605334959,0,0.025218338796107107
E07000221,0,0.0371308658044759,0,0.015693506745841714,0.3150684931506849,0.470193077312599,0,0.005752471068063662,0.136986301369863,0.3241340837596859,0,0.019632901206281844
E07000222,0.03488372093023256,0.07239423607798051,0,0.04022670613160376,0.10465116279069768,0.25177092021234065,0,0.07945167559882331,0.046511627906976744,0.1647473424260326,0,0.025962564139680407
E07000223,0.14285714285714285,0.30621672518670345,0,0.17997409266326092,0.047619047619047616,0.11839652889740958,0,0.01387500683516239,0,0.03821228605941702,0,0.049273525800459635
E07000224,0.13829787234042554,0.27481677207757943,0.010638297872340425,0.11712323266006582,0.06382978723404255,0.17775143493379664,0.010638297872340425,0.20844825850869905,0.07446808510638298,0.13112258470743685,0,7.742728917563275e-4
E07000225,0.08450704225352113,0.16173924078688195,0,0.02383638471135387,0.36619718309859156,0.49667859900549444,0,0.0019856597446887606,0.2112676056338028,0.2677752898258006,0,0.061290426364764033
E07000226,0.13636363636363635,0.3564715953130095,0.015151515151515152,0.19777931825333803,0.015151515151515152,0.1516712129417667,0.030303030303030304,0.43943075288119293,0,0.004826962298746042,0.07575757575757576,0.2854900650401333
E07000227,0.012345679012345678,0.04475115319158469,0,0,0.25925925925925924,0.4523942775740449,0,0.007141560398964499,0.12345679012345678,0.22929545034922139,0,0.001206940239530117
E07000228,0.046511627906976744,0.0706804184450123,0,0.006777051796506179,0.13953488372093023,0.3632469186860512,0,0,0.05813953488372093,0.08134589500077702,0,0.04362395259844285
E07000229,0.06153846153846154,0.1794543038852498,0,0.04087717840347524,0,0.07200174753384388,0,0.047969196557222246,0.09230769230769231,0.2694336357499938,0.015384615384615385,0.34542820167784627
E07000234,0.034482758620689655,0.0933332633303232,0,0.041102773998229286,0.20689655172413793,0.3819505528211397,0,0,0.05172413793103448,0.09070088303270724,0,0.002791185810463534
E07000235,0.06666666666666667,0.10003573936943862,0.022222222222222223,0.04692945587674134,0.4,0.5687851863424453,0,0.0011183934012819151,0.28888888888888886,0.44405810516361305,0,0
E07000236,0.16363636363636364,0.3089557638097318,0.18181818181818182,0.34592103867028956,0.21818181818181817,0.5008130124181015,0,0.1974837723279798,0.01818181818181818,0.041715743184253654,0,0
E07000237,0.15873015873015872,0.20346617397581193,0.12698412698412698,0.1774009428185009,0.07936507936507936,0.18544314814863072,0,0.13178338106493145,0.19047619047619047,0.3755976525956174,0.031746031746031744,0.05208040276956192
E07000238,0.0641025641025641,0.19296769131241578,0.01282051282051282,0.06756444641019167,0.38461538461538464,0.5183541221241714,0,0.013004547624933685,0.1282051282051282,0.29736375047194585,0.01282051282051282,0.04575561523278391
E07000239,0.1076923076923077,0.23253689399756178,0.09230769230769231,0.2108149204626341,0.16923076923076924,0.3243533146866302,0,0.07089103621310928,0.24615384615384617,0.38448465187507164,0,0
E07000240,0,0.009166603061954827,0,0,0.05747126436781609,0.16525825433148084,0,0.10495060074050283,0,0.02901325330180459,0.011494252873563218,0.030962077670713843
E07000241,0.04477611940298507,0.12456932761844158,0,0.03468630803218737,0.1044776119402985,0.23301978733596196,0.029850746268656716,0.3201676932261374,0,0.009250563922541527,0.029850746268656716,0.13183776189778254
E07000242,0,0.020889842609402638,0,0.021688014885228125,0.2261904761904762,0.3027865180572271,0,0.0029579582642448527,0.023809523809523808,0.06774365163087664,0,0
E07000243,0.019230769230769232,0.290436814324125,0,0.116838865143547,0.09615384615384616,0.19269435094568332,0,0.11442850186717207,0,0,0.019230769230769232,0.0933929523447098
E07000244,0.18493150684931506,0.2810612245163464,0.0684931506849315,0.1367790730425698,0.2534246575342466,0.3729889588451855,0,3.293742507199264e-4,0.23972602739726026,0.3268149625958954,0,0.015399929357077851
E07000245,0.12,0.30005779519650366,0.04,0.14249475448216523,0.28,0.4955549898869656,0,0.10479632630750943,0.04,0.15983190342847162,0.01,0.017097028129895643
E07000246,0.06818181818181818,0.1858875234793401,0.03409090909090909,0.08500603767096267,0.25,0.42028063052178,0,0.026413474850349603,0.22727272727272727,0.3033361625886589,0,0.04003058992273266
E08000001,0.07909604519774012,0.18740536407797811,0.22598870056497175,0.3704503512033842,0.02824858757062147,0.10045678289781822,0,0.05214326319225686,0.1694915254237288,0.28849026431201413,0.005649717514124294,0.08366784742915237
E08000002,0.03333333333333333,0.12255313382504121,0.05,0.16605966919022905,0.041666666666666664,0.07913782675424581,0,0.05015993679322594,0.125,0.2516901477926396,0,0.010729540478456666
E08000003,0.05319148936170213,0.22741765955428395,0.25177304964539005,0.42455890094604826,0,0.008882604418020915,0.24468085106382978,0.7218156414081519,0.1950354609929078,0.38057185812199607,0.031914893617021274,0.25643816578526735
E08000004,0.14184397163120568,0.30477432030185586,0.3262411347517731,0.4919966833899477,0.0070921985815602835,0.04605772447077937,0,0.03137548319597195,0.09929078014184398,0.3355343581001444,0,0.1168628906636718
E08000005,0.08955223880597014,0.22784702640190937,0.29850746268656714,0.4775790457911961,0.014925373134328358,0.07355675303265174,0,0.1404489431854531,0.06716417910447761,0.20293994980438473,0,0.002685526930931816
E08000006,0.15333333333333332,0.3563210304623047,0.22666666666666666,0.4199021753869399,0.006666666666666667,0.04386763436624932,0,0.22200212222372884,0.06666666666666667,0.2391815125471635,0,0.06321565322950363
E08000007,0.08421052631578947,0.17380303699711297,0.042105263157894736,0.12824921267874423,0.015789473684210527,0.07288698097662354,0,0.014664786434714564,0.08947368421052632,0.23367818153492165,0,0.006213276529434206
E08000008,0.09219858156028368,0.2146211608377352,0.19148936170212766,0.42077345541889727,0,0.0915558092140607,0,0.03825743418349853,0.11347517730496454,0.3208358747365237,0,0.042705992658423765
E08000009,0.007246376811594203,0.04322866130881447,0.014492753623188406,0.08521109674067129,0.007246376811594203,0.07036824597172724,0,0.024278977301607916,0.06521739130434782,0.22485643930622778,0,0.0040872580636051965
E08000010,0.125,0.24502176717649438,0.16,0.33097757607146167,0.005,0.10462386309205599,0,0,0.035,0.10854728606539295,0,0.004865214562168302
E08000011,0.3163265306122449,0.4794782517946889,0.45918367346938777,0.575412315607914,0.05102040816326531,0.1655287139498595,0,0.025878616629580353,0.07142857142857142,0.2720025496983893,0.01020408163265306,0.18138328821741984
E08000012,0.18791946308724833,0.39684584974859943,0.3288590604026846,0.4695449961968184,0.013422818791946308,0.05318162224538129,0,0.061931562040682016,0.38926174496644295,0.5844688661888983,0.12416107382550336,0.5238261125910709
E08000013,0.18487394957983194,0.32151477899668307,0.11764705882352941,0.3110226930563491,0.008403361344537815,0.06947788070112214,0,0,0.04201680672268908,0.13408189024636008,0,0.02477037846655017
E08000014,0.0582010582010582,0.15253892333427965,0.13756613756613756,0.23075985675620972,0.010582010582010581,0.06765216769541531,0,0,0.19047619047619047,0.35175684307016547,0,0.03720883543013789
E08000015,0.14563106796116504,0.24142905289334618,0.0970873786407767,0.20887481798995464,0.024271844660194174,0.08968013677339134,0,0,0.17475728155339806,0.38341162901035614,0.009708737864077669,0.055550962812689154
E08000016,0.30612244897959184,0.4450806572830734,0.2789115646258503,0.45309713434322707,0.027210884353741496,0.09345373136620919,0,0,0,0.026440250633880773,0,0
E08000017,0.34536082474226804,0.48002315496170556,0.34536082474226804,0.4989091312840804,0.061855670103092786,0.14400411423670464,0,0.019752402114423664,0.020618556701030927,0.05881581814371783,0.010309278350515464,0.05427092278239026
E08000018,0.19760479041916168,0.3466229672076554,0.25748502994011974,0.4211031797115206,0.04790419161676647,0.1412434437196164,0,0.0021891315060297693,0.011976047904191617,0.029464609348257873,0.03592814371257485,0.17910279485183606
E08000019,0.22608695652173913,0.37260348575315994,0.22028985507246376,0.331006329267845,0.02318840579710145,0.069133544897651375,0.02318840579710145,0.16175305008718496,0.06956521739130435,0.19485372370060075,0.011594202898550725,0.07857851636753824
E08000021,0.1657142857142857,0.34853029659068774,0.25142857142857145,0.35269329476102523,0.03428571428571429,0.0860164854260536,0,0.11788934089429731,0.017142857142857144,0.054295199796688065,0.017142857142857144,0.022371090969779073
E08000022,0.05343511450381679,0.21392764374866133,0.04580152671755725,0.21377471425511613,0.022900763358778626,0.13992822789493153,0,0.005222449390216197,0,0.01779763875096546,0,0
E08000023,0.08823529411764706,0.2735640399021055,0.11764705882352941,0.34888112482965045,0.0196078431372549,0.05890356046012535,0,0.01927045213289123,0,0.01298657938154926,0,0
E08000024,0.10270270270270271,0.2515133149930021,0.2972972972972973,0.4374239154800875,0.016216216216216217,0.1480003791273113,0,0,0,0.004795085871195202,0,0
E08000025,0.09076682316118936,0.23573971451885475,0.325508607198748,0.49315423708803835,0.004694835680751174,0.03993441073881903,0.49608763693270735,0.7852282233266671,0.25821596244131456,0.5275892711176577,0.3192488262910798,0.7453772358442958
E08000026,0.08205128205128205,0.2283581967483771,0.13333333333333333,0.2855248788040367,0.020512820512820513,0.0675171123563626,0.020512820512820513,0.3329428758542419,0.23076923076923078,0.47423706774255087,0.005128205128205128,0.1400877356044633
E08000027,0.13930348258706468,0.28928753675572005,0.19402985074626866,0.3826446282366788,0.009950248756218905,0.07672458845157028,0,0,0.0945273631840796,0.33929355144153633,0,0.0144736134984524
E08000028,0.06989247311827956,0.21904440748754844,0.45698924731182794,0.6895269506321955,0,0.03304784378613667,0.005376344086021506,0.31551600804826846,0.08064516129032258,0.38275353010653773,0.25268817204301075,0.7739593667670638
E08000029,0.08208955223880597,0.1520506030436517,0.14925373134328357,0.21223519326504314,0.06716417910447761,0.21285744634217088,0,0.11219168185696603,0.007462686567164179,0.0931008206506191,0,0.006153955993315767
E08000030,0.18562874251497005,0.3695604973176743,0.41317365269461076,0.5957581099333806,0.011976047904191617,0.07488208069107086,0,0.12506862251322082,0.017964071856287425,0.2297872263302885,0.029940119760479042,0.21548679631876555
E08000031,0.0379746835443038,0.24321172788029904,0.34177215189873417,0.5398028249969982,0.006329113924050633,0.051603533639473696,0,0.2891774399661317,0.05063291139240506,0.2744293084360804,0.006329113924050633,0.08002557863459853
E08000032,0.2161290322580645,0.3961879777716879,0.3387096774193548,0.4849339238421959,0.012903225806451613,0.07892216902349404,0.0032258064516129032,0.1447608843369504,0.34516129032258064,0.543876660619937,0.03870967741935484,0.25272856235996677
E08000033,0.0625,0.16348974171446165,0.1328125,0.22571458272977568,0.078125,0.16768019615033192,0,7.861359681199995e-4,0.4375,0.6674575720065397,0,0.012298040320015555
E08000034,0.06563706563706563,0.18525776530246849,0.1776061776061776,0.3009245711916413,0.023166023166023165,0.10153465150904428,0.007722007722007722,0.12058337877823434,0.2277992277992278,0.44818269032598124,0.015444015444015444,0.08273820271648034
E08000035,0.2074688796680498,0.3194184626372365,0.17427385892116182,0.2691705574314522,0.026970954356846474,0.11028941957683325,0,0.05641002631861928,0.22199170124481327,0.4501081670227571,0.08091286307053942,0.33099337394307354
E08000036,0.23923444976076555,0.38826818515959755,0.3014354066985646,0.47875778330077057,0.03827751196172249,0.1520213590017654,0,0.007004804771966904,0.009569377990430622,0.07049629663106569,0,0.03499594361322138
E08000037,0.14285714285714285,0.2999825843335709,0.11904761904761904,0.2741615824226744,0.015873015873015872,0.095128962031499,0,0.04421655070137519,0.007936507936507936,0.02995078476167019,0,0.10023126961382356
E09000001,0,0,0,0,0,0.051445459768757903,0.8333333333333334,0.9831676544434212,0.16666666666666666,0.19530668303778734,1,1
E09000002,0,0.02343441259067629,0.01818181818181818,0.40785306714134184,0,0.030292058475443504,0.990909090909091,0.9995246207551908,0,0.08009379051490845,0.2545454545454545,0.7813707025205763
E09000003,0,0.0018808058935229663,0,0.02086299821225653,0.009478672985781991,0.05188914990060835,0.4265402843601896,0.7724945816060568,0.009478672985781991,0.04419514860947573,0.24170616113744076,0.6821571432898759
E09000004,0.00684931506849315,0.04737021244625547,0,0.11557319276068521,0.00684931506849315,0.07182700218636877,0.136986301369863,0.44924450959568135,0,0.0343116586285568,0,0.17804770882926885
E09000005,0,0.014081534255527326,0,0.11452518193639258,0.011560693641618497,0.02080921441132473,0.9653179190751445,0.9958739252356675,0,0.02840735624612617,0.6647398843930635,0.9289419090681722
E09000006,0,0.031250039436916864,0.005076142131979695,0.07182620996101285,0.025380710659898477,0.1170098177294464,0.14213197969543148,0.49516235632625577,0,0.023747964852848927,0.025380710659898477,0.32807905245263647
E09000007,0,0.010049001673464775,0.007518796992481203,0.046211640951688386,0,6.029696714997053e-4,0.03759398496240601,0.5861008637564826,0.015037593984962405,0.05050124079869575,0.8721804511278195,0.9852084643257154
E09000008,0,0.047120274243110334,0.045454545454545456,0.09342742264929035,0.01818181818181818,0.08761516922782922,0.5363636363636364,0.7907119394903709,0.013636363636363636,0.13967052468174143,0.21363636363636362,0.5529350618237915
E09000009,0,6.504708843575891e-4,0,0.11292079771731343,0.00510204081632653,0.02313073700414971,0.826530612244898,0.9612030424609966,0,0.0339229891392,0.6020408163265306,0.9359033099107761
E09000010,0,0.028857887468215764,0.07650273224043716,0.31714447211361085,0.01092896174863388,0.04975453976947247,0.7759562841530054,0.9368796331489065,0,0.08289406441411828,0.20218579234972678,0.6196744023636164
E09000011,0,0.016235181128000608,0.013245033112582781,0.10482057092313198,0.006622516556291391,0.024322366350368926,0.609271523178808,0.8855038560946096,0.006622516556291391,0.04073821703924205,0.271523178807947,0.6963881593875554
E09000012,0,0.022480962574849706,0.041666666666666664,0.1263122235689064,0,0,1,1,0.027777777777777776,0.09744798775209673,1,1
E09000013,0,0.004984686383623465,0,0.021969160786021746,0,0,0.6283185840707964,0.9132269044717612,0.008849557522123894,0.05115176465682208,0.9646017699115044,0.9914316291046747
E09000014,0,0.059212866033363475,0.07586206896551724,0.1927452470378783,0,0,0.8275862068965517,0.965179175277514,0,0.06133590712076611,0.9517241379310345,0.9965257008901128
E09000015,0,9.036596750812759e-4,0,0.02016287518056134,0,0.053839799281038526,0.5693430656934306,0.8632081128604883,0,0.0024460704264936727,0,0.3728090930841434
E09000016,0.02666666666666667,0.08985089038385435,0.05333333333333334,0.2512690462999604,0.006666666666666667,0.07888889592402057,0.02666666666666667,0.28475506661390315,0,0.009446521567075582,0.006666666666666667,0.1397885555995251
E09000017,0,0.05071982292112587,0.006211180124223602,0.1070900259979264,0.031055900621118012,0.0850745787070156,0.3167701863354037,0.6626974199760216,0,0.013465517903440739,0.11180124223602485,0.4248005178252193
E09000018,0,0.0157920361170456,0.007042253521126761,0.10936797742526352,0,0.036606450484398735,0.6549295774647887,0.9344759211451363,0.028169014084507043,0.07465776681307161,0.5070422535211268,0.9041349058558219
E09000019,0,0.021451797406861303,0,0.023947686435232807,0,0,0.6666666666666666,0.9476119920593948,0.008130081300813009,0.04606421472317445,0.991869918699187,0.9996090166537295
E09000020,0,0,0,0.009395272320938165,0,0,0.941747572815534,0.9946726410639087,0.009708737864077669,0.09481859928560783,1,1
E09000021,0,0.0014498227457706019,0,0.011678322600550637,0,0.046209728296056116,0.09183673469387756,0.47843086379655586,0.02040816326530612,0.08346732826857627,0.030612244897959183,0.46411834000854446
E09000022,0,0.01428664116895836,0,0.00873245250839393,0,0,0.5674157303370787,0.9176002934072991,0.05056179775280899,0.22308617112520218,1,1
E09000023,0,0.040510949100451894,0,0.04874008493516748,0,0.005838619256693286,0.8402366863905325,0.9768622320039978,0.047337278106508875,0.23727624589628402,0.7514792899408284,0.9684169937418164
E09000024,0,0.003416995989354347,0,0.031321826523923964,0,0.02241344019870519,0.056451612903225805,0.4331669023991046,0.016129032258064516,0.08451791119339386,0.29838709677419356,0.8434303477724242
E09000025,0,0,0.006097560975609756,0.16565054362100326,0,0.006545827042401842,1,1,0.018292682926829267,0.10567435237710339,0.75,0.9660862339966686
E09000026,0,0.0016818086743671011,0,0.022300575271453783,0,0.023949684416863695,0.3167701863354037,0.724318406495953,0,0.030139275967771793,0.2360248447204969,0.7329117314109096
E09000027,0,0.0033034365446285544,0,0,0,0.020476128117784723,0,0.14042295537632482,0,0.04337280620417334,0.2608695652173913,0.7772923356639109
E09000028,0,0.012900977194472722,0,0.019917081979152405,0,8.085411431533755e-4,0.7831325301204819,0.9420221437803123,0.018072289156626505,0.12105459395390568,0.9156626506024096,0.9912216995668782
E09000029,0,0.03313445845062448,0.008264462809917356,0.06372873947012926,0,0.061626544095767496,0.06611570247933884,0.3519665940756228,0,0.0847326946725898,0.008264462809917356,0.11976866542199795
E09000030,0,0.004362666880659863,0.10416666666666667,0.26336283919772613,0,0.0012877207790021085,0.8263888888888888,0.977506872979036,0.027777777777777776,0.07513180822579339,0.8472222222222222,0.9318462716820367
E09000031,0,0.005737602593476755,0.006944444444444444,0.10559915523779206,0,0.01844874210271588,0.8472222222222222,0.9561594295191151,0.006944444444444444,0.12905101921170953,0.7152777777777778,0.9470357293346419
E09000032,0,0.00514744590904191,0,0.0014068263055710957,0,0.005155534770300275,0.39106145251396646,0.7700049424593076,0.027932960893854747,0.06309823525809162,0.8659217877094972,0.981191722024467
E09000033,0,0.004185838577211531,0,0.03350415320459714,0,0,0.234375,0.7482718140800589,0.0390625,0.13382510928293018,0.984375,0.9983000703310911
