ward_code,Proportion,Extent,Income_Proportion,Income_Extent,Employment_Proportion,Employment_Extent,Education_Proportion,Education_Extent,Health_Proportion,Health_Extent,Crime_Proportion,Crime_Extent,Housing_Proportion,Housing_Extent,Access_Proportion,Access_Extent,Environment_Proportion,Environment_Extent
W05000043,0,0,0,0,0,0,0,0,0,0,0,0,0,0.47631578947368414,0,0.9026315789473683,0,0
W05000044,0,0,0,0,0,0,0,0,0,0,0,0.042467945298999416,0,0.3317090862543468,0,0.5089422482025899,0,0
W05000046,0,0,0,0,0,0,0,0,0,0,0,0,0,1,0,0.95,0,0
W05000047,0,0,0,0,0,0,0,0,0,0,0,0,0,0,0,0,0,0
W05000048,0,0,0,0,0,0,0,0,0,0,0,0,0,0,0,0,0,0
W05000049,0,0,0,0,0,0,0,0,0,0,0,0,0,0,0,0.713157894736842,0,0
W05000050,0,0,0,0,0,0,0,0,0,0,0,0,1,1,1,1,0,0
W05000051,0,0.09736842105263155,0,0,0,0,0,0,0,0,0,0.6657894736842105,1,1,0,0.47631578947368414,0,0
W05000052,0,0,0,0,0,0,0,0,0,0,0,0,1,1,1,1,0,0
W05000053,0,0,0,0,0,0,0,0,0,0,0,0,0,0,1,1,0,0
W05000054,0,0.5710526315789473,0,0.713157894736842,0,0.6657894736842105,0,0.09736842105263155,0,0.14473684210526305,1,1,0,0,0,0.14473684210526305,0,0
W05000056,0,0,0,0,0,0,0,0,0,0,0,0,1,1,1,1,0,0
W05000057,0,0,0,0,0,0,0,0,0,0,0,0,0,0,0,0,0,0
W05000058,0,0,0,0,0,0,0,0,0,0,0,0,1,1,0,0.9499999999999998,0,0
W05000059,0,0,0,0,0,0,0,0,0,0,1,1,1,1,0,0.6184210526315789,0,0
W05000060,0,0,0,0,0,0,0,0,0,0,0,0,1,1,1,1,0,0
W05000061,0,0,0,0,0,0,0,0,0,0,0,0.47631578947368414,0,0,0,0,0,0
W05000062,0,0,0,0,0,0,0,0.19210526315789467,0,0,0,0.19210526315789467,0,0.6657894736842105,0,0,0,0
W05000063,0,0,0,0,0,0,0,0,0,0,0,0,1,1,1,1,0,0
W05000064,0,0,0,0,0,0,0,0,0,0,0,0.2868421052631578,0,0,0,0.09736842105263155,0,0
W05000065,0,0,0,0,0,0,0,0,0,0,0,0,0,0,0,0,0,0
W05000066,0,0,0,0,0,0,0,0,0,0,0,0,0,0,0,0.7605263157894736,0,0
W05000067,0,0,0,0,0,0,0,0,0,0,0,0,0,0.713157894736842,1,1,0,0
W05000068,0,0,0,0,0,0,0,0,0,0,1,1,0,0.95,0,0,0,0
W05000069,0,0,0,0,0,0,0,0,0,0,0,0,0,0.5710526315789473,0,0.381578947368421,0,0
W05000070,0,0,0,0,0,0,0,0,0,0,0,0,0,0.09736842105263155,0,0,0,0
W05000071,0,0,0,0,0,0,0,0,0,0,0,0,0,0,0,0.8078947368421053,0,0
W05000072,0,0,0,0,0,0,0,0,0,0,0,0,0,0,0,0.9026315789473683,0,0
W05000073,0,0,0,0,0,0,0,0,0,0,0,0.5236842105263158,0,0.6657894736842105,0,0.2868421052631578,0,0
W05000074,0,0,0,0,0,0,0,0,0,0,0,0.2868421052631578,1,1,0,0,1,1
W05000075,0,0,0,0,0,0,0,0,0,0,0,0,0,0.8078947368421053,1,1,0,0
W05000076,0,0,0,0,0,0,0,0,0,0,0,0,1,1,1,1,0,0
W05000077,0,0,0,0,0,0,0,0,0,0,0,0,0,0,0,0.5236842105263158,0,0
W05000078,0,0,0,0,0,0,0,0,0,0,0,0,0,0.3342105263157894,0,0.09736842105263155,0,0
W05000079,0,0,0,0,0,0,0,0,0,0,0,0,1,1,1,1,0,0
W05000080,0,0,0,0,0,0,0,0,0,0,0,0,0,0.855263157894737,1,1,0,0
W05000081,0,0,0,0,0,0,0,0,0,0,0,0,0,0.09736842105263155,1,1,0,0
W05000082,0,0,0,0,0,0,0,0,0,0,0,0,1,1,1,1,0,0
W05000083,0,0,0,0,0,0,0,0,0,0,0,0,0,0,0,0,0,0
W05000084,0,0,0,0,0,0,0,0,0,0,0,0,1,1,1,1,0,0
W05000085,0,0,0,0,0,0,0,0,0,0,0,0,0,0.5236842105263158,1,1,0,0
W05000086,0,0,0,0,0,0,0,0,0,0,0,0,1,1,1,1,0,0
W05000087,0.5,0.8452151313318972,1,1,0.5,0.46038302666165976,0,0.8154011107377908,0.5,1,0.5,0.538485483329051,0,0,0,0.3081496926695258,0,0
W05000088,0,0,0,0,0,0,0,0,0,0,0,0,1,1,0,0,0,0
W05000089,0,0,0,0,0,0,0,0,0,0,0,0.8552631578947368,0,0,0,0,0,0
W05000090,0,0,0,0,0,0,0,0,0,0,0,0,0,0,0,0,0,0
W05000091,0,0,0,0,0,0,0,0,0,0,0,0,0,0,0,0,0,0
W05000092,0,0,0,0,0,0,0,0,0,0,0,0.14757085020242908,0,0,0,0,0,0
W05000093,1,1,1,1,1,1,1,1,0,0.7605263157894736,0,0.95,0,0,0,0.6657894736842105,0,0
W05000094,0,0,0,0,0,0,0,0,0,0,0,0,0,0,0,0.9026315789473683,0,0
W05000095,0,0,0,0,0,0,0,0,0,0,0,0,0,0.1676393248807533,0.5,0.4155693261037955,0,0
W05000096,0,0,0,0,0,0,0,0,0,0,0,0.07953820760025504,0,0,0,0.4504632929436921,0,0
W05000097,0,0,0,0,0,0,0,0,0,0,0,0,0,0,0,0,0,0
W05000098,0,0,0,0,0,0,0,0,0,0,0,0,0,0.8078947368421052,0,0,0,0
W05000099,0,0,0,0,0,0,0,0,0,0,0,0.09736842105263155,0,0,0,0,0,0
W05000100,0,0,0,0,0,0,0,0,0,0,0,0,0,0,1,1,0,0
W05000101,0,0,0,0,0,0,0,0,0,0,0,0.3342105263157894,0,0,0,0,0,0
W05000102,0,0,0,0,0,0,0,0,0,0,0,0,0,0,0,0,0,0
W05000103,0,0,0,0,0,0,0,0,0,0,0.5,0.5354305687956784,0,0.25503403408425734,0,0.12273092167979523,0,0
W05000104,0,0.04999999999999993,0,0,0,0,0,0,0,0,0,0,1,1,1,1,0,0
W05000105,0,0,0,0,0,0,0,0,0,0,0,0,0,0,0,0.9026315789473683,0,0
W05000106,0,0,0,0,0,0,0,0,0,0,0,0,0,0.713157894736842,1,1,0,0
W05000107,0,0,0,0,0,0,0,0,0,0,0,0,0,0.5710526315789473,0,0.9026315789473683,0,0
W05000109,0,0,0,0,0,0,0,0,0,0.023378212974296174,0,0,0,0,0,0.25360755008696767,0,0
W05000110,0,0,0,0,0,0,0,0,0,0,0,0,0,0.6657894736842105,0,0.8552631578947368,0,0.8552631578947368
W05000111,0,0,0,0,0,0,0,0,0,0,0,0,0,0,0,0,0,0
W05000112,0.5,0.4522870662460568,0.5,0.4522870662460568,0.5,0.4522870662460568,0,0.06546260169350816,0.5,0.4522870662460568,0.5,0.4522870662460568,0,0,0,0,0,0.12973497426531624
W05000113,0,0,0,0,0,0,0,0,0,0,0,0,0,0.8552631578947368,1,1,0,0
W05000114,0,0,0,0,0,0,0,0,0,0,0,0,0,0.95,1,1,0,0
W05000115,0,0,0,0,0,0,0,0,0,0,0,0,0,0,0,0,0,0.47631578947368414
W05000116,0,0,0,0,0,0,0,0,0,0,0,0,0,0.5710526315789473,1,1,0,0
W05000117,0,0,0,0,0,0,0,0,0,0,0,0,0,0,0,0.3342105263157894,0,0
W05000118,0.3333333333333333,0.2870655001182313,0.3333333333333333,0.2870655001182313,0.3333333333333333,0.2870655001182313,0,0.13673383031947328,0,0.1775273487573272,0,0.16254993715075103,0,0,0,0,0,0
W05000119,0,0,0,0.10644190215645431,0,0,0,0,0,0,0,0,0,0,0,0,0,0.04292960694707825
W05000121,0,0,0,0,0,0,0,0,0,0,0,0,0,0,0,0.14473684210526305,0,0
W05000123,0,0,0,0,0,0,0,0,0,0,0,0,0,0.5710526315789473,1,1,0,0
W05000124,0,0,0,0.15920681289300387,0,0.3432440461454671,0,0,0,0,0,0.23302223102440953,0,0,0,0.1329157795712234,0,0
W05000125,0,0,0,0.1349525543418294,0,0,0,0,0,0,0,0.08469436169038948,0,0.06794163080657617,0,0.1349525543418294,0,0
W05000126,0.3333333333333333,0.4331581507892816,0.3333333333333333,0.448324776914312,0.3333333333333333,0.4506606152940122,0,0.2643197326812531,0.3333333333333333,0.32717100462174653,0.3333333333333333,0.6189133134465938,0.6666666666666666,0.6966674774993918,0,0,0,0
W05000127,0,0,0,0,0,0.16404844598806656,0,0,0,0,0.5,0.571912013536379,0.5,0.571912013536379,0,0.20390506723661944,0,0
W05000128,0,0,0,0,0,0,0,0,0,0,0,0,0,0,0,0,0,0
W05000129,0,0.21730332961049834,0,0.1699034971380706,0,0.16656123481781374,0.25,0.3488329785006282,0,0.4078406393969007,0,0.2809507189724975,0,0,0,0.10467681139187489,0,0.37262669272651117
W05000130,0,0,0,0,0,0,0,0,0,0,0,0,0,0,0,0,0,0
W05000131,0,0,0,0.09474891682647914,0,0.07590382839690318,0,0,0,0,0,0,0,0,0,0,0,0
W05000132,0,0,0,0,0,0,0,0,0,0,0,0,1,1,1,1,0,0
W05000133,0,0,0,0,0,0,0,0,0,0,0,0,0,0,0,0.5236842105263158,0,0
W05000134,0,0,0,0,0,0,0,0,0,0,0,0,0,0.95,1,1,0,0
W05000135,0,0.5023255813953489,0.5,0.5023255813953489,0,0.33444308445532434,0,0.5023255813953489,0,0,0,0.16788249694002447,0.5,0.7393757649938801,0,0.26305997552019583,0,0
W05000137,0,0,0,0.09736842105263155,0,0,0,0.7605263157894736,0,0,0,0,0,0.09736842105263155,0,0,0,0
W05000138,0,0.0997567214390969,0,0.11511941501932325,0,0.29232212861789963,0,0.09234854171879775,0,0,0,0.4687199377206884,0,0.6995203936942197,0,0,0,0
W05000139,0,0,0,0,0,0,0,0,0,0,0,0,0,0,0,0,0,0
W05000140,0,0.08486028672280173,0,0.21040701228530295,0,0.12933190037664405,0,0,0,0.08486028672280173,0,0.27318037506655357,0,0.21040701228530295,0,0,0,0.05435704285066355
W05000143,0,0.37290087054198257,0,0.5228868295422634,0,0.4472058410558832,0,0.05091266498174669,0,0.27382757652344847,0,0.3976691940466161,0,0,0,0,0,0
W05000144,0,0.2810477657935285,0,0.29583975346687214,0.25,0.29583975346687214,0,0,0,0.014791987673343585,0.25,0.29583975346687214,0,0.03345227475468329,0,0,0,0
W05000145,0,0.381578947368421,0,0.2868421052631578,0,0.2868421052631578,0,0.381578947368421,0,0.713157894736842,0,0.7605263157894736,0,0,0,0,0,0.6657894736842105
W05000146,0,0,0,0,0,0,0,0,0,0,0,0,0,0,1,1,0,0
W05000148,0,0,0,0,0,0,0,0,0,0,0,0,1,1,1,1,0,0
W05000149,0,0,0,0,0,0,0,0,0,0,0,0,0,0.8078947368421051,1,1,0,0
W05000150,0,0,0,0,0,0,0,0,0,0,0,0.7605263157894736,0,0,0,0,0,0
W05000151,0,0,0,0,0,0,0,0.1322633139392318,0,0,0,0,0.5,0.6061169442029469,0.5,0.9462226086181146,0,0.34155910742548873
W05000152,0,0,0,0,0,0.6184210526315789,0,0,0,0.09736842105263155,0,0.8552631578947368,0,0.7605263157894736,0,0,0,0
W05000153,0,0,0,0,0,0,0,0,0,0,0,0,0,0,0,0,0,0
W05000154,0.5,0.5588605465069323,0.5,0.4539641943734015,0.5,0.4539641943734015,0.5,0.6623199623098668,0.5,0.4539641943734015,0,0.5841364921254542,0,0.44113945349306766,0,0.4928691613945349,0,0
W05000155,0,0,0,0.07852307061061578,0,0,0,0,0,0,0,0,0,0.1962335409750456,0,0,0,0
W05000156,0,0,0,0,0,0,0,0,0,0,0,0,1,1,1,1,0,0
W05000157,0,0,0,0,0,0,0,0,0,0,0,0,0,0,1,1,0,0
W05000158,0,0,0,0,0,0,0,0,0,0,0,0,0,0,0,0.95,0,0
W05000159,0,0,0,0,0,0,0,0,0,0,0,0,0,0,1,1,0,0
W05000160,0,0,0,0,0,0,0,0,0,0,0,0,1,1,0,0.95,0,0
W05000161,0,0,0,0,0,0,0,0,0,0,0,0,1,1,1,1,0,0
W05000162,0,0,0,0,0,0,0,0,0,0,0,0.273394495412844,0.3333333333333333,0.2877836793819411,0.3333333333333333,0.8944687285572696,0,0
W05000163,0,0,0,0,0,0,0,0,0,0,0,0,1,1,1,1,0,0
W05000164,0,0.19226567120047308,0,0.3069877291543465,0,0.2496267001774098,0,0.2496267001774098,0,0.11578429923122407,0,0.17314532820816078,0,0.07754361324659961,0,0,0,0
W05000165,0,0.15981309059625068,0,0.2517775125924487,0,0.01774321117848666,0,0.013564460848932225,0.3333333333333333,0.4403166497842286,0.3333333333333333,0.5747915134527593,0,0.1934720468452967,0,0,0,0
W05000166,0,0,0,0.19210526315789467,0,0,0,0.09736842105263155,0,0,0,0,0,0,0,0,0,0
W05000167,0,0,0,0.025457330891817894,0,0.06608318073861881,0,0.025457330891817894,0,0.025457330891817894,0,0.07499592073535541,0,0,0,0,0,0
W05000168,0,0,0,0.12237354750512641,0,0,0,0.14258202323991795,0,0,0,0,0,0,0,0,0,0
W05000169,0,0,0,0,0,0,0,0,0,0,0,0.17580176556039775,0,0,0,0,0,0
W05000170,0.3333333333333333,0.5265874038149214,0,0.5406643070754136,0.3333333333333333,0.43519729841735644,0,0.38542411039302865,0.6666666666666666,0.6492870823579485,0,0.2958188192336555,0,0,0,0,0,0
W05000171,0,0,0,0.13294075393202934,0,0.286615386917678,0,0,0,0,0,0,0,0,0,0,0,0
W05000172,0,0.23676729389467985,0.2,0.23676729389467985,0,0.21371363633125046,0,0.1800677577251644,0.2,0.34215121871281695,0,0,0,0,0,0.09034541477560151,0,0
W05000173,0.6666666666666666,0.6851952770208901,0.6666666666666666,0.7158473158372771,0.6666666666666666,0.6851952770208901,0.3333333333333333,0.6675022706630336,0.6666666666666666,0.6851952770208901,0.6666666666666666,0.7456709211721402,0,0.7115918542951383,0,0.28337874659400547,0.3333333333333333,0.6172168841722835
W05000174,1,1,1,1,1,1,1,1,1,1,1,1,0.6666666666666666,0.9702093722100037,0,0.3794215316943579,0,0
W05000175,0,0,0,0,0,0,0,0,0,0,0,0,0,0,0,0,0,0
W05000176,0,0,0,0,0,0,0,0,0,0,0,0,0,0,0,0,0,0
W05000177,0,0,0,0,0,0,0,0.04999999999999993,0,0,0,0,0,0,0,0,0,0
W05000178,0,0,0,0,0,0,0,0,0,0,0,0,0,0,0,0.8078947368421052,0,0
W05000179,0,0,0,0,0,0,0,0,0,0,0,0,1,1,1,1,0,0
W05000180,0,0,0,0,0,0,0,0,0,0,0,0,0,0,0,0,0,0
W05000181,0,0,0,0,0,0,0,0,0,0,0,0,0,0,0,0,0,0
W05000182,0,0,0,0,0,0,0,0.23947368421052628,0,0,0,0,0,0,0,0,0,0
W05000183,0,0.04999999999999993,0,0.19210526315789467,0,0,0,0.47631578947368414,0,0.04999999999999993,0,0.2868421052631578,0,0,0,0,0,0.04999999999999993
W05000186,0,0,0,0,0,0,0,0,0,0,0,0,0,0,0,0.5236842105263158,0,0
W05000187,0,0,0,0,0,0,0,0,0,0,0,0.09488576998050678,0,0,0,0,0,0
W05000188,0,0.0931406972161513,0,0.23156999032639455,0,0.12390276235176095,0.3333333333333333,0.41790034992177516,0,0.14090979661543238,0,0,0,0,0,0,0,0
W05000189,0,0,0,0,0,0,0,0,0,0,0,0,0,0,0,0,0,0
W05000190,0,0,0,0,0,0,0,0,0,0,0,0,0,0,0,0,0,0
W05000191,0,0,0,0,0,0,0,0,0,0,0,0,0,0,0,0,0,0
W05000192,0,0,0,0,0,0,0,0,0,0,0,0,0,0.377308510203247,0.5,0.5991913057702531,0,0
W05000193,0,0,0,0,0,0,0,0,0,0,0,0,0,0,0,0.8078947368421052,0,0
W05000194,0,0.47216605109264387,0,0.39783087103724224,0,0.4226092643890427,0,0.8778531855955678,0.5,0.5230994152046784,0.5,0.6824846106494306,0,0.3159972299168974,0,0,0,0
W05000195,0,0.24709476051004406,0,0.260061832490163,0,0.2211606165498062,0,0.24709476051004406,0.25,0.27374929735806636,0,0.052588680808260096,0,0,0,0,0,0
W05000196,0,0,0,0,0,0,0,0,0,0,0,0,0,0,0,0,0,0
W05000197,0,0,0,0,0,0,0,0,0,0,0,0.381578947368421,0,0,0,0,0,0
W05000198,0,0,0,0,0,0,0,0,0,0,0,0,0,0,0,0,0,0
W05000199,0,0.4289473684210525,0,0.09736842105263155,0,0.04999999999999993,0,0.47631578947368414,0,0.47631578947368414,0,0.713157894736842,0,0.6657894736842105,0,0.9026315789473683,0,0
W05000200,0,0.6657894736842105,0,0.5710526315789473,0,0.381578947368421,1,1,0,0.7605263157894736,1,1,0,0.09736842105263155,0,0,0,0
W05000201,0,0.27782357960801585,0,0.2340845903985906,0,0.27782357960801585,0,0.16118627504954855,0.3333333333333333,0.3077928870292887,0.3333333333333333,0.3077928870292887,0,0,0,0,0,0
W05000202,0,0.12335990144566147,0,0.18447398106094334,0,0,0,0.4370558375634518,0,0.28633078041974647,0,0.021503102086858406,0,0.5705583756345177,0,0.29846750972185115,0,0
W05000203,0,0,0,0,0,0,0,0,0,0,0,0,0,0,0,0,0,0
W05000204,0,0.47731429310376683,0,0.5037501616448984,0,0.31869908185697654,0.5,0.5580905580905581,0.5,0.5580905580905581,0,0.13364800206905467,0,0,0,0,0,0
W05000205,0,0.2868421052631578,0,0.3342105263157894,0,0.4289473684210525,0,0.04999999999999993,0,0.14473684210526305,0,0,0,0,0,0.8078947368421053,0,0
W05000206,0,0,0,0,0,0,0,0,0,0,0,0,0,0,0,0.8552631578947368,0,0
W05000207,0,0,0,0,0,0,0,0,0,0,0,0,0,0,0,0.4289473684210525,0,0
W05000209,0,0,0,0,0,0,0,0,0,0,0,0,0,0,0,0,0,0
W05000211,1,1,1,1,1,1,1,1,0,1,1,1,0,0,0,0,0,0
W05000212,0,0,0,0,0,0,0,0,0,0,0,0,0,0,0,0,0,0
W05000213,0,0,0,0.3342105263157894,0,0.04999999999999993,0,0.09736842105263155,0,0,1,1,0,0,0,0,0,0
W05000216,0,0,0,0,0,0,0,0,0,0,0,0,0,0.04999999999999994,0,0.5710526315789473,0,0
W05000217,0,0,0,0,0,0,0,0.07121904024767797,0,0,0,0,0,0.04791099071207429,0,0,0,0.42083978328173377
W05000218,0,0,0,0,0,0.08046438514422073,0,0.060623851820988194,0,0,0.5,0.4188557034904642,0,0,0,0,0,0
W05000220,0,0,0,0,0,0,0,0,0,0,0,0,0,0,0,0,0,0
W05000221,0,0.3318474167069048,0,0.3979719942056977,0,0.19959826170931913,0.5,0.4653211009174312,0,0.4420550458715596,0,0.2713713182037662,0,0,0,0,0,0
W05000222,0,0.3342105263157894,0,0.4289473684210525,0,0,0,0.9026315789473683,0,0.09736842105263155,0,0,0,0,0,0.5710526315789473,0,0
W05000223,0,0,0,0,0,0,0,0,0,0,0,0,0,0,0,0,0,0
W05000224,0,0,0,0,0,0,0,0,0,0,0,0,0,0,0,0.3513949704910089,0,0
W05000225,0,0,0,0,0,0,0,0,0,0,0,0,0,0,0,0,0,0
W05000227,0,0.381578947368421,0,0,0,0,1,1,0,0.3342105263157894,0,0.7605263157894736,1,1,0,0,0,0.8552631578947368
W05000228,0,0.09736842105263155,0,0,0,0,0,0.8552631578947368,0,0,0,0,0,0.8552631578947368,0,0.14473684210526305,0,0.23947368421052628
W05000229,0,0,0,0,0,0,0,0.5133352892212383,0,0,0,0,0,0,0,0,0,0.48575999890834154
W05000230,0.5,0.5297332047573128,0,0.4079725591703463,0,0.3601321287790353,0.5,0.6938706457561454,0.5,0.5049823207971713,0.5,0.9283527043259064,0,0.544772369689895,0,0.2826811483868784,0.5,0.9029902383731749
W05000231,0,0,0,0,0,0,0,0.4289473684210525,0,0,0,0,0,0.8552631578947368,0,0,0,0
W05000232,0.5,0.9219818864069469,0.5,0.9796939156401642,0,0.6999145399893911,1,1,0,0.9115253138445216,0.5,0.6911337694740771,0,0.42352900728865833,0,0,0,0
W05000233,0,0,0,0,0,0,0,0,0,0,0,0.4289473684210525,0,0.9026315789473682,0,0,0,0
W05000234,0,0,0,0,0,0,0,0,0,0,0,0,0,0,1,1,0,0
W05000235,0,0,0,0,0,0,0,0,0,0,0,0,0,0.9026315789473683,0,0.9026315789473683,0,0
W05000236,0,0,0,0,0,0,0,0,0,0,0,0,0,0,0,0.3342105263157894,0,0
W05000237,0,0.04817402349952365,0,0.2825341378215306,0,0.11848205779612574,0,0,0,0.04817402349952365,0,0.432112951480002,0,0,0,0,0,0
W05000238,0,0,0,0,0,0,0,0,0,0,0,0,0,0,0,0,0,0
W05000239,0,0,0,0,0,0,0,0,0,0,0,0,0,0.3925667682977624,1,1,0,0.050055813798503844
W05000241,0,0.15545430179576522,0,0,0,0,0,0.29053872956311977,0,0,0.5,0.886157937056525,0.5,0.4073974805682123,0,0,0,0
W05000244,0,0.07818102949681892,0,0.016395211930926194,0,0.031927517970751045,0,0.3070013632983558,0,0.3090834916962736,0,0.07852443609022555,0,0.10958904816987522,0,0,0,0
W05000245,0,0,0,0,0,0,0,0,0,0,0,0,0,0.47631578947368414,1,1,0,0
W05000246,0,0.02581984225819839,0,0,0,0,0.5,0.5163968451639684,0,0,0,0,0,0,0,0.39070044351226757,0,0.02581984225819839
W05000247,0,0,0,0,0,0,0,0,0,0,0,0,0,0,0,0,0,0
W05000249,0,0,0,0,0,0,0,0,0,0,0,0,0,0.2868421052631578,0,0,0,0
W05000250,0,0,0,0,0,0,0,0,0,0,0,0,0,0.07794320089007896,0,0,0,0
W05000251,0,0,0,0,0,0,0,0,0,0,0,0,0,0,0,0,0,0
W05000253,0,0.20992093880000828,0,0.0796251836827617,0,0,0,0,0,0.4965716000579506,0.5,0.5939400211105822,0.5,0.7900790611999916,0,0,0,0
W05000254,0,0.33421052631578946,0,0.5236842105263158,0,0.23947368421052628,0,0.8078947368421053,0,0.2868421052631578,0,0.5236842105263158,0,0,0,0,0,0
W05000256,0,0.37646988263084075,0,0.3323235771757584,0,0.11159204990034692,0.5,0.46598877980364656,0,0.42061618808592305,0.5,0.46598877980364656,0,0,0,0,0,0
W05000257,0,0.36528508058300646,0,0.28731909500402486,0,0.391273742442667,0,0.4432510661619881,0,0.7269846027369105,0,0.28731909500402486,0,0,0,0,0,0
W05000258,0,0.4247554727526781,0,0.4408865083061636,0,0.41503648501785434,0,0.5280158360503027,0,0.5840475081509082,0.5,0.7190653625213477,0,0.23789784195000777,0,0,0,0
W05000260,0,0,0,0,0,0,0,0.18418098646230713,0,0.2527725262482698,0,0.024134060295060905,0,0,0,0,0,0
W05000261,0,0,0,0,0,0,0,0,0,0,0,0,0,0,0,0,0,0
W05000262,0,0,0,0,0,0,0,0,0,0,0,0,0,0,0,0.7605263157894736,0,0
W05000263,0,0.19136350242531391,0,0.1740542408994061,0,0.08750793326986717,0,0.2779098100548529,0.3333333333333333,0.36541774332472005,0,0,0,0,0,0.09530520422503283,0,0
W05000264,0,0,0,0,0,0,0,0,0,0,1,1,0,0,0,0,0,0
W05000265,0,0,0,0,0,0,0,0,0,0,0,0,0,0,0.5,0.5174946004319655,0,0
W05000266,0,0,0,0,0,0,0,0,0,0,0,0,0,0,0,0,0,0
W05000268,0,0,0,0.050287195684378214,0,0,0,0.24599952483439078,0,0,0.5,0.5164630908125332,0,0,0,0,0,0
W05000269,0,0,0,0,0,0,0,0,0,0,1,1,1,1,0,0,0,0
W05000270,0,0,0,0,0,0,0,0,0,0,0,0,0,0,0.5,0.8522513278609366,0,0
W05000271,0,0.3342105263157894,0,0.6184210526315789,0,0,0,0.713157894736842,0,0.23947368421052626,0,0.8078947368421052,0,0.5710526315789473,0,0,0,0
W05000272,0,0.6184210526315789,0,0.6657894736842105,0,0.47631578947368414,1,1,0,0.47631578947368414,0,0.14473684210526305,0,0.19210526315789467,0,0,0,0
W05000273,0,0,0,0,0,0,0,0.0657214607094276,0,0,0,0.2341728575912943,0,0,0,0.46785916082452644,0,0
W05000274,1,1,1,1,1,1,1,1,1,1,0,0.8552631578947368,0,0,0,0,0,0
W05000275,0,0.10941617676870057,0,0.10941617676870057,0,0.15593959051287246,0,0.32738698560713564,0,0.0318771538617474,0,0.5085797048875991,0,0.16645043584025943,0,0.1534291079411482,0,0
W05000276,1,1,1,1,0.5,0.9536140212845251,1,1,1,1,1,1,0,0,0,0.5033541761563625,0,0
W05000278,0,0,0,0,0,0,0,0,0,0,0,0,0,0,0.5,0.5278489116517285,0,0
W05000279,0,0,0,0,0,0,0,0,0,0,0,0.32281388227288194,0,0,0,0.2697713149836142,0,0
W05000280,0.5,0.6455013909374357,0,0.3301609379959298,0,0.4060277067269094,0.5,0.8442168742181811,0,0.4060277067269094,1,1,1,1,0,0,0,0.06746513321259867
W05000281,0,0,0,0,0,0,0,0,0,0,0,0,0,0,0,0,0,0
W05000283,1,1,1,1,1,1,1,1,1,1,1,1,0,0,0,0.19210526315789467,0,0
W05000284,0,0,0,0,0,0,0,0,0,0,0,0,0,0,0,0,0,0
W05000285,0,0,0,0,0,0,0,0,0,0,0,0,0,0.7605263157894736,1,1,0,0
W05000286,0,0,0,0,0,0,0,0,0,0,0,0,1,1,1,1,0,0
W05000287,0,0,0,0,0,0,0,0,0,0,0,0,0,0,1,1,0,0
W05000288,0,0,0,0,0,0,0,0,0,0,0,0,0,0,1,1,0,0
W05000289,0,0,0,0,0,0,0,0,0,0,0,0,0,0.23947368421052626,1,1,0,0
W05000290,0,0,0,0,0,0,0,0,0,0,0,0,0,0.2762969370328476,0,0.11312684365781711,0,0
W05000292,0,0,0,0,0,0,0,0,0,0,0,0,0,0,1,1,0,0.713157894736842
W05000293,0,0,0,0,0,0,0,0,0,0,0,0,0,0.381578947368421,1,1,0,0
W05000294,0,0,0,0,0,0,0,0,0,0,0,0,0,0.04999999999999993,0,0.5236842105263158,0,0
W05000295,0,0,0,0,0,0,0,0,0,0.381578947368421,0,0,0,0,0,0.4289473684210525,0,0
W05000296,0,0,0,0,0,0.23947368421052628,0,0,0,0,0,0,0,0,1,1,0,0
W05000297,0,0,0,0,0,0,0,0,0,0,0,0,0,0,1,1,0,0
W05000298,0,0,0,0,0,0,0,0,0,0,0,0,0,0,1,1,0,0
W05000299,0,0,0,0,0,0,0,0,0,0,0,0,0,0,1,1,0,0
W05000300,0,0,0,0,0,0,0,0,0,0,0,0,0,0.23947368421052628,1,1,0,0
W05000301,0,0,0,0,0,0,0,0,0,0,0,0,0,0,1,1,0,0
W05000302,0,0,0,0,0,0,0,0,0,0,0,0,0,0,0,0.95,0,0
W05000303,0,0,0,0,0,0,0,0,0,0,0,0,0,0,1,1,0,0
W05000304,0,0,0,0,0,0,0,0,0,0,0,0,0,0,0,0,0,0
W05000305,0,0,0,0,0,0,0,0,0,0,0,0,0,0.5236842105263158,1,1,0,0
W05000306,0,0,0,0,0,0,0,0,0,0,0,0,0,0,0,0,0,0
W05000307,0,0,0,0,0,0,0,0,0,0,0,0,0,0.7605263157894737,1,1,0,0
W05000308,0,0,0,0,0,0,0,0,0,0,0,0,0,0,1,1,0,0
W05000310,0,0,0,0,0,0,0,0,0,0,0,0,0,0,1,1,0,0
W05000311,0,0.5236842105263158,0,0.47631578947368414,1,1,0,0,0,0.09736842105263155,1,1,0,0,0,0,0,0
W05000312,0,0,0,0.09736842105263155,0,0,0,0.14473684210526305,0,0,0,0,0,0,0,0,0,0
W05000313,0,0,0,0,0,0.2868421052631578,0,0,0,0,0,0,0,0,1,1,0,0
W05000314,0,0,0,0,0,0,0,0,0,0,0,0,0,0,1,1,1,1
W05000315,0,0,0,0,0,0,0,0,0,0,0,0,0,0,0,0.9026315789473683,0,0.14473684210526305
W05000316,0,0,0,0,0,0,0,0,0,0,0,0,0,0.09736842105263155,1,1,0,0
W05000317,0,0,0,0,0,0,0,0,0,0,0,0,0,0.5710526315789473,1,1,0,0
W05000319,0,0,0,0,0,0,0,0,0,0,0,0,0,0,1,1,0,0.5710526315789473
W05000320,0,0,0,0,0,0,0,0,0,0,0,0,0,0.3342105263157894,1,1,0,0
W05000321,0,0,0,0,0,0,0,0,0,0,0,0,0,0,1,1,0,0
W05000322,0,0,0,0,0,0,0,0,0,0,0,0,0,0.4289473684210525,1,1,0,0
W05000324,0,0,0,0,0,0,0,0,0,0,0,0,0,0,0,0,0,0
W05000325,0,0,0,0,0,0,0,0,0,0,0,0,0,0.95,1,1,0,0
W05000326,0,0,0,0,0,0,0,0,0,0,0,0,0,0.8552631578947368,1,1,0,0
W05000327,0,0,0,0,0,0,0,0,0,0,0,0,0,0,1,1,0,0
W05000328,0,0,0,0,0,0,0,0,0,0,0,0,0,0.47631578947368414,1,1,0,0
W05000329,0,0,0,0,0,0,0,0,0,0,0,0,0,0,0,0.8078947368421052,0,0
W05000330,0,0,0,0,0,0,0,0,0,0,0,0,0,0,0,0,0,0
W05000331,0,0,0,0,0,0,0,0,0,0,0,0,0,0,1,1,0,0
W05000332,0,0,0,0,0,0,0,0,0,0,0,0,0,0.9499999999999998,1,1,0,0
W05000333,0,0,0,0,0,0,0,0,0,0,0,0,0,0.3342105263157894,0,0,0,0
W05000334,0,0,0,0,0,0,0,0,0,0,0,0,0,0.2394736842105263,1,1,0,0
W05000335,0,0.3263230523410642,0,0.5363215997675881,0,0.2162397714617731,0,0.7889386529801965,0,0.528434125792863,0,0.4226286738004164,0,0,0,0.05517842444196967,0,0
W05000336,0,0.5236842105263158,0,0.09736842105263155,0,0.381578947368421,0,0.6657894736842105,0,0,1,1,0,0,0,0.5710526315789473,0,0
W05000337,0,0,0,0,0,0,0,0,0,0,0,0,0,0,0,0.5710526315789473,0,0
W05000338,0,0,0,0,0,0,0,0,0,0,0,0,0,0,0,0.7605263157894736,0,0
W05000339,0,0.7605263157894736,0,0.713157894736842,0,0.8078947368421052,0,0.713157894736842,0,0.6184210526315789,0,0.95,0,0,0,0.3342105263157894,0,0
W05000340,0,0,0,0,0,0,0,0,0,0,0,0,0,0.6184210526315789,1,1,0,0
W05000341,0,0,0,0,0,0,0,0,0,0,0,0,0,0,0,0.5665772326561901,0,0
W05000342,0,0,0,0,0,0,0,0,0,0,0,0,0,0,0,0.6657894736842105,0,0
W05000343,0,0,0,0,0,0,0,0,0,0,0,0,0,0,1,1,0,0
W05000344,0,0,0,0,0,0,0,0,0,0,0,0,0,0,0,0,0,0.19210526315789467
W05000345,0,0.08165960567052302,0,0.04138911520286784,0,0.16220058660583347,0,0.16220058660583347,0,0.12193009613817822,0,0,0,0,0,0.26287681277497144,0,0
W05000346,0,0,0,0,0,0,0,0,0,0,0.5,0.534640522875817,0.5,0.534640522875817,0,0,0,0.0773821809425524
W05000347,0,0,0,0,0,0,0,0,0,0,0,0,0,0,0,0.95,0,0
W05000349,0,0,0,0,0,0,0,0,0,0,0,0,0,0.14473684210526305,1,1,0,0
W05000350,0,0,0,0,0,0,0,0,0,0,0,0,0,0.23947368421052628,1,1,0,0
W05000351,0,0.7605263157894736,0,0.8078947368421053,0,0.14473684210526305,1,1,0,0,1,1,0,0.4763157894736841,1,1,0,0
W05000352,0,0.022796242774566444,0,0,0,0,0,0.10918200486766047,0,0,0,0.28195352905384846,0,0.43312861271676295,0,0.516871387283237,0,0
W05000353,0,0,0,0,0,0,0,0,0,0,0,0,0,0,0,0.4763157894736842,0,0
W05000354,0,0,0,0,0,0,0,0,0,0,0,0,0,0,0,0,0,0
W05000355,0,0,0,0,0,0,0,0,0,0,0,0,0,0,1,1,0,0.04999999999999993
W05000356,0.5,0.4492641363284276,0.5,0.4492641363284276,0.5,0.4492641363284276,0,0.3629581311916507,0.5,0.4492641363284276,0,0.10758693791022868,0,0,0,0.392761629092095,0,0
W05000357,0,0,0,0,0,0,0,0,0,0,0,0,0,0.381578947368421,0,0,0,0
W05000358,0,0,0,0,0,0,0,0,0,0,0,0,0,0.6440539026649718,0.5,0.6301656720598057,0,0
W05000359,0,0,0,0,0,0,0,0,0,0,0,0,0,0,0,0.2868421052631578,0,0
W05000360,0,0.5710526315789473,0,0.6184210526315789,1,1,0,0,0,0,0,0.6657894736842105,0,0.47631578947368414,0,0,0,0
W05000361,1,1,1,1,1,1,0,0,0,0.5236842105263158,1,1,1,1,0,0.6184210526315789,0,0
W05000362,0,0,0,0,0,0,0,0,0,0,0,0,0,0.8078947368421052,0,0,0,0
W05000363,0,0,0,0,0,0,0,0,0,0,1,1,1,1,0,0,1,1
W05000364,0,0,0,0,0,0,0,0,0,0,0,0,0,0,0,0.3342105263157894,0,0
W05000365,0,0.0627692686443807,0,0.19210526315789464,0,0.26819596602599044,0,0.1356190760898236,0,0.1356190760898236,0,0,0,0,0,0.2537332723723776,0,0
W05000366,0,0,0,0,0,0,0,0,0,0,0.5,1,0.5,0.5504984828781968,0,0.3980870576962562,0,0
W05000367,0,0,0,0,0,0,0,0,0,0,0,0,0,0.2394736842105263,1,1,0,0
W05000368,0,0,0,0,0,0,0,0,0,0,0,0,0,0,0,0,0,0
W05000369,0,0,0,0,0,0,0,0,0,0,0,0,1,1,1,1,0,0
W05000370,0,0,0,0,0,0,0,0,0,0,0,0,0,0.4289473684210525,1,1,0,0
W05000371,0,0,0,0,0,0,0,0,0,0,0,0,0,0.47631578947368414,1,1,0,0
W05000372,0,0,0,0,0,0,0,0,0,0,0,0,0,0,0,0,0,0
W05000373,0,0,0,0,0,0,0,0.025649350649350613,0,0,0,0.46266233766233766,0.5,0.487012987012987,0,0.24434381408065617,0,0
W05000374,0,0,0,0,0,0,0,0,0,0,0,0,0,0.6657894736842105,1,1,0,0
W05000376,0,0,0,0,0,0,0,0,0,0,0,0,0,0.2524309741684289,0,0.39402336106883806,0,0.19442555882759843
W05000377,0,0,0,0,0,0,0,0,0,0,0,0,0,0,1,1,0,0
W05000378,0,0,0,0,0,0,0,0,0,0,0,0,0,0.7605263157894736,1,1,0,0
W05000379,0,0,0,0,0,0,0,0,0,0,0,0,0,0,0,0.8552631578947368,0,0
W05000380,0,0,0,0,0,0,0,0,0,0,0,0,0,0,1,1,0,0
W05000381,0,0,0,0,0,0,0,0,0,0,0,0,1,1,1,1,0,0
W05000382,0,0,0,0,0,0,0,0,0,0,0,0,1,1,1,1,0,0
W05000383,0,0,0,0,0,0,0,0,0,0,0,0,1,1,1,1,0,0
W05000384,0,0,0,0,0,0,0,0,0,0,0,0,0,0.855263157894737,1,1,0,0
W05000385,0,0,0,0,0,0,0,0,0,0,0,0,0.5,0.8353352776270573,1,1,0,0
W05000386,0,0,0,0,0,0,0,0,0,0,0,0,1,1,1,1,0,0
W05000387,0,0,0,0,0,0,0,0,0,0,0,0,1,1,1,1,0,0.381578947368421
W05000388,0,0,0,0,0,0,0,0,0,0,0,0,1,1,1,1,0,0
W05000389,0,0,0,0,0,0,0,0,0,0,0,0,1,1,0,0,0,0
W05000390,0,0,0,0,0,0,0,0,0,0,0,0,0,0,1,1,0,0
W05000391,0,0,0,0,0,0,0,0,0,0,0,0,0,0.339198424374733,0.5,0.9262612120924493,0,0
W05000392,0,0,0,0,0,0,0,0,0,0,0,0,0,0,0,0.8552631578947368,0,0
W05000393,0,0,0,0,0,0,0,0,0,0,0,0,0,0,1,1,0,0
W05000394,0,0,0,0,0,0,0,0,0,0,0,0.09736842105263155,0,0,0,0.95,0,0
W05000395,0,0,0,0,0,0,0,0,0,0,0,0,0,0,1,1,0,0
W05000396,0,0,0,0,0,0,0,0,0,0,0,0,0,0,1,1,0,0
W05000400,0,0,0,0,0,0,0,0,0,0,0,0,0,0,1,1,0,0
W05000402,0,0,0,0,0,0,0,0,0,0,0,0,1,1,1,1,0,0
W05000406,0,0,0,0,0,0,0,0,0,0,0,0,0,0,0,0,0,0
W05000407,0,0,0,0,0,0,0,0.19210526315789467,0,0,0,0,0,0,0,0,0,0
W05000408,0,0,0,0,0,0,0,0,0,0,0,0,0,0,0,0,0,0
W05000409,0,0.4289473684210525,0,0.2868421052631578,0,0.7605263157894736,0,0,0,0.14473684210526305,1,1,0,0.04999999999999993,0,0,0,0
W05000410,0.5,0.5579505300353357,0.5,0.5579505300353357,0.5,0.5579505300353357,0.5,0.5579505300353357,0.5,0.5579505300353357,0,0.2657606472010414,0,0,0,0.6922187093174632,0,0
W05000413,0,0,0,0,0,0,0,0,0,0,0,0,0,0,0,0,0,0
W05000414,0,0,0,0,0,0,0,0,0,0,0,0,0,0,1,1,0,0
W05000415,0,0,0,0,0,0,0,0,0,0,0,0,0,0,0,0.6657894736842105,0,0
W05000417,0,0,0,0,0,0,0,0,0,0,0,0,0,0,1,1,0,0
W05000418,0,0,0,0,0,0,0,0,0,0,0,0,0,0,1,1,0,0
W05000419,0,0,0,0,0,0,0,0,0,0,0,0,0,0,1,1,0,0
W05000421,0,0,0,0,0,0,0,0,0,0,0,0,0,0,1,1,0,0
W05000422,0,0,0,0,0,0,0,0,0,0,0,0,0.5,0.5508038585209003,1,1,0,0
W05000423,0,0,0,0,0,0,0,0,0,0,0,0,0,0,1,1,0,0
W05000425,0,0.09736842105263155,0,0.2868421052631578,0,0,0,0.8078947368421052,0,0,0,0,0,0,0,0.381578947368421,0,0
W05000426,0,0,0,0,0,0,0,0.2868421052631578,0,0,1,1,0,0,0,0,0,0
W05000427,0,0.713157894736842,0,0.6657894736842105,1,1,0,0.7605263157894736,0,0,0,0.9026315789473683,0,0,0,0.6657894736842105,0,0
W05000428,0,0,0,0.05029160418005664,0,0.02582541836273176,0,0.09922397581470634,0,0,0,0,0,0,0,0,0,0
W05000429,0,0.3692434210526315,0.5,0.43173076923076925,0,0.28744180161943317,0.5,0.9177505060728745,0,0.06248734817813761,0,0,0,0.10916751012145745,0,0.35142965587044533,0,0
W05000430,0,0,0,0,0,0,0,0.5710526315789473,0,0,0,0,0,0,0,0,0,0
W05000431,0,0.713157894736842,0,0.8078947368421052,0,1,0,0.6657894736842105,0,0.19210526315789467,0,0.5236842105263158,0,0,0,0,0,0
W05000432,0,0,0,0,0,0,0,0,0,0,0,0,0,0,0,0,0,0
W05000433,0,0,0,0,0,0,0,0,0,0,0,0,0,0,0,0.8078947368421052,0,0
W05000434,0,0,0,0,0,0,0,0,0,0,0,0,0,0.04999999999999993,0,0.381578947368421,0,0
W05000435,0,0,0,0,0,0,0,0,0,0,0,0,0,0,0,0,0,0
W05000436,0,0,0,0,0,0,0,0,0,0,0,0,0,0,0,0.47631578947368414,0,0
W05000437,1,1,0,0.9026315789473683,1,1,1,1,0,0.23947368421052628,1,1,1,1,0,0,0,0
W05000438,0.5,0.5405797101449276,0.5,0.5405797101449276,0.5,0.5405797101449276,0.5,0.5405797101449276,0,0.5135507246376811,0.5,0.8464569031273836,0,0,0,0.38551868802440875,0,0
W05000439,0,0,0,0,0,0,0,0,0,0,0,0.5236842105263158,0,0,0,0,0,0.381578947368421
W05000440,0,0.3510471245378019,0,0.39477617811344506,0,0.24172449059869403,0.5,0.8455597513964281,0,0.2635890173865156,0,0,0,0.2309519313980017,0,0.3074636141924317,0,0
W05000441,1,1,1,1,1,1,1,1,0,0.8552631578947368,1,1,0,0,0,0.2868421052631578,0,0
W05000442,0,0.47631578947368414,0,0.6657894736842105,0,0.3342105263157894,0,1,0,0.381578947368421,0,0,0,0,0,0.19210526315789467,0,0
W05000443,0,0,0,0,0,0,0,0.5236842105263158,0,0,0,0.7605263157894736,0,0.6184210526315789,0,0,0,0.1921052631578947
W05000444,0,0,0,0,0,0,0,0,0,0,0,0,0,0,0,0,0,0
W05000447,0,0,0,0,0,0,0,0,0,0,0,0,0,0,0,0.8078947368421052,0,0
W05000448,0,0,0,0,0,0,0,0,0,0,0,0,0,0.7605263157894736,1,1,0,0
W05000449,0,0,0,0,0,0,0,0.19210526315789467,0,0,0,0,0,0,1,1,0,0
W05000450,0,0,0,0,0,0,0,0,0,0,0,0,0,0,0,0,0,0
W05000451,0,0,0,0,0,0,0,0,0,0,0,0,1,1,1,1,0,0
W05000452,0,0,0,0,0,0,0,0,0,0,0,0,0,0.4289473684210525,1,1,0,0
W05000454,0,0,0,0,0,0,0,0,0,0,0.5,0.8208494921514312,0,0,0,0.44541089566020303,0,0
W05000455,0,0,0,0,0,0,0,0,0,0,0,0,0,0,1,1,0,0
W05000456,0,0,0,0,0,0,0,0,0,0,0,0,0,0,1,1,0,0
W05000457,0,0,0,0,0,0,0,0,0,0,0,0,0,0,1,1,0,0
W05000458,0,0.44445509257484567,0,0.46625905623490616,0,0.8707708820485298,0,0,0,0.5383466860888564,0.5,0.6006200406332656,0,0,0,0,0,0.08069632383946021
W05000459,0,0,0,0,0,0,0,0,0,0,0,0,0,0,0,0.9026315789473685,0,0
W05000460,0.25,0.26970461629805553,0.25,0.26970461629805553,0.25,0.26970461629805553,0.25,0.26970461629805553,0.25,0.26970461629805553,0,0.5397853956547892,0,0.40811543479449697,0,0.15401553088599484,0,0.32318305039725626
W05000461,0,0.12805032562146818,0,0.08036261814864556,0,0.273660770848643,0,0.09625852063958641,0,0,0,0.1916339355852317,0,0,0,0,0,0.14394622811240906
W05000463,0,0.12903326413956007,0,0.2359601402963402,0,0.12903326413956007,0,0.18254936447393985,0,0.08890360250733689,0,0.23499636988332495,0,0,0,0.07551716380518031,0,0
W05000464,0,0.22970458761316753,0,0.026775381378221955,0,0.3819014922893767,0,0,0,0,0.5,0.5355076275644398,0,0.48336609540684955,0,0,0,0
W05000465,0,0,0,0,0,0,0,0,0,0,0,0,0,0.018264799716412598,0,0.23118854829381139,0,0
W05000466,0,0,0,0,0,0,0,0,0,0,0,0,1,1,1,1,0,0
W05000467,0,0,0,0,0,0,0,0,0,0,0,0,1,1,1,1,0,0
W05000468,0,0,0,0,0,0,0,0,0,0,0,0,0.5,0.4853879744709439,1,1,0,0
W05000469,0,0,0,0,0,0,0,0,0,0,0,0,1,1,1,1,0,0
W05000470,0,0.07991705454111464,0,0,0,0.15838107172693636,0,0.28915443370330585,0,0.10607172693638856,0,0.027607709750566856,0,0,0,0,0,0.04360603890679077
W05000471,0,0.15354183861342133,0,0,0,0.10283077264935556,0,0.10283077264935556,0,0,0.5,0.822673957209066,0,0.10283077264935556,0,0,0,0.6858453431528156
W05000472,0,0.5710526315789473,0,0.7605263157894736,0,0.4289473684210525,0,0.5710526315789473,0,0.4289473684210525,0,0,0,0,0,0.2868421052631578,0,0.19210526315789467
W05000473,0,0,0,0.23947368421052628,0,0.3342105263157894,0,0,0,0,0,0,0,0,0,0,0,0
W05000474,0,0.12272222345648835,0,0.11129612761325007,0,0.5844093665992758,0,0,0,0.06726689031570056,0,0,0,0,0,0.19935460220834902,0,0.5084845926551287
W05000475,0.25,0.7369298787425637,0.25,0.6197238386268327,0.5,0.6412007086895744,0.5,0.7314294073664704,0,0.58774747244888,0.25,0.4147565098663892,0.25,0.44021732063326935,0,0.6645281362764538,0,0.6177172393615291
W05000476,0,0,0,0,0,0,0,0,0,0,0,0,0,0,0,0.23947368421052628,0,0
W05000477,0,0,0,0,0,0,0,0,0,0,0,0,0,0,0,0.26226480990764245,0,0
W05000478,0,0,0,0,0,0,0,0,0,0,0,0,0,0,0,0,0,0.13458818917818746
W05000479,0,0,0,0,0,0,0,0,0,0,0,0,0,0,0,0,0.5,0.6994848300263092
W05000480,0,0.28709015224952955,0,0.3279409249016365,0.5,0.4312026002166847,0,0.3279409249016365,0,0.1849632206192621,0,0,0,0,0,0.4325853908878371,0,0
W05000481,0,0,0,0,0,0,0,0,0,0,0,0,0.5,0.9391709017271257,0.5,0.9789863115057343,0,0.259906147165917
W05000482,0,0,0,0,0,0,0,0,0,0,0,0,0,0.8552631578947368,1,1,0,0
W05000483,0,0,0,0,0,0,0,0,0,0,0,0,0,0.23947368421052628,1,1,0,0
W05000484,0,0,0,0.02362309223623089,0,0.11314217860510599,0,0,0,0,0,0,0,0.06838263542066841,0.5,0.5275381552753815,0,0.0907624070128872
W05000485,0,0,0,0,0,0,0,0,0,0,0,0,0,0.243192151977577,0.5,0.539250493096647,0,0.7456524447212706
W05000486,0,0.1156099085627436,0,0.04700622655847815,0,0.18421359056700903,0,0,0,0,0,0,0,0,0,0.5857573603314293,1,1
W05000487,0,0,0,0,0,0,0,0,0,0,0,0,0.5,0.42546201232032854,1,1,0,0
W05000488,0,0,0,0,0,0,0,0,0,0,0,0,0,0,1,1,0,0
W05000489,0,0,0,0,0,0,0,0,0,0,0,0,0.5,0.61221726081546,1,1,0,0
W05000490,0,0,0,0,0,0,0,0,0,0,0,0,1,1,1,1,0,0
W05000491,0,0.050988788539395806,0,0.10059950171286201,0,0.02618343195266269,0,0,0,0,0,0,0,0.6702740579258797,1,1,0,0
W05000493,0,0,0,0,0,0,0,0,0,0,0,0,0,0,0,0.8794981408943591,0,0
W05000494,0,0.12766936533828172,0,0,0,0,0,0.22868248956197712,0,0.10241608428235784,0,0,0,0,0,0.9057697200065845,0,0.30444233272974863
W05000495,0,0,0,0,0,0,0,0.03606172248803827,0,0,0,0,0,0.11818899521531098,0,0.24912631578947367,0,0
W05000496,0,0,0,0,0,0,0,0,0,0,0,0,0,0,1,1,0,0
W05000497,0,0,0,0,0,0,0,0.2622334634732337,0,0,0,0,0,0.5221807192732186,0.5,0.5759629101283881,0,0
W05000498,0,0.2531236745710429,0,0.2544510314247156,0,0.2835314247156352,0,0.12131964526701366,0,0.2072941970310391,0,0.28649749373433586,0,0.27062994023520337,0,0,0,0.7172353961827644
W05000499,0.3333333333333333,0.6159285313639338,0.3333333333333333,0.6483126110124334,0.3333333333333333,0.6001741142376368,0.3333333333333333,0.7850857717116948,0.6666666666666666,0.6992147331027391,0,0.1354269888753856,0,0,0,0,0,0
W05000500,0,0,0,0,0,0,0,0,0,0,0,0,1,1,1,1,0,0
W05000501,0,0.222066918920287,0,0.37665493982612214,0,0.33248693385302636,0,0.13373090697409545,0,0.0674788980144518,0,0,0,0,0,0,0,0.2795332886194809
W05000502,0,0,0,0,0,0,0,0,0,0,0,0,0,0,0,0,0,0
W05000503,0,0.12212203816313691,0,0.12212203816313691,0,0.38783812119941286,0,0,0,0.04965401551687983,0,0,0,0,0,0,0,0.43615013629691757
W05000504,0,0,0,0,0,0,0,0,0,0,0,0,0,0.17389629657809139,0,0,0,0.065960664219276
W05000505,0,0,0,0,0,0.13950077536759892,0,0,0,0.11646395007753674,0,0,0.5,0.653167797021841,0,0,0,0
W05000506,0,0,0,0,0,0,0,0,0,0,0,0,0,0,0,0.226541190638935,0,0
W05000507,0,0,0,0,0,0,0,0,0,0,0,0,0,0.12226930963773067,0.5,1,0.5,0.5105751391465677
W05000508,0,0,0,0,0,0,0,0,0,0,0,0,0,0,0,0.3254410674573758,0,0.18169755374351368
W05000509,0,0,0,0,0,0,0,0,0,0,0,0,0,0,0,0,0,0
W05000510,0,0,0,0,0,0,0,0,0,0,0,0,1,1,1,1,0,0
W05000511,0,0.3600963676797627,0,0.3596960711638249,0,0.3118235730170496,0.5,0.504225352112676,0,0.3595922905856189,0,0,0,0,0,0.4240177909562639,0,0.4005337286879169
W05000512,0,0,0,0,0,0,0,0,0,0,0,0,0,0,0,0,0,0
W05000513,0.6666666666666666,0.8225951741961135,0.3333333333333333,0.5953543561453207,0.6666666666666666,0.7102685005715421,1,1,0.3333333333333333,0.6111804830773817,0.6666666666666666,0.9670151831419909,0.3333333333333333,0.802956488246111,0,0.030709209283832806,0,0.6006970329506485
W05000514,0,0,0,0,0,0,0,0,0,0,0,0,0,0,0,0.95,0,0
W05000524,0,0,0,0,0,0,0,0,0,0,0,0,0,0,0.5,0.9742217898832685,0,0
W05000525,0,0,0,0,0,0,0,0,0,0,0,0,0,0,0,0,0,0
W05000526,0,0,0,0,0,0,0,0,0,0,0,0,0,0,0,0,0,0
W05000527,0,0,0,0,0,0,0,0,0,0,0,0,0,0,0,0,0,0
W05000532,0,0,0,0,0,0.04999999999999993,0,0,0,0,0,0,0,0,0,0,0,0
W05000533,0,0,0,0,0,0,0,0,0,0,0,0,0,0,1,1,0,0
W05000534,0,0,0,0,0,0,0,0,0,0,0,0,0,0,0,0,0,0
W05000537,0,0,0,0,0,0,0,0,0,0,0,0,0,0,0,0,0,0
W05000538,0,0,0,0,0,0,0,0,0,0,0,0,0,0,0,0,0,0
W05000544,0,0.09665365177826409,0,0.16659398271328935,0,0.07916856904450775,0,0.08791111041138591,0,0.13162381724577668,0,0,0,0,0,0,0.5,0.503888722704158
W05000545,0,0.3101164640743333,0,0.24646980207471514,0,0.10938935912938329,0,0.24274677019028826,0.25,0.4794294533189079,0,0.07314993954050784,0,0.589765162604213,0,0.12146916565900845,0,0
W05000546,0,0.06293571674114816,0,0.11416981780680646,0.1111111111111111,0.12017875558611206,0,0,0,0.017394293571674102,0,0,0,0.03153389661847984,0,0,0,0
W05000548,0,0,0,0,0,0.004947388438133867,0,0,0,0,0,0.07525238203266786,0.5555555555555556,0.7913549562293156,0,0.006829994929006076,0,0.12891167129283654
W05000550,0,0.07452581430524212,0,0.29952116344341717,0.25,0.3787641649074276,0,0,0,0,0,0,0,0,0,0,0,0.03516658173788549
W05000551,0.75,0.7638698630136986,0.5,0.7156790735400144,0.75,0.7638698630136986,0.75,0.7638698630136986,0.5,0.7526883561643836,0.5,0.7356930425378515,0,0.22628514780100936,0,0.04819078947368419,0.5,0.9289838680605623
W05000552,0,0,0,0,0,0,0,0,0,0,0,0,0,0,0,0.6657894736842105,0,0.23947368421052626
W05000553,0,0,0,0,0,0,0,0,0,0,0,0,0,0,0,0,0,0
W05000555,0,0.09736842105263156,0,0,0,0.09736842105263156,0,0.4289473684210525,0,0,0,0,0,0.04999999999999994,0,0,0,0.9026315789473683
W05000557,0.5,0.9140786804740044,0.5,0.7022178926016868,0.5,0.8293343653250773,1,1,0.5,0.8081482865378457,0,0.40371250133447206,0,0.5660563681007792,0,0.34182502402049747,0.5,0.44726166328600403
W05000559,0,0,0,0,0,0,0,0,0,0,0,0,0,0,0,0.18240616025820222,0,0
W05000560,0,0.11446073616344898,0,0.1428785741074777,0,0.24234100691157823,0,0.08604289821942025,0,0.1428785741074777,0,0,0,0,0,0,0,0
W05000561,0,0,0,0,0,0,0,0,0,0,0,0,0,0,0,0,0,0
W05000562,0,0,0,0,0,0,0,0,0,0,0,0,0,0,0,0,0,0
W05000563,0,0.4006197824437136,0,0.455583367728707,0,0.3909975102187545,0.3333333333333333,0.4217050341512775,0,0.40850253638142914,0,0.056129921312261154,0,0.41356597920300364,0,0.260791271119869,0,0
W05000564,0,0,0,0,0,0,0,0,0,0,0,0,0,0.3060227889310906,0,0,0.5,0.6705371676614216
W05000565,0,0,0,0,0,0,0,0,0,0,0,0,0,0,0,0.7605263157894736,0,0
W05000566,0,0,0,0,0,0,0,0,0,0,0,0,0,0,0,0,0,0
W05000567,0,0,0,0,0,0,0,0,0,0,0,0,0,0,0,0.9026315789473683,0,0
W05000568,0.5,0.7720127896787664,0.5,0.5864151611760537,0.5,0.7307688722337193,0.5,0.8338786658463374,1,1,0,0,0,0.10425545798609166,0,0,0,0
W05000569,0,0.2241586869661063,0,0.10039008680077154,0,0.34792728713144117,0,0,0,0.34792728713144117,0,0,0,0.10039008680077154,0,0.2047886814549462,0,0.2984198470653072
W05000570,0,0.6184210526315789,0,0.6657894736842105,0,0.8078947368421052,0,0.713157894736842,0,0.2868421052631578,0,0,0,0,0,0,0,0.95
W05000571,0,0.31259627727856226,0,0.2236360718870346,0,0.2236360718870346,0,0.40155648267008986,0,0.29035622593068033,0,0,0,0,0,0.11243581514762514,0.5,0.8478337612323491
W05000572,0,0,0,0,0,0,0,0,0,0.14473684210526305,0,0,0,0,0,0.47631578947368414,0,0
W05000573,0,0.18767365177750947,0,0.2912971404890178,0,0.505927133822231,0,0.2146299933332132,0,0.20839834951981115,0,0,0,0,0,0.2705724427467161,0,0
W05000574,0,0.95,0,0.8552631578947368,0,0.6657894736842105,1,1,1,1,0,0,0,0.4763157894736841,0,0,0,0
W05000575,0,0,0,0.04999999999999993,0,0.4289473684210525,0,0,0,0.14473684210526305,0,0,0,0.6657894736842105,0,0,0,0
W05000577,0.5,0.8992304812280436,0.75,0.811925151155473,0.5,0.9835326169214469,0.5,0.8845458962981845,0.25,0.65241012323452785,0,0.36358766220834354,0,0.21385412600670736,0,0.053860737813961265,0.5,0.7964216580500745
W05000578,0.3333333333333333,0.593609412535488,0.6666666666666666,0.6589730290456431,0.3333333333333333,0.6589730290456431,0.3333333333333333,0.5452582441581131,0.3333333333333333,0.5291411880323215,0.3333333333333333,0.31872406639004147,0,0.046131114872242814,0,0.03312950425857173,0,0.24239803996505785
W05000579,0,0.5883312893551679,0,0.5953505508435274,0.3333333333333333,0.6921871940473859,0.3333333333333333,0.6619299619717003,0,0.2900930611235353,0,0.05969670112229858,0,0,0,0.23588882132882624,0,0
W05000581,0,0,0,0,0,0.19210526315789467,0,0,0,0.23947368421052628,0,0,0,0,0,0.9500000000000001,0,0
W05000582,0,0,0,0.10906448154104964,0,0.0910538332131699,0,0.07304318488529013,0,0,0.3333333333333333,0.3451527924130664,0,0,0,0,0,0
W05000584,0,0.02769716088328072,0,0.02769716088328072,0,0.15889423875145273,0,0.043431844595716404,0,0.29009131661962473,0,0,0,0,0,0,0,0
W05000585,0,0,0,0,0,0,0,0,0,0,0,0,0,0,0,0,0,0
W05000587,0.75,0.933035254315482,0.75,0.9440936526854024,0.75,0.8998600592057205,1,1,0.75,0.9219768559455616,0,0.1291422859559417,0,0,0,0.1982934143247087,0,0
W05000590,0,0,0,0,0,0,0,0,0,0,0,0,0,0.11737999959373538,0,0,0,0.09416197769607342
W05000591,0,0,0,0,0,0,0,0,0,0,0,0,0,0,0,0,0,0
W05000592,0,0.37782006545046914,0,0.4507521379883924,0,0.6402258221989187,0,0.1857428266647381,0,0.7312037823862301,0,0,0,0.19583612070368295,0,0,0,0.27797374749136666
W05000593,0,0,0,0,0,0,0,0,0,0,0,0,0,0,0,0,1,1
W05000594,1,1,1,1,0,0.9499999999999998,1,1,1,1,0,0,0,0,0,0,0,0
W05000595,0,0.5393991176287826,0,0.6921301186851425,0,0.6655657739389796,0,0.6184210526315789,0,0.46082458211644806,0,0,0,0.1904181942459454,0,0.21218852917417508,0,0
W05000596,0,0.14473684210526305,0,0,0,0,0,0,0,0.95,0,0,1,1,0,0,0,0
W05000598,0,0,0,0,0,0,0,0,0,0,0,0,0,0,0,0,0,0
W05000599,0,0,0,0.09736842105263155,0,0,0,0.4289473684210525,0,0.3815789473684211,0,0,0,0,0,0,0,0.47631578947368414
W05000601,0.4,0.7753897740537246,0.6,0.7080341410101041,0.6,0.7657675407617788,0.4,0.7256195121225864,0.8,0.873328079345135,0.2,0.17022178273767483,0.2,0.2793622352250169,0,0.12139500821555228,0,0.029646619727734344
W05000602,0,0,0,0,0,0,0,0,0,0,0,0,0,0,0,0,0,0
W05000603,0,0,0,0,0,0,0,0,0,0,0,0,0,0,0,0,0,0
W05000604,0,0,0,0,0,0,0,0,0,0,0,0,0,0,0,1,0,0
W05000605,0,0.3177713869928277,0,0.38714944042132976,0,0.3267773119434531,0,0.3263282630539482,0.25,0.4206714944042133,0,0,0,0,0,0,0,0
W05000607,0,0.03852953699761185,0,0.01978543791769255,0,0.03852953699761185,0,0,0,0.30094692411648183,0,0,0,0,0,0,0.5,0.8839124719995556
W05000608,0,0,0,0,0,0,0,0,0,0.10831733963239093,0,0,0,0,0,0,0,0.2368697866686351
W05000609,0,0,0,0,0,0,0,0,0,0,0,0,0,0,0,0,0,0
W05000610,0,0,0,0,0,0,0,0.2868421052631578,0,0.5710526315789473,0,0,0,0.7605263157894736,0,0.2394736842105263,0,0
W05000611,0,0.11554121151936443,0,0.22981273939565894,0,0.3440842672719534,0,0,0,0.2755213505461767,0,0,0,0,0,0,0,0.22981273939565894
W05000612,0,0,0,0,0,0.11442215198570838,0,0,0,0.2049539645458293,0,0,0,0,0,0.19925793596262195,0,0
W05000613,0,0.39029577713127034,0,0.31321299479855413,0,0.43591862822886357,0,0.05743850833112931,0.6666666666666666,0.6641541038525963,0,0.22582209292074404,0,0.19122807017543858,0,0.09992726791854005,0,0
W05000614,0,0.4481260804001618,0,0.35026113501783807,0,0.5975137003935415,0,0.28381606532053405,0.25,0.692882231784913,0,0.3324846445253595,0,0.10934293280370737,0,0.1992993490014344,0,0.15406506307697965
W05000615,0.3333333333333333,0.7207164830247775,0.3333333333333333,0.5392466021589574,0.6666666666666666,0.7751457016611667,0.3333333333333333,0.49219755019855693,0,0.5184389507243133,0.3333333333333333,0.5416298450696347,0,0.27284691537558026,0,0.3708238715811845,0,0.18719223670227636
W05000616,0,0.29415241504264433,0,0.2716215917627822,0,0.2716215917627822,0,0.5213774360334084,0,0.6611759246983958,0,0,0,0.4518681780016792,0,0,0,0
W05000617,0,0.07102907223295479,0,0.14108514347641707,0,0,0,0,0,0.36974037600716203,0,0.2957051312255572,0,0,0,0,0,0.2048381472930311
W05000618,0,0,0,0,0,0,0,0,0,0,0,0,0,0,0,0.09654230155479923,0,0
W05000619,0,0,0,0,0,0,0,0,0,0,0,0,0,0,0,0,0,0
W05000620,0,0.21680376220751127,0,0.19524316707085268,0,0.38928852330077995,0,0.08744019138755978,0,0.06587959625090117,0,0,0,0.2599249524808284,0,0,0.5,0.9341204037490987
W05000622,0,0,0,0,0,0,0,0,0,0.04999999999999993,0,0,0,0,0,0,0,0
W05000623,0,0,0,0,0,0,0,0,0,0,0,0,0,0,0,0,0,0
W05000624,0,0,0,0,0,0,0,0,0,0,0,0,0,0,0,0,0,0
W05000625,0,0.3029313378369572,0,0.023854725546842728,0,0.5667126441775093,0,0.2272476486304494,0.5,0.7509318591567652,0,0,0.5,0.8857484197493319,0,0,0,0
W05000626,0,0.0991658450318481,0,0.1158559869790444,0,0.4855274895535001,0,0,0,0.047106280420051,0,0.3925880714274535,0,0.17252140163074944,0,0,0.5,0.5162057686589355
W05000627,0,0.07500960430272757,0,0.09955820207452935,0,0.46778716865155584,0,0,0,0.05046100653092584,0,0.09955820207452935,0,0.34504417979254703,0,0,0,0
W05000628,0,0.24830459358657037,0,0.43001104588131805,0,0.3941838661948302,0.2,0.1737271667314419,0,0.34078930322307904,0,0.185227156503774,0,0,0,0,0,0
W05000629,0,0,0,0,0,0,0,0,0,0,0,0,0,0,0,0,0,0
W05000630,0.5,0.5026937422295897,0,0.5026937422295897,0,0.4775590551181102,0.5,0.5275590551181102,0.5,0.5026937422295897,0,0,0,0,0,0,0,0
W05000631,0,0.17691110269678992,0,0.15494972443098148,0,0.2208338592284067,0,0,0.5,0.4636290967226219,0,0,0,0,0,0,0,0.08906558963355628
W05000632,0,0,0,0,0,0,0,0,0,0,0,0.2923246822955956,0.25,0.18591510474090409,0,0,0,0
W05000633,0.25,0.23270440251572327,0,0.21004634227077124,0.25,0.23270440251572327,0,0.16595498179410786,0.25,0.23270440251572327,0,0.37926627429134263,0.5,0.5190980211688909,0,0,0,0.10751649025924219
W05000634,0,0.36378054282403843,0.16666666666666666,0.34520825002307054,0,0.39128677186830313,0,0.1785349185353799,0.16666666666666666,0.26583176966378536,0.16666666666666666,0.35928255765070183,0.16666666666666666,0.18854240364206834,0,0,0.16666666666666666,0.351820265157341
W05000635,0,0.6914899236939933,0,0.7103140285658384,0.3333333333333333,0.6777758755625123,0,0.3835213265505771,0,0.7300097828213656,0.3333333333333333,0.696158775190765,0.3333333333333333,0.522768538446488,0,0,0,0.37262913324202696
W05000636,0,0,0,0,0,0,0,0,0,0,0,0,0,0.2482825588010279,0,0,0,0
W05000637,0.3333333333333333,0.6476367244927962,0.3333333333333333,0.723991368085017,0.3333333333333333,0.6933039652203132,0,0.5043852648380728,0.3333333333333333,0.5713860419204435,0,0.6863926576217079,0,0.2296136640483891,0,0,0.3333333333333333,0.6330727307094552
W05000638,0,0,0,0,0,0,0,0,0,0,0,0,0,0,0,0.4209321043643108,0,0
W05000640,0,0.09333791791093984,0,0.17040592352547737,0,0.18581952464838483,0,0,0,0.06251071566512484,0,0.07792431678803236,0,0,0,0,0,0
W05000641,0.25,0.6821313764187773,0.75,0.7769772392336662,0.25,0.586572354416416,0.75,0.7769772392336662,0.25,0.49198288417950065,0,0.2497436074220265,0,0.15092258236880887,0,0,0,0.0322796101109167
W05000642,0,0,0,0.059413208291336166,0,0,0,0,0,0,0,0,0,0.00957535387177351,0,0,0.16666666666666666,0.2285949052481328
W05000644,0,0,0,0,0,0,0,0,0,0,0,0,0,0,1,1,0,0
W05000645,0,0,0,0.013543999843503943,0,0,0,0,0,0,0,0,0,0,0,0.047575778323340395,0,0.05755435792603604
W05000646,0,0,0,0,0,0,0,0,0,0,0,0,0,0,1,1,0,0
W05000648,0,0,0,0,0,0,0,0,0,0,0,0,0,0,0.25,0.26820652173913045,0,0
W05000649,0,0,0,0,0,0,0,0,0,0,0,0,0,0,0,0,0,0
W05000650,0,0,0,0,0,0,0,0,0,0,0,0,0,0.1942388790640729,0,0,0,0
W05000651,0,0,0,0,0,0,0,0,0,0,0,0,0,0,0,0.40866366167307433,0,0
W05000652,0,0,0,0.09211693682876392,0,0,0,0,0,0,0,0,0,0.16219287127832252,0,0,0,0.03977664376403617
W05000654,0,0,0,0,0,0,0,0,0,0,0,0,0,0,0,0.2576256608537836,0,0
W05000655,0,0.37918361989762434,0.3333333333333333,0.4769947600634042,0.3333333333333333,0.518102516986885,0,0.152491241531798,0,0.3956904297959553,0,0,0,0.012488010742374815,0,0,0,0.2066806667541672
W05000657,0.25,0.3130091286441612,0.25,0.32626674125239163,0.25,0.2592421441774492,0.25,0.2592421441774492,0.25,0.4853580925511561,0,0.0989213444887635,0,0.3527154878879268,0,0.1480409086487012,0,0
W05000658,0,0.21053867243310034,0,0.13647295053481098,0,0.24757964242962502,0,0.18585009846700384,0,0.09944008958566629,0.25,0.5559551299378306,0.5,0.5263389581804843,0,0,0.25,0.7027184615978684
W05000659,0,0.12301422340643119,0,0.1701488123206872,0,0.30609981260261243,0,0.1025613740263904,0,0.1975021973587471,0,0,0,0.10100249310388668,0,0.019512545674658228,0,0.14945936682900401
W05000661,0,0,0,0,0,0,0,0,0,0,0,0,0,0,0,0,0,0
W05000663,0,0,0,0,0,0,0,0,0,0.10946184665816788,0,0,0,0.20716171917683482,0,0,0,0.15276543434711343
W05000664,0.5,0.520332743839145,0.5,0.46859021183345506,0,0.4776825189342969,0,0.6257391103763791,0,0.40076794433124446,0,0,0.5,0.595848871631233,0,0,0,0
W05000666,0.5,0.49374329638898823,0.5,0.49374329638898823,0.5,0.49374329638898823,0.5,0.49374329638898823,0.5,0.5071773328566321,0,0.1274890390079596,0,0,0,0.14679826129499648,0,0.0794003913967973
W05000667,0,0.08739720394736838,0,0.04409950657894734,0,0.3708913702713815,0,0,0,0.11988396895559206,0,0,0.3333333333333333,0.8368183336759868,0,0,0,0
W05000668,0.5,0.513271783035199,0,0.4632953199501928,0.5,0.513271783035199,0.5,0.513271783035199,0.5,0.5837192881222096,0,0,0,0,0,0.12291508488474502,0,0
W05000669,0.5,0.6801383019592777,0.5,0.6573813432053923,0.5,0.7939230957287046,0.5,0.5891104669437361,0.5,0.8394370132364753,0,0,0,0,0,0.36994900988370055,0,0
W05000671,0,0.23410759040458284,0,0.1177005012531328,0,0.30395184389545293,0,0.466921768707483,0,0.44364035087719295,0,0,0,0,0,0,0,0.5493823845327603
W05000672,0.3333333333333333,0.2756395482830145,0.3333333333333333,0.2756395482830145,0.3333333333333333,0.32207275506119526,0,0.37121577855678606,0.3333333333333333,0.2756395482830145,0,0.11823485886876674,0,0,0,0,0,0.38337174464162244
W05000677,0.5,0.6244998461064942,0.5,0.5609536662168241,0.5,0.6868906409072614,0,0.2983912209673982,0.5,0.64529677770675,0,0.50288727892606,0,0.7284845041077728,0,0,0,0
W05000678,1,1,1,1,1,1,0.5,0.8938089931276699,1,1,0,0.3156636779629535,0,0.080006922986002,0,0.04354558195295745,0,0
W05000680,0.3333333333333333,0.6228915448999858,0.3333333333333333,0.5400606469002696,0.6666666666666666,0.8213215822575305,0.3333333333333333,0.32816711590296493,0.3333333333333333,0.7475286092589964,0,0,0,0.30698798884002454,0,0.07858738828202581,0,0
W05000681,0.25,0.684532065457762,0.25,0.6575280849181777,0.5,0.7531676249447147,0.5,0.6929420610349403,0.25,0.8477341884122069,0,0,0,0.3842905793896505,0,0.150187969924812,0,0
W05000682,0.25,0.2849746934879234,0,0.2338958107530303,0.25,0.3222662503604562,0,0.28234709198842556,0,0.2930344944166575,0.25,0.20196485924806348,0,0.4090044447979953,0,0,0.5,0.9509988365964979
W05000683,0.25,0.40453730375231306,0.25,0.394493618969497,0.25,0.43466835810076115,0.25,0.45088132618607046,0.25,0.41458098853512904,0,0.07449066213921897,0,0.44869994849392414,0,0,0,0.39050094427805643
W05000684,1,1,1,1,1,1,1,1,1,1,0,0.09977234623097403,0,0,0,0.39498915151714387,0,0
W05000686,0,0,0,0,0,0,0,0,0,0,0.5,0.5388947553678283,0,0,0,0,0,0.15457770614498226
W05000687,0,0.14489233457086695,0,0.09720157239571955,0,0.20359772876173832,0,0.1445621314697532,0,0.16874033631797333,0,0.01148547717842322,0,0.10594583970299187,0,0,0,0.3232954793623061
W05000688,0,0,0,0,0,0,0,0.14473684210526305,0,0.23947368421052628,0,0.14473684210526305,0,0,0,0.95,0,0
W05000689,0,0.10199773149332232,0,0.23674702814505097,0,0,0,0,0,0.25165300743936747,0,0,0,0,0,0.1561205199773149,0,0.2298753433340375
W05000690,0.6666666666666666,0.9836389748121962,0.6666666666666666,0.9526391376142521,0.6666666666666666,0.875139544619392,1,1,1,1,0,0.3180309091331953,0,0.06286078098471984,0,0.24757483080214895,0,0
W05000691,0,0,0,0,0,0,0,0,0,0,0,0,0,0.13487826098965594,0,0,0,0.3091155795550276
W05000693,0,0,0,0,0,0,0,0,0,0,0,0,0,0,0,0,0,0.16901625091954792
W05000694,0,0.12341848557592236,0,0.10303745126063245,0,0.1845615885217922,0,0.16418055420650227,0,0.20494262283708212,0,0,0.5,0.7135332399017581,0,0,0.5,0.6727711712711781
W05000695,0.25,0.26675558519506504,0.25,0.32185289833453257,0.25,0.3000561590705673,0,0.3085151190747793,0.25,0.2782594198066022,0,0.153419560906267,0,0,0,0.23726505326336844,0,0
W05000696,0.25,0.28572372284204345,0,0.2480514262756127,0.25,0.29606383471891706,0.25,0.2748091603053435,0.25,0.3374242822264116,0,0,0,0.021254674413573562,0,0.04533524430571433,0,0.034016982414933374
W05000697,0,0.050529656593215344,0,0,0,0,0,0.16628850624312697,0,0.07948676902518129,0.3333333333333333,0.34911399100766993,0.3333333333333333,0.4486003424323835,0,0,0.3333333333333333,0.5543820209078635
W05000698,0.3333333333333333,0.5459108640652068,0.3333333333333333,0.48668631678651997,0.3333333333333333,0.5249355035706718,0,0.5619558308511036,0.3333333333333333,0.6816337849121976,0,0.2543951045029101,0.3333333333333333,0.4906321273228062,0,0.16199882847065564,0,0.121685755948004
W05000699,0,0,0,0,0,0,0,0.7046489987344599,0,0.09312513958162733,0,0.13272165562420904,0.3333333333333333,0.9686784145654093,0,0.3625261881719858,0,0.39135657389584283
W05000700,0.25,0.7011811129666541,0.25,0.6263144427086139,0.5,0.8130865161881161,0.5,0.6282650074521,0,0.6717839250121208,0,0,0,0.5829082044928082,0,0.11549183860367394,0.25,0.5538297509382464
W05000701,0,0.10636321332521263,0,0.10531619322653268,0,0.25009238412635404,0,0.04834598197483043,0,0.15524981352093012,0,0.06356575354652393,0,0.1973256506237639,0,0,0.4,0.5173476859487165
W05000702,0.6666666666666666,1,0.6666666666666666,0.8825645308409443,0.6666666666666666,0.9601365838634398,0.6666666666666666,0.8676374426951917,0.6666666666666666,0.9601365838634398,0.3333333333333333,0.48746283331556445,0.6666666666666666,0.9858991672293497,0,0.1744050369001504,0,0.1756145089259272
W05000704,0.5,0.4853163790493491,0.5,0.4853163790493491,0.5,0.4853163790493491,0.5,0.4853163790493491,0.5,0.5110505600968817,0,0,0,0.18518651305830422,0,0.3231185365775929,0,0.4889494399031184
W05000705,0,0.26526901733705577,0,0.2449505394133664,0,0.28558749526074517,0,0.395750755408495,0,0.3465429290318133,0,0,0,0.2449505394133664,0,0.266300164294167,0,0.0633221889038247
W05000706,0.25,0.3555620365346356,0.25,0.37901835775004517,0.25,0.32073702296979556,0,0.5189206909025139,0,0.4435146500271296,0,0.1600189907759088,0,0.3378648941942485,0,0,0.25,0.536495749683487
W05000707,0,0.10471159136114203,0,0,0,0.07012794650792081,0,0.2702866453187377,0,0.3325135070321206,0,0,0.5,0.39679710533369067,0,0.1565870586409739,0,0
W05000708,0.25,0.2582550601931472,0.25,0.24619658685011245,0.25,0.30395032759833174,0,0.24619658685011245,0.25,0.3153741444496278,0,0.34709269535792114,0,0,0,0.1989009267446961,0,0.05775374074821926
W05000709,0.25,0.38343294370006525,0,0.2633117791525476,0.25,0.3708214163583797,0,0.22217567693599027,0.5,0.6255082848882395,0,0.3658547579817826,0,0.6310115957347592,0,0.03349123325146887,0.25,0.23139397519196692
W05000710,1,1,1,1,1,1,0.6666666666666666,0.9475178886632376,0.6666666666666666,0.9830778939776414,0.3333333333333333,0.7783010989428132,0,0,0,0.5917816539184239,0,0
W05000711,0.3333333333333333,0.44638673713168753,0.3333333333333333,0.3248316803011655,0.3333333333333333,0.27840440165061897,0.3333333333333333,0.5991746905089409,0.3333333333333333,0.46158111923550277,0,0.11942083544487074,0.6666666666666666,0.8090805762687323,0,0.23810902772750306,0.3333333333333333,0.29444291609353507
W05000712,0.3333333333333333,0.3661112414926074,0.3333333333333333,0.3661112414926074,0.3333333333333333,0.3934868266653491,0,0,0.3333333333333333,0.3661112414926074,0,0.5778338418211687,0.3333333333333333,0.4600760878963426,0,0.1570424535876184,0.3333333333333333,0.6116182265097148
W05000713,0.25,0.4375035742198669,0.25,0.44934139041918447,0.25,0.41382794182123184,0.25,0.3664766770239616,0.5,0.580126384414495,0,0.06758087268152269,0.5,0.45617529880478086,0,0.2863803160563487,0,0
W05000714,0,0.11150126527649723,0,0.0561351197598917,0,0.20715616846813267,0,0.09765972889734584,0,0.09765972889734584,0,0.0422935833807403,0.3333333333333333,0.5621721560703846,0,0.10201953822312021,0.3333333333333333,0.7512927398630755
W05000715,0,0.20716078825153758,0,0.05861415179721613,0,0.2400279442172646,0,0,0,0.13604936151096958,0.25,0.22455127400527175,0.25,0.23471821262708673,0,0.14727692521123315,0.25,0.3209327290864289
W05000716,0,0.02468236713977498,0,0,0,0.11059740603275107,0,0.18880783315285227,0,0.22431740966992633,0,0,0,0.15637828275730944,0,0,0,0.02468236713977498
W05000718,0.5,0.8312485988210315,0.5,0.7474547996149229,0.5,0.8940939482256128,0,0.823371665194055,0,0.80336085138931,0.5,0.8521970486225586,0.5,0.5577549486344274,0,0,0,0
W05000719,0,0,0,0,0,0.013994956772334276,0,0.16364278401334745,0,0,0,0.24757270969209763,0,0.44497573183679656,0,0,0,0
W05000720,0,0.30904692286271235,0,0.47322472848788627,0,0.3112708468702621,0,0.3152460626875831,0,0.4536967418546365,0,0,0.25,0.5527646276184288,0,0,0,0
W05000721,0,0.5158417630057803,0.5,0.5429913294797688,0,0.5429913294797688,0.5,0.5429913294797688,0,0.4386798372376027,0,0,0.5,0.6899233723760266,0,0.3692148996045026,0,0
W05000722,0.25,0.3685028766247603,0.25,0.23838056680161943,0.25,0.5075197102066907,0.25,0.4167462177711485,0.25,0.4736415938632005,0.5,0.8914101853824845,0.25,0.31180524184956315,0,0.1474195610483699,0,0
W05000723,0.14285714285714285,0.2645476545048399,0.14285714285714285,0.2960443037974683,0.14285714285714285,0.28817014147431125,0.14285714285714285,0.22517684288905437,0.14285714285714285,0.28817014147431125,0,0.05924775639769564,0,0,0,0.033076968295646034,0,0.0777084884586746
W05000724,0,0.10569738713783033,0,0.15825409897432055,0,0.13723141423972446,0,0.1897881260762147,0,0,0.2,0.5391876294577125,0,0,0,0,0,0
W05000726,0,0,0,0,0,0.04803967111069818,0,0,0,0.21163422678496768,0,0,0,0,0,0,0,0
W05000728,0.5,0.4663782933543059,0,0.28841815510068913,0.5,0.4663782933543059,0.5,0.4663782933543059,0.5,0.4663782933543059,0,0,0,0.4816638036301922,0,0,0,0
W05000729,0,0.2868421052631578,0,0.04999999999999993,0,0.8552631578947368,0,0,0,0.23947368421052628,0,0.3342105263157894,0,0.19210526315789467,0,0,0,0
W05000730,0.3333333333333333,0.32474669414391205,0.3333333333333333,0.32474669414391205,0.3333333333333333,0.39343348066198464,0.3333333333333333,0.46102569664759524,0.3333333333333333,0.4459764816471885,0,0.2387515026618581,0,0.13643265815233602,0,0,0,0
W05000734,0.3333333333333333,0.7987082604109922,0.3333333333333333,0.6124995653635299,0.6666666666666666,0.8921046836426014,0.3333333333333333,0.7325218187507968,0.6666666666666666,0.9685659314549311,0.6666666666666666,0.677163620347941,0,0.1263099943207501,0,0.017308962783527834,0,0.2360441127041342
W05000735,0,0.03143771569152268,0,0.12320185879110239,0,0.016143691841592707,0,0.09261381109124246,0,0,0,0.09261381109124246,0,0,0,0,0,0
W05000736,0,0.23089686098654705,0,0.20787113523719614,0,0.20787113523719614,0,0.2430493273542601,0.25,0.2430493273542601,0,0.21106679254189284,0,0.08760915742270474,0,0.17333254661316966,0,0.17461411375973562
W05000737,0.3333333333333333,0.6281847116221186,0.3333333333333333,0.5357567647933392,0.3333333333333333,0.5658687679651105,0.3333333333333333,0.5809247695509961,0.6666666666666666,0.7066799925110957,0.6666666666666666,0.9539955507097939,0,0.6950094161958569,0,0.36014911730047017,0,0
W05000742,0,0.6657894736842105,0,0.5710526315789471,1,1,0,0.8078947368421052,0,0.3342105263157894,0,0.9026315789473683,0,0,0,0,0,0
W05000745,0,0.2793591473753417,0,0.2429966434824734,0,0.26013322260285815,0,0.3335727879857434,0,0.4505349666078411,0.2,0.34233399079552923,0,0,0,0,0,0.06548807917228966
W05000748,0.5,0.6660232211053071,0.5,0.6216573021377464,0.5,0.8656698564593301,0.5,0.5316930775646372,0.5,0.5316930775646372,1,1,0,0,0,0.10214103858478553,0,0.37857644528335005
W05000749,0,0,0,0,0,0,0,0,0,0.08790209080880948,0,0,0,0.3180457467446018,0,0,0,0
W05000750,0,0,0,0,0,0,0,0,0,0,0.3333333333333333,0.4343035642845845,0,0.1809560581673381,0,0,0.3333333333333333,0.36522287245424856
W05000751,0,0.3396144202168195,0,0.1077091373927579,0.3333333333333333,0.3222793087342363,0,0.4014964723813269,0,0.11059699107647679,0.3333333333333333,0.6539934609995328,0.6666666666666666,0.9005229971238231,0,0,0,0.23599830379311187
W05000760,0,0,0,0,0,0.04674939227768669,0,0,0,0,0,0.09223528746678723,0,0.42000113064616423,0,0,0,0
W05000761,0,0.8861001123200327,0,0.696932755471347,0.6666666666666666,0.9518583859951669,0.3333333333333333,0.6050214996426181,0.3333333333333333,0.6494100361920104,0,0.33659080337187,0.3333333333333333,0.33261478766975644,0,0.44855231957885655,0,0.23942376419600409
W05000764,0.25,0.36251100724784935,0.25,0.3235032562100231,0.25,0.41452134196495094,0.25,0.3105006725307477,0.25,0.2714929214929215,0.5,0.6886313273531318,0,0.14787160952574485,0,0.4185981362673092,0,0.2648706708857085
W05000765,0,0.3770103411020219,0,0.25830154565298874,0,0.35722554186051636,0,0.3967951403435274,0,0.15937754944546115,0,0.44150883072784597,0.5,0.7226313584547879,0,0.020883954754922468,0,0
W05000766,0.25,0.7512527928503031,0.25,0.7398764426226754,0.75,0.7776891158633897,0.25,0.31152544223629614,0.5,0.6629563055420229,0.75,0.7518113629109479,0,0.10589018428612225,0,0.16819048499000452,0,0.2674752633258857
W05000768,0,0.30143815055307205,0,0.23231311384474823,0,0.34036039416582364,0.25,0.4854431102554899,0,0.13376186902470064,0.25,0.6457426501778314,0,0.3930645740202956,0,0,0,0.2767285541814859
W05000769,0,0.5236842105263158,0,0.3342105263157894,0,0.47631578947368414,0,0.47631578947368414,0,0.6184210526315789,0,0.9026315789473683,0,0.8552631578947368,0,0,0,0
W05000770,0,0,0,0,0,0,0,0,0,0,0,0.09736842105263155,0,0,0,0,0,0
W05000772,0,0,0,0,0,0,0,0,0,0,0,0,0,0,0,0,0,0
W05000773,0,0.95,0,0.381578947368421,0,0.5710526315789473,1,1,0,0.5236842105263158,0,0.9026315789473683,0,0.7605263157894736,0,0.7605263157894736,0,0.8552631578947367
W05000774,0,0.17765964979718177,0,0.28488726139777654,0,0.14676047219721414,0,0.22835105253042273,0,0.26509503626450326,0,0.48297338579969046,0,0,0,0,0,0.0695191033513054
W05000776,0,0.2355469356089992,0,0.15333387775101054,0.3333333333333333,0.24794414274631496,0,0.035886652239598194,0,0.18856804540443425,0.3333333333333333,0.24794414274631496,0,0.18673390224980602,0,0,0,0
W05000780,0,0.03502207353245498,0,0.026386493757329082,0,0.05229323308270675,0,0,0,0.10410671173346207,0,0.06259329516451678,0,0.1335652203904256,0,0.13001345105883974,0,0
W05000782,0,0,0,0,0,0,0,0.049999999999999926,0,0,0,0.2868421052631578,0,0.5710526315789473,0,0,0,0
W05000783,0,0.19210526315789467,0,0,0,0.6657894736842105,0,0.23947368421052628,0,0,1,1,0,0,0,0,0,0
W05000784,0,0.6184210526315788,0,0.713157894736842,0,0.3342105263157894,1,1,0,0.6657894736842105,1,1,0,0,0,0,0,0
W05000787,0.5,0.842451410388717,0.5,0.7084730822153422,0.5,0.7084730822153422,0.5,0.8871108531131751,0.5,0.8201216890264879,1,1,0,0.06822970416236665,0,0.0765071379428964,0,0.13521886824905396
W05000788,0,0.21934147424125053,0,0.17835725414080925,0,0.13737303404036796,0.25,0.2884074747808831,0,0.26032569434169184,0,0.17835725414080925,0,0,0,0,0,0
W05000790,0,0.06954964286484965,0,0,0,0,0,0,0,0.16059644806974382,0,0.0505804794890054,0,0.6165760341813944,0,0.297166655877085,0,0
W05000791,0,0,0,0,0,0,0,0,0,0,0,0,0,0,0,0.95,0,0
W05000792,0,0,0,0,0,0,0,0,0,0,0,0,0,0,0,0.713157894736842,0,0
W05000793,0,0,0,0,0,0,0,0,0,0,0,0,0,0,0,0,0,0.04999999999999993
W05000794,0,0,0,0,0,0,0,0,0,0,0,0,0,0,0,0.23947368421052628,0,0.7605263157894736
W05000795,0,0,0,0,0,0.19210526315789467,0,0,0,0.04999999999999993,0,0,0,0,0,0.381578947368421,0,0
W05000796,0,0,0,0,0,0,0,0,0,0,0,0,0,0.6657894736842105,1,1,0,0
W05000797,0,0,0,0,0,0,0,0,0,0,0,0,0,0,1,1,0,0
W05000798,0,0,0,0,0,0,0,0,0,0,0,0,0,0,0,0,0,0
W05000799,0,0,0,0,0,0,0,0,0,0,0,0.027764774722059647,0,0.31710295340457634,0,0,0,0.6709171260509378
W05000800,0,0,0,0,0,0,0,0,0,0,0,0,0,0,0,0.8552631578947368,0,0.04999999999999993
W05000801,0,0,0,0,0,0,0,0,0,0,0,0,0,0,0.5,0.792942880794702,0,0
W05000802,0,0,0,0,0,0,0,0,0,0.47631578947368414,0,0,0,0,0,0,0,0.19210526315789467
W05000803,0,0,0,0,0,0,0,0,0,0,1,1,0,0,0,0,0,0.3342105263157894
W05000804,0,0.26341002206114084,0,0.4301922470847778,0,0.35803655846202326,0,0,0,0.3825401827923101,0,0.2872360542073747,0,0,0,0.09547746612039076,0,0
W05000805,0,0,0,0,0,0,0,0,0,0,0,0,0,0,0,0,0,0
W05000806,0,0,0,0,0,0,0,0,0,0,0,0,0,0.19210526315789467,1,1,0,0.5236842105263158
W05000807,0,0,0,0,0,0,0,0,0,0,0,0,0,0,0.3333333333333333,0.35319351763584367,0,0
W05000808,0,0,0,0,0,0,0,0,0,0,0,0,0,0,0,0.9500000000000001,0,0.2394736842105263
W05000809,0,0,0,0,0,0,0,0,0,0,0,0,0,0.09736842105263156,1,1,0,0
W05000810,0,0,0,0,0,0.26853771819762706,0,0,0,0,0,0,0.5,0.5979352396046578,1,1,0,0
W05000811,0,0,0,0,0,0,0,0,0,0,0,0,0,0,1,1,0,0
W05000812,0,0,0,0,0,0,0,0,0,0,0,0,0,0,0,0.713157894736842,0,0
W05000813,0,0,0,0,0,0,0,0,0,0,0,0,0,0,1,1,0,0
W05000814,0,0,0,0,0,0,0,0,0,0,0,0,0,0,0,0,0,0.713157894736842
W05000815,0,0,0,0,0,0,0,0,0,0,0,0,0,0.9026315789473683,1,1,0,0
W05000816,0,0.2359825064092896,0,0.20992308852360123,0,0.31416076006635496,0,0.33665359674257267,0,0.053566581209470644,0,0,0,0,0,0.15780425275222434,0.5,0.9203740009048409
W05000817,0,0,0,0,0,0,0,0,0,0,0,0,0,0,0,0.2394736842105263,0,0.4763157894736842
W05000818,0,0,0,0,0,0,0,0,0,0,0,0,0,0,0,0,0,0
W05000819,0,0,0,0,0,0,0,0,0,0,0,0,0,0,0,1,0,0
W05000820,0,0,0,0,0,0,0,0,0,0,0,0,0,0,0,0,0,0.8078947368421052
W05000821,0,0,0,0,0,0,0,0,0,0,0,0,0,0.8078947368421052,1,1,0,0
W05000822,0,0,0,0,0,0,0,0,0,0,0,0,0,0,0,0,0,0.09736842105263155
W05000823,0,0,0,0,0,0,0,0,0,0,0,0,0,0,0,0,0,0
W05000824,0,0,0,0,0,0,0,0,0,0,0,0.8552631578947368,0,0.04999999999999993,0,0,0,0.5710526315789473
W05000825,0,0,0,0,0,0,0,0,0,0,0,0,0,0,0,0,0,0.6684052747836773
W05000826,0,0,0,0,0,0,0,0,0,0,0,0,0,0,1,1,0,0
W05000827,0,0,0,0,0,0,0,0,0,0,0,0,0,0,0,0,0,0.7852416756176155
W05000828,0,0.1661176433992783,0,0.3073830409356725,0,0,0,0.213206109244743,0,0.4251042055493343,0,0,0,0,0,0.04839647878561651,0,0
W05000829,0,0,0,0,0,0,0,0,0,0,0,0,0,0.40242364939879194,1,1,0,0
W05000830,0,0,0,0,0,0,0,0,0,0,0,0,0,0,0,0,0.5,0.7803681825686558
W05000831,0,0,0,0,0,0,0,0.4289473684210525,0,0,0,0,0,0,0,0,1,1
W05000832,0,0,0,0,0,0,0,0,0,0,0,0,0,0,0,0.14473684210526305,0,0.95
W05000833,0.16666666666666666,0.21164020407462905,0.16666666666666666,0.17702244363353503,0,0.21656018714467107,0,0,0,0.16415739141376587,0.3333333333333333,0.3317714112492708,0.16666666666666666,0.2853927635868633,0,0.10067319461444307,0,0.48840726844278703
W05000834,0.3333333333333333,0.4639234886120911,0.3333333333333333,0.47735858113135093,0,0.32824807401540784,0.5,0.5381896944824441,0.3333333333333333,0.41018311853505174,0.5,0.5381896944824441,0,0.18312723498212014,0,0,0.5,0.9886798905608756
W05000835,0,0.17706849074092867,0.2,0.1961691734156061,0.2,0.1961691734156061,0,0.19784845840014612,0,0.06556180269416308,0,0.17535469990054192,0,0.3489594116413285,0,0,0.6,0.8725313089897904
W05000836,0.5,0.7903618911774714,0.5,0.6842893689968331,0.6666666666666666,0.7302036169488864,0.8333333333333334,0.9268117459237352,0.3333333333333333,0.8926640320343374,0.8333333333333334,0.9340901358318721,0,0,0,0.16072325891805592,0,0
W05000837,0,0.013189347871671206,0,0.09018662193331936,0,0.07735374292304466,0,0,0,0,0.16666666666666666,0.18076387150887113,0,0,0,0,0.5,0.6319181677365242
W05000838,0.16666666666666666,0.3004450891922692,0.16666666666666666,0.37175209898364997,0,0.2523844686838616,0.16666666666666666,0.30047939391120304,0.16666666666666666,0.3004450891922692,0.16666666666666666,0.5153696769542061,0,0,0,0.11394748470823543,0,0.25179838128241505
W05000839,0,0,0,0,0,0,0,0,0,0,0,0,0,0,0,0,0,0.38044389938509293
W05000840,0,0,0,0,0,0,0,0,0,0,0,0,0,0,0,0.2273365978284011,0,0.5046838407494145
W05000841,0.2857142857142857,0.32604536389142413,0.14285714285714285,0.3135642842924051,0,0.08065311534026673,0.14285714285714285,0.43255942789965707,0.14285714285714285,0.21033194740222425,0.5714285714285714,0.7999588727760312,0.14285714285714285,0.4808343380394896,0,0.16013588885508567,1,1
W05000842,0,0,0,0,0,0,0,0.1861203695489627,0,0,0,0.490230904735955,0,0,0.5,0.6445942692029858,0.5,0.6445942692029858
W05000843,0.2,0.24505676744482716,0.2,0.24505676744482716,0.2,0.24505676744482716,0.2,0.24505676744482716,0.2,0.24505676744482716,0,0.23280392907258576,0,0,0,0.07029259908285829,0,0.24939069833021124
W05000844,0,0,0,0,0,0,0,0,0,0,0,0,0,0,0.25,0.3242291807525314,1,1
W05000845,0.75,0.9610947106542791,0.75,0.9483620705047704,0.5,0.6032588964211955,0.5,0.9142571882607117,0.75,0.9483620705047704,1,1,0.75,0.9504359677889738,0,0.45784087324496914,0.5,0.8931417654165947
W05000846,0.6666666666666666,0.751384045954109,0.6666666666666666,0.8273763659177895,0.16666666666666666,0.5677447932758696,0.8333333333333334,0.806038097520067,0.16666666666666666,0.45870719388623704,0.6666666666666666,0.653168803162813,0,0,0,0.17838586822873642,0.5,0.786253491642128
W05000847,0,0,0,0,0,0,0,0,0,0.017924054167248356,0,0,0,0,0,0,0,0.5659481595234771
W05000848,0,0.21155435204032177,0,0.07874897014636036,0,0.12425971697198797,0,0.16115119463022196,0,0,0.3333333333333333,0.5572274522632548,0.16666666666666666,0.40768270815159446,0,0,1,1
W05000849,0.25,0.27654917566799314,0.25,0.3649576613506478,0,0.18771580742646835,0,0.1509659595264454,0,0.21265222464917266,0.25,0.32279305426727706,0,0.3998992649332256,0,0.23974447203853858,0.75,0.961408994344873
W05000850,0.3333333333333333,0.6239249591181636,0,0.5477232350150404,0.3333333333333333,0.5763657561625583,0,0.2776038196757717,0,0.19860194213958368,1,1,0.6666666666666666,0.7758135990147982,0,0.04843992893626468,0,0.5954363757495003
W05000851,0.5,0.3696537678207739,0.5,0.3696537678207739,0.5,0.3696537678207739,0.5,0.6101806195733734,0.5,0.3696537678207739,0.5,0.7893316539822061,0,0,0,0.24611158752277842,1,1
W05000852,0.75,0.9022402457043676,0,0.7733774026828748,0,0.42798016556654594,0.25,0.8483475607002058,0.5,0.6203835259351026,0.75,0.9022402457043676,1,1,0,0,1,1
W05000853,0.6,0.8166794543718694,0.2,0.6223962125142226,0.2,0.27673495010615246,0.4,0.8650727809335315,0.4,0.6035601407228831,0.4,0.7533319237794642,1,1,0,0.23608901114710074,1,1
W05000854,0.125,0.28570743056022346,0.125,0.27274708162487954,0,0.14852344782774302,0,0.09227330779054915,0.125,0.2443979520960767,0.375,0.5747757537735356,0.25,0.3070810273875408,0,0.07886297267220838,0.625,0.7725237689797076
W05000855,0.5714285714285714,0.7252072014300961,0.7142857142857143,0.7702225082024096,0.42857142857142855,0.7463593160486127,0.5714285714285714,0.8369516903332351,0.5714285714285714,0.7098861545083605,0,0.2181377565586335,0,0,0,0.09562076977472471,0.14285714285714285,0.19090729410524557
W05000856,0,0.08227286864567854,0,0.08829387980785844,0,0.03544562325050971,0,0.012032000552925318,0,0.012032000552925318,0,0.11739330269205514,0.3333333333333333,0.7270986971697134,0,0.04715243459930193,0.8888888888888888,0.9498977088157031
W05000857,0,0,0,0,0,0,0.18181818181818182,0.4527359131025118,0,0,0.18181818181818182,0.147816248019914,0.9090909090909091,0.9463880849442003,0,0.2118329938900203,0.8181818181818182,0.8950820023582376
W05000858,0,0,0,0,0,0,0,0,0,0,0,0.02400990099009898,0,0,0,0,0,0.014820544554455427
W05000860,0.8,0.8200154162384378,0.8,0.8200154162384378,0.8,0.8200154162384378,0.7,0.814735354573484,0.6,0.7990045369719262,0.4,0.6466981865635311,0.3,0.48759990128198194,0,0.27560194325742404,0.1,0.3785151390166062
W05000861,0.25,0.3765565243995716,0.375,0.43814279848312837,0.375,0.388863392993728,0,0.23191348035071616,0.125,0.3219020474545703,0,0.14176610065779408,0,0.047339838812267006,0,0.08936579631731922,0.125,0.18444824199093418
W05000862,0,0,0,0,0,0,0,0,0,0,0,0.03664717348927875,1,1,0,0.04692072060493111,0.25,0.96116359274254
W05000863,0.08333333333333333,0.4626447344674626,0.16666666666666666,0.4567366236381425,0.08333333333333333,0.11385413995193722,0,0.2279263908281803,0.08333333333333333,0.4369195186124488,0.08333333333333333,0.24311033064523785,0.5833333333333334,0.6355950616932152,0,0.027636565696862615,0.75,0.8994224869157191
W05000864,0,0,0,0,0,0,0,0,0,0,0.125,0.08634569850039463,0,0,0,0,0.25,0.6582478295185478
W05000865,0,0,0,0,0,0,0,0,0,0,0,0,0,0,0,0,0.5,0.7626877651645453
W05000866,0,0,0,0,0,0,0,0,0,0,0,0,0,0,0,0,0,0.46915196441808743
W05000867,0.16666666666666666,0.3695166351652612,0.3333333333333333,0.4317052558883396,0.16666666666666666,0.3055191068139963,0,0.16569375787535134,0,0.30962791993796646,0,0.13608061936609475,0,0.30199246389454293,0,0.041207776000775416,0.6666666666666666,0.9674429945720655
W05000871,0,0,0,0,0,0,0,0,0,0,0,0,0,0,0,0,0,0.1418900604652548
W05000872,0,0,0,0,0,0,0,0,0,0,0,0.1639262488915164,0.125,0.1212496305054685,0,0,0.625,0.8437322059212471
W05000873,0.09090909090909091,0.19430009335978524,0.09090909090909091,0.12332608822499706,0.09090909090909091,0.14489657486287782,0.09090909090909091,0.1047311529933481,0.09090909090909091,0.16646706150075855,0.09090909090909091,0.26505980861244016,0.9090909090909091,0.8898558758314856,0,0.046000262574396066,0.8181818181818182,0.9747404889718753
W05000875,0,0,0,0,0,0,0,0,0,0,0,0,0,0,0,0,0,0.4035013412929308
W05000876,0,0,0,0,0,0,0,0,0,0,0,0,0,0,0,0,0.14285714285714285,0.6179019115906462
W05000877,0.375,0.48668753710195894,0.25,0.40988788208017385,0.125,0.29503197768842193,0,0.24482420671811467,0.375,0.45797482107055254,0.125,0.4633720127089377,0.625,0.9100269560899482,0,0.06647887008434045,1,1
W05000879,0.5,0.6590144633752499,0.5,0.6682613119163875,0.375,0.4745655784772027,0.375,0.5115791785974418,0.625,0.6154697995629772,0.375,0.7445522442703375,0.625,0.7595915724729558,0,0.06418435889827077,1,1
W05000881,0,0.06314875895070769,0,0.034127201645701606,0.1,0.10211288681391034,0,0,0,0.058311832733206684,0,0.014779496775697537,0,0,0,0.0051056443406955095,0,0.4688171992199928
W05000889,0,0,0,0.05041466608467914,0,0.05041466608467914,0,0,0,0.2319074639895242,0,0,0,0,0,0,0.5,0.6516804888694893
W05000890,0,0.24484789339076593,0,0.2879156010230179,0,0.2879156010230179,0,0.15871247812626194,0.5,0.3030690537084399,0,0,0,0,0,0,0,0.06785906582312556
W05000891,0,0,0,0,0,0,0,0,0,0.012067307692307676,0,0,0,0,0,0,0,0.07900773568536724
W05000893,0,0,0,0,0,0,0,0,0,0,0,0,0,0,0,0.8552631578947368,0,0
W05000894,0,0,0,0,0,0,0,0,0,0,0,0,0,0,1,1,0,0
W05000895,0,0.09871637426900583,0,0,0,0.05966374269005844,0,0.05966374269005844,0,0,0,0,0,0,0.5,0.4122222222222222,0,0
W05000896,0.14285714285714285,0.11241131484382198,0.14285714285714285,0.11241131484382198,0.14285714285714285,0.11241131484382198,0,0.06419277716081412,0.14285714285714285,0.11241131484382198,0,0,0,0,0,0.06419277716081412,0,0.08931122609804709
W05000897,0,0.07822928061529438,0,0.07044957315078997,0,0.14046694033132973,0,0,0.16666666666666666,0.1642382686950932,0,0,0,0,0,0,0,0
W05000898,0,0,0,0,0,0,0,0,0,0,0,0,0,0,0,0,0,0
W05000899,0,0.24480029063520165,0,0.2622169121033187,0,0.1925504262308503,0,0,0,0.2622169121033187,0,0.1925504262308503,0.3333333333333333,0.3676842309935835,0,0.01838421154967915,0,0
W05000900,0,0,0,0,0,0,0,0,0,0,0,0,0,0,0,0,0.2,0.6561500132441063
W05000903,0,0.047120514285019836,0,0.12422681038777965,0,0,0,0.13964806960833157,0,0.07796303272612377,0,0.07796303272612377,0,0.06254177350557182,0,0,0,0
W05000904,0,0,0,0,0,0,0,0.23947368421052626,0,0,0,0.23947368421052626,0,0,0,0,0,0
W05000905,0.5,0.6621155742849457,0.5,0.6224939478167308,0,0.48749215457724376,0.5,0.721548013987268,0.5,0.8800345198601273,0.5,0.8800345198601273,0,0,0,0,0,0
W05000906,0,0.1275113628878203,0,0.1908273499769448,0,0,0.3333333333333333,0.3341677096370463,0,0,0.3333333333333333,0.5280921327097468,0,0.21001031991744062,0,0,0,0
W05000907,0,0,0,0,0,0,0,0,0,0,0,0,0,0,0,0,0,0
W05000908,0,0,0,0,0,0,0,0.20117309418957627,0,0.09427668989696009,0,0.24067670699901658,0,0,0,0,0,0
W05000909,0,0,0,0,0,0,0,0,0,0,0.5,0.7685635709752485,0,0,0,0.620918463919477,0,0
W05000910,0,0,0,0,0,0,0,0,0,0,0,0,0,0.156481732682221,0,0.7827048290830168,0,0
W05000911,0,0,0,0,0,0,0,0,0,0,0,0.3268488450462594,0,0,0,0,0,0
W05000912,0,0,0,0,0,0,0,0.6132613256892933,0,0,0.5,0.8825290345459381,0,0.050873252755696055,0,0.032425603593486764,0,0
W05000913,0,0,0,0,0,0.34292663706487636,0,0,0,0,0,0,0,0,0,0,0,0
W05000914,0,0,0,0,0,0,0,0,0,0,0,0,0,0,0,0,0,0
W05000915,0,0,0,0,0,0,0,0,0,0,0,0,0,0,0,0,0,0
W05000916,0,0,0,0,0,0,0,0,0,0,0,0,0,0,0,0.2665040481627569,0,0
W05000917,0,0,0,0,0,0,0,0.2474428270872175,0,0,0,0.083492978465012,0,0.083492978465012,0,0.14141764876930707,0,0
W05000918,0.3333333333333333,0.5169094162565933,0.3333333333333333,0.48355770331145115,0.3333333333333333,0.45020599036630915,0,0.48615338999802327,0.3333333333333333,0.5502611292017352,0.6666666666666666,0.6679185609804309,0,0,0,0.15045515548111232,0,0
W05000919,0,0.5083506846816723,0,0.5083506846816723,0,0.6379538580786357,0.5,0.7689317142118942,0,0.3035434746265026,0,0.39827347751417236,0,0.23968038056446336,0,0,0,0
W05000920,0,0.2131068511796733,0,0.17769832821443526,0,0.22490969216808596,0.25,0.2491710875331565,0,0.1540926462376099,0,0.01245855437665781,0,0.05226205849504396,0,0.08327560030713387,0.25,0.22476485062124807
W05000921,0,0.10721166756176152,0,0.19838379430719652,0,0.06162560418904402,0,0.18369416845685638,0,0.16799308539205154,0,0,0,0.07626096491228068,0,0,0,0.18892264142499104
W05000922,0,0,0,0,0,0,0,0,0,0,0,0,0,0,0,0,0,0
W05000923,0,0.20553280735044438,0,0.17317487266553477,0,0.14081693798062517,0.25,0.22770398481973433,0,0.21631878557874762,0,0.3670521179609364,0,0.17065671769556717,0,0.04374313392589632,0.5,0.7396206360303034
W05000924,0,0.2904884760921912,0,0.3428104575163398,0,0.3538011695906432,0,0.3101479188166494,0,0.2381664946680426,0.3333333333333333,0.5538097695218438,0,0.21540247678018576,0,0,0,0
W05000925,0,0,0,0,0,0,0,0,0,0,0,0,0,0,0,0,0,0
W05000926,0.125,0.2848618268879601,0.125,0.29632228218966844,0.125,0.3025879560118492,0.125,0.3130053159112121,0.125,0.26928174329424176,0,0.01213163981658077,0,0,0,0.028558211256746322,0.125,0.2748654790407012
W05000927,0,0.08377488711315603,0,0.17260673772317328,0,0.13697242991226027,0,0.023340349245585475,0,0.14853338880798833,0.2,0.28535591478114025,0,0,0,0.056021243529656484,0,0
W05000928,0,0.09079240603897515,0,0.09791635248579901,0,0.11067125789641247,0,0.13035489870808825,0,0.19484910940196717,0,0.20931232091690538,0,0,0,0.1087292012265621,0,0.09693275691616815
W05000929,0,0,0,0,0,0,0,0.03477846013297466,0,0.08553621275947823,0,0.393014261787545,0,0,0,0,0,0.5607750088818961
W05000930,0.5,0.5176991150442478,0.5,0.5176991150442478,0.5,0.5176991150442478,0.5,0.5176991150442478,0.25,0.2886617283508294,0.5,0.6943440758124038,0,0,0.25,0.34102997026262044,0.25,0.4606490272652359
W05000931,0,0,0,0,0,0,0,0,0,0,0,0.20413519434439004,0,0.10441105316918443,0,0,0.2,0.17364657814096016
W05000932,0,0,0,0,0,0,0,0,0,0,0,0,0,0,0,0.009073407030182574,0.4,0.5489210232138537
W05000933,0,0,0,0,0,0,0,0,0,0,0,0.04999999999999993,0,0,0,0,0,0
W05000934,0,0,0,0,0,0,0,0,0,0,0,0,0,0,0,0,0,0
W05000935,0,0,0,0,0,0,0,0,0,0,0,0,0,0,0,0,0,0
W05000936,0,0,0,0.023155737704918,0,0.1328408110440034,0,0.0450927523727351,0,0.1547778257118205,0,0.023155737704918,0,0,0,0,0,0
W05000937,0,0.3014245267534741,0,0.32291415909836957,0,0.40791388554546437,0,0.4881866177918809,0.3333333333333333,0.3339397089397089,0,0.21933813874603345,0,0,0,0.28560633001422475,0,0
W05000938,0,0.3034619980486521,0,0.08188316030651505,0,0.35338087459849366,0,0.4882392922527104,0.3333333333333333,0.5130208618818447,0.3333333333333333,0.5300699415691905,0,0.27925487014766653,0,0,0,0.04052116335412577
W05000939,0,0.2629933617828354,0,0.2000962541488857,0,0.4446405879563774,0,0.28486486486486484,0,0.3257719298245614,0.25,0.49062399241346605,0,0.09520483641536272,0,0.08171123755334278,0,0.02471929824561403
W05000940,0,0.24216211037301988,0,0.22607754215636178,0,0.2878117015840572,0,0.24216211037301988,0,0.17782383750638733,0,0.3065003832396525,0,0.1134855646397547,0,0.2206502299437915,0,0.145654701073071
W05000941,0.3333333333333333,0.5530401676718804,0,0.3097888493740175,0.3333333333333333,0.5838331531009263,0.3333333333333333,0.6720582169254953,0,0.508864647320483,0,0.7279473572726562,0,0.3554114315655692,0,0.1603089220615614,0,0
W05000942,0.3333333333333333,0.5479589189433076,0.3333333333333333,0.5342031944413111,0.3333333333333333,0.6029818169512937,0.3333333333333333,0.4104016739233424,0.3333333333333333,0.47918029643332505,0.6666666666666666,0.7974823471022177,0,0.36308175604033655,0,0.32681830487062064,0,0
W05000943,0.3333333333333333,0.45329007670413424,0.3333333333333333,0.34916783250518596,0.3333333333333333,0.4779511795069709,0.3333333333333333,0.34916783250518596,0,0.26534323894061457,0.6666666666666666,0.9341502243234117,0.3333333333333333,0.6497636161898789,0,0.29553524048434554,0,0.1622413044526991
W05000944,0.3333333333333333,0.8018573209212492,0.3333333333333333,0.7673037404691587,0.3333333333333333,0.7174693721716281,0.3333333333333333,0.7755303021796008,0.6666666666666666,0.8629080435246426,0.3333333333333333,0.9164351565921417,0,0,0,0.04936386196983815,0,0
W05000945,0,0.5311795994993742,0,0.5311795994993742,0,0.4517233713194124,0.5,0.559136420525657,0,0.47820878071273304,0,0.147341248929583,0,0,0,0,0,0.20999028390751595
W05000946,0,0,0,0,0,0,0,0,0,0,0,0,0,0,1,1,0,0
W05000947,0,0,0,0,0,0,0,0,0,0,0,0,0,0,1,1,0,0
W05000948,0,0,0,0,0,0,0,0,0,0,0,0,0,0,1,1,0,0
W05000949,0,0,0,0,0,0,0,0,0,0,0,0,0,0,1,1,0,0
W05000950,0,0,0,0,0,0,0,0,0,0,0,0,0.5,0.6284072022160665,1,1,0,0
W05000951,0,0,0,0,0,0,0,0,0,0,0,0,0,0,1,1,0,0
W05000952,0,0,0,0,0,0,0,0,0,0,0,0,0,0.22411442392072084,0.5,0.47051647010980074,0,0
W05000953,0,0,0,0,0,0,0,0.19210526315789467,0,0,0,0.381578947368421,0,0,0,0,0,0
W05000954,0,0,0,0,0,0,0,0,0,0,0,0.6657894736842105,0,0,0,0,0,0
W05000955,0,0,0,0,0,0,0,0,0,0,0,0,0,0,0,0.7605263157894736,0,0.6184210526315789
W05000956,0,0,0,0,0,0,0,0,0,0,0,0,0,0,0,0.14473684210526305,0,0
W05000957,0,0,0,0,0,0,0,0,0,0,0,0,0,0.381578947368421,1,1,0,0
W05000958,0,0,0,0,0,0,0,0,0,0,0,0,0,0,1,1,0,0
W05000959,0,0,0,0,0,0,0,0,0,0,0,0,0,0,0,0,0,0
W05000960,0.25,0.47966093991455316,0.25,0.6129117632662765,0.25,0.43217259969373406,0.25,0.33492864285064994,0.25,0.6127733143140834,0,0.14115150370945298,0,0.08715396502415862,0,0,0,0.029584373448567604
W05000961,0.2,0.4175015073307745,0.2,0.36207291069248976,0.2,0.2581370862193203,0.1,0.29153615388008997,0.2,0.38554374200379404,0.5,0.685897854443317,0.4,0.5621727621652624,0,0.2183144365524036,0,0.2580704695519183
W05000962,0,0.19933225012511735,0,0.3175891075872565,0,0.36157284575252113,0,0.2081864489281037,0,0.22012162097310486,0,0,0,0.08106750855254588,0,0,0,0
W05000963,0,0.2229595094916259,0.125,0.19557139816173397,0.125,0.21457783741456776,0.125,0.19136649763944746,0.125,0.23444316047956087,0.25,0.5336726548423637,0,0,0,0.02916023628332711,0,0
W05000964,0,0.08758840907408527,0,0.10667131003573373,0,0.13595010733585017,0,0.2916648160485602,0,0.058571390117026334,0,0.08758840907408527,0.2,0.6406523597063237,0,0,0,0.3352599950201549
W05000965,0,0,0,0,0,0,0,0,0,0,0,0,0,0,0,0,0,0
W05000966,0,0,0,0,0,0,0,0,0,0,0,0,0,0,0,0,0,0
W05000967,0,0,0,0,0,0,0,0,0,0.3310992586629096,0,0.03161249203314209,0,0,0,0,0,0
W05000968,0,0,0,0,0,0,0,0,0,0,0,0,0,0,0,0,0,0
W05000969,0,0.6143005438234974,0,0.6564805633453666,0.25,0.5237736857598809,0,0.307451621399687,0,0.4543257983050059,0.25,0.34788435616565694,0.25,0.8027400337759323,0,0,0,0.21380358830547072
W05000970,0,0,0,0,0,0,0,0,0,0,0,0,0,0,0,0,0,0
W05000971,0.125,0.1835997112447166,0.125,0.24130996554465942,0.125,0.15153845885585948,0.125,0.15795070933363092,0.125,0.24130996554465942,0.125,0.24900609594487144,0,0,0,0,0,0.14739945875821273
W05000972,0.18181818181818182,0.3290985847050963,0.18181818181818182,0.2937801513441625,0.18181818181818182,0.31969280395911726,0,0.2459438549602458,0.18181818181818182,0.3518222681163822,0.09090909090909091,0.35352800698216413,0,0.1995570609692548,0,0.016674872201459728,0,0.03035738833812344
W05000973,0.16666666666666666,0.25898430489379315,0.16666666666666666,0.31435080386038244,0.16666666666666666,0.25107480504142327,0.16666666666666666,0.28271280445090285,0.16666666666666666,0.25898430489379315,0.16666666666666666,0.28271280445090285,0,0,0,0.08054669453305466,0,0
W05000974,0,0,0,0,0,0,0,0,0,0,0,0,0,0,0,0.04712425393380357,0,0
W05000975,0.7142857142857143,0.946574335509701,0.8571428571428571,0.9901354557281702,0.7142857142857143,0.8565029221864641,1,1,0.5714285714285714,0.8942821007519947,0.42857142857142855,0.7246202768726362,0,0,0,0.23288980275744842,0,0
W05000976,0,0.15856031128404666,0,0.29863813229571984,0,0.193579766536965,0,0.0885214007782101,0,0.24610894941634243,0,0,0,0,0,0.07101167315175094,0,0
W05000977,0,0,0,0,0,0,0,0,0,0,0,0,0,0,0,0,0,0
W05000978,0,0.18526235937111826,0,0.19756760833303758,0.25,0.25977747808496293,0,0.06220986975192533,0,0.24678860418071474,0,0,0,0,0,0,0,0
W05000979,0.8333333333333334,0.9357380453772374,0.8333333333333334,0.9783165183788225,0.8333333333333334,0.8931595723756522,0.8333333333333334,0.9570272818780298,0.8333333333333334,0.9499308697110991,0.16666666666666666,0.5854621027177748,0,0.0913806967407527,0,0.3572662007844407,0,0
W05000980,0,0,0,0,0,0,0,0,0,0,0,0,0,0,0,0,0,0
W05000981,0,0,0,0,0,0,0,0,0,0,0.25,0.17592295345104333,0,0.1421272281828166,0,0,0,0
W05000982,0,0,0,0,0,0,0,0,0,0,0,0,0.3333333333333333,0.539870963007998,0,0.9192166584555393,0,0
W05000983,0,0,0,0,0,0,0,0,0,0,0,0,0,0.4747983870967742,0,0.656239388794567,0,0
W05000984,0.16666666666666666,0.5456301303718011,0.16666666666666666,0.6521437595496848,0.3333333333333333,0.6835867789367852,0,0.35662012263283566,0,0.32074803383978356,0.3333333333333333,0.5818084705290939,0,0.07769987366304411,0,0.10576354484300482,0,0
W05000985,0,0.11333821977843606,0.16666666666666666,0.15892444101773323,0,0.09075422026538975,0,0.10581021994075394,0,0.053114221076979246,0,0.2035453779978087,0,0.12439460495881181,0.16666666666666666,0.5074767682506188,0,0
W05000986,0,0,0,0,0,0,0,0,0,0,0,0,0,0.17063026001758572,0,0.24766570363857138,0,0
W05000987,0,0,0,0,0,0,0,0,0,0,0,0,0,0.18401057791537667,0.25,0.4012250601995184,0,0
W05000988,0,0,0,0,0,0,0,0.2094306680161943,0,0,0,0,0,0,0.3333333333333333,0.2226923076923077,0,0
W05000989,0,0,0,0,0,0,0,0,0,0,0,0,0,0.6539127730700458,0.75,0.8917911840161704,0,0
W05000990,0,0.034351161596806956,0,0.15133079298052793,0,0.15133079298052793,0,0,0,0,0,0,0,0.015160049457343021,0,0.44504595049927337,0,0
W05000991,0,0.28474340593854175,0,0.5251766189349317,0,0.31752198020486067,0,0.38537215207365305,0,0.23614469797730292,0,0.19620161332112687,0,0,0.25,0.3396783721693469,0,0
W05000992,0,0.469852549108825,0.2,0.4019064106301144,0,0.43545397669508085,0,0.3702848063018548,0.4,0.5118828071123371,0.2,0.4247353491116688,0,0.01721670446547274,0,0.13684032788983128,0.2,0.20424152370660542
W05000993,0,0,0,0,0,0,0,0,0,0,0,0,0,0,0,0,0.5,0.5477855477855478
W05000994,0,0.4243793259845004,0,0.47414367691427894,0,0.25020409773027547,0,0.3994971505196111,0,0.5252903709254403,0,0.8600550176490307,0,0,0,0,0,0
W05000995,0,0,0,0,0,0,0,0,0,0,0,0,0,0,0,0,1,1
W05000996,0,0,0,0,0,0,0,0,0,0,0,0,0,0,0,0,0,0.6668421052631579
W05000997,0,0,0,0,0,0,0,0,0,0,0,0,0,0,0,0,0,0.010580175913396469
W05000998,0.25,0.21060794044665013,0.25,0.21060794044665013,0.25,0.247443107613948,0,0.13024438422358625,0.25,0.3318291269426668,0.25,0.40960803839623866,0,0.01577233250620345,0,0.040458893822645926,0.25,0.5191842431761786
W05000999,0,0.5236842105263158,0,0.2868421052631578,0,0.7605263157894736,0,0.4289473684210525,0,0.4289473684210525,0,0.8078947368421052,0,0,0,0,0,0.8078947368421052
W05001000,0,0.2409201351539464,0,0.3387770339529998,0,0.3369091760418116,0,0.3209305121423419,0,0.3830475443236607,0.3333333333333333,0.7524404905025246,0,0,0,0,0,0.24802773946166204
W05001001,0.2,0.5919050694220213,0.4,0.6711793671294801,0,0.4911381982563771,0.6,0.807707055214724,0.2,0.5362907652566999,0,0.44918065870196955,0,0,0,0,0,0
W05001002,0,0,0,0,0,0,0,0.023384785005512648,0,0.08984680554749605,0,0,0,0,0,0,0,0.4300458422793477
W05001003,0,0,0,0,0,0,0,0,0,0,0,0,0,0,0,0,0,0.2589191784039956
W05001004,0,0,0,0,0,0,0,0,0,0,0,0,0,0,0,0,0,0.2868421052631578
W05001005,0,0,0,0,0,0,0,0,0,0,0,0,1,1,1,1,0,0
W05001006,0,0,0,0,0,0,0,0,0,0,0,0,0,0,0,0,0,0
W05001007,0,0,0,0,0,0,0,0,0,0,0,0,0,0.10796161674905494,0,0,0,0
W05001008,0,0,0,0,0,0,0,0,0,0,0,0,0,0,0,0,0,0
W05001009,0,0,0,0,0,0,0,0,0,0,0,0.713157894736842,0,0,0,0,0,0
W05001010,0,0,0,0,0,0,0,0,0,0,0,0,0,0,0,0,0,0
W05001011,0,0,0,0,0,0,0,0,0,0,0,0,0,0,0,0,0.125,0.5697683388703031
W05001012,0,0,0,0.04494571381798195,0,0.047171242647832644,0,0,0,0.0450850103485775,0,0,0,0.012460681252119403,0,0,0,0.22299298986190197
W05001013,0.2857142857142857,0.5337711807272236,0.2857142857142857,0.5514402894512113,0,0.32715200683176765,0.5714285714285714,0.6601218032271113,0.2857142857142857,0.56703424873028,0,0.49623803317003,0,0.03465998471841429,0,0,0.42857142857142855,0.7641853566452425
W05001014,0.2222222222222222,0.33520408163265303,0.3333333333333333,0.5177565798484706,0.2222222222222222,0.251543407896539,0.2222222222222222,0.2553065910221383,0.2222222222222222,0.39786438771905797,0.1111111111111111,0.213347486645665,0,0.0705226032482933,0,0,0.2222222222222222,0.7685481080457616
W05001015,0.16666666666666666,0.3532271009014248,0.16666666666666666,0.43479499854608894,0,0.24946030822913634,0.16666666666666666,0.4325728409421343,0.16666666666666666,0.2876964233788892,0.3333333333333333,0.41398662401861003,0,0.02459726664728117,0,0,0.3333333333333333,0.7215507414946205
W05001016,0.6,0.6258662648846891,0.6,0.651156208244591,0.5,0.5408131124772525,0.4,0.5800232822735403,0.5,0.5424991397029417,0.3,0.5820754395265421,0,0.04419090224235265,0,0.15959890005983324,0.5,0.7360514070119635
W05001017,0,0.7025793629650152,0,0.7028479023028313,0,0.735619292207031,0,0.638897177140056,0,0.39147654010507127,0,0.1276211890325124,0.6666666666666666,0.8110069159535811,0,0,0,0.32658965697296494
W05001018,0,0,0,0,0,0.06427298030916449,0,0.016728583916083895,0,0.08012111244019136,0,0,0,0,0,0,0,0.09852491258741257
W05001019,0,0.10029381045365786,0,0.23916216338949178,0,0.10029381045365786,0,0,0,0.13997048272103899,0,0.020940465918895573,0,0,0,0,0,0
W05001020,0,0.44569488004356544,0,0.32874870160647834,0,0.46908411573098296,0,0.14163481610713885,0.3333333333333333,0.49377275340103466,0,0.16325168160869694,0,0,0,0.3521379372938957,0.3333333333333333,0.49377275340103466
W05001021,0,0.33495593789341166,0,0.1778430549727234,0,0.3545950482584977,0,0.6218797623517459,0,0.3545950482584977,0,0.677338383726837,0,0.666962254566336,0,0.1778430549727234,0,0
W05001022,0,0,0,0,0,0,0,0,0,0,0,0,0,0,0,0,0,0.21836383276826488
W05001023,0,0,0,0,0,0,0,0,0,0,0,0,0,0,0,0,0,0
W05001024,0,0.14953026582683884,0,0,0,0.4705401942991352,0,0,0,0.19891640866873064,0,0.2506885875947475,0,0,0,0.07545105156400123,0,0
W05001025,0,0.2072857995449289,0,0.15582173896825688,0,0.516070163004961,0,0,0,0.438874072139953,0,0.2392023201163788,0,0,0,0,0,0
W05001026,0.3333333333333333,0.30659840728100113,0.3333333333333333,0.30659840728100113,0.3333333333333333,0.30659840728100113,0.3333333333333333,0.5050700556852883,0.3333333333333333,0.42275462547152864,0,0.07342225016466078,0,0.13261930423327942,0,0,0,0.03367463026166097
W05001027,0,0,0,0,0,0,0,0,0,0,0,0,0,0,0,0,0,0.13658618665623165
W05001028,0,0.44132180186846726,0,0.39500231245953193,0.5,0.5386902229210988,0,0.0707658865969845,0,0.44132180186846726,0,0,0,0.0707658865969845,0,0,0,0.6839422810100823
W05001029,0,0.20197768802293695,0,0.26089466653125315,0.25,0.296622344788794,0,0.24238885026132198,0.25,0.296622344788794,0,0,0,0,0,0.033385936267118714,0,0
W05001030,0,0.08365859413182329,0,0.0671107403475066,0,0.0671107403475066,0,0.11675430170045668,0,0,0.5,0.3493435798911303,0,0,0,0.06335338827375835,0,0.4055740937357803
W05001031,0,0.19210526315789467,0,0,0,0.3342105263157894,0,0.04999999999999993,0,0.4763157894736842,0,0,0,0.381578947368421,0,0,0,0
W05001032,0,0.21842105263157893,0,0.15040065561828445,0,0.24562921143689673,0,0.10259060280458931,0,0.2320251320342378,0,0.3133190675651065,0.5,0.6387206337643416,0,0.011660899653979222,0.25,0.7023975596430523
W05001033,0.5,0.6414667655763888,0.5,0.6171183207551454,0.5,0.7266863224507406,0.25,0.5936755811576979,0.5,0.677989432808254,0,0.08224280318226891,0,0,0,0,0,0
W05001034,0,0.19210526315789467,0,0,0,0.14473684210526305,0,0.95,0,0.381578947368421,0,0,0,0,0,0,0,0
W05001035,0.3333333333333333,0.3456200251582964,0,0.3023704823416242,0.3333333333333333,0.4412511495650152,0.3333333333333333,0.5638513334954176,0.3333333333333333,0.30387628037758585,0,0.029587953615712297,0,0,0,0,0,0.6184326804156405
W05001036,0,0,0,0,0,0,0,0,0,0,0,0,0,0,0,0,0,0
W05001037,0,0,0,0,0,0,0,0,0,0,0,0,0,0,0,0.8078947368421052,0,0
W05001038,0,0,0,0,0,0,0,0,0,0,0,0,0,0,0,0.7605263157894736,0,0
