soa_code,IMD_decile,Income_decile,Employment_decile,Health_decile,Education_decile,Access_decile,Environment_decile,Crime_decile,IMD_rank,Income_rank,Employment_rank,Health_rank,Education_rank,Access_rank,Environment_rank,Crime_rank
95AA01S1,6,9,10,10,3,1,1,10,516,790,888,890,254,17,75,874
95AA01S2,9,9,9,9,9,2,9,10,749,737,740,719,749,158,761,863
95AA01S3,8,7,8,9,8,2,5,9,658,573,661,718,690,150,419,748
95AA02W1,5,9,4,3,3,6,8,2,439,734,337,245,252,519,655,149
95AA03W1,3,4,3,2,3,5,9,2,259,313,255,166,251,366,728,166
95AA04W1,7,6,9,9,9,1,5,7,594,446,734,777,719,82,396,547
95AA05W1,7,6,7,7,9,2,8,9,613,514,571,562,774,144,641,754
95AA06S1,7,9,6,4,6,4,10,4,574,736,497,336,476,294,857,269
95AA06S2,7,8,6,5,5,5,10,4,565,645,485,398,390,388,866,275
95AA07W1,7,5,7,7,7,3,6,7,569,440,585,574,573,201,494,563
95AA08W1,2,4,2,2,2,4,9,1,178,329,158,148,138,300,760,77
95AA09W1,4,5,3,4,3,6,9,3,330,370,259,317,215,513,786,240
95AA10W1,4,6,3,3,3,5,10,1,285,473,220,252,243,406,827,32
95AA11S1,8,9,8,5,6,7,9,2,670,794,630,418,479,571,801,153
95AA11S2,9,10,10,8,7,6,9,5,801,833,815,668,596,463,797,421
95AA12W1,8,7,10,10,10,1,9,8,706,593,829,856,808,84,719,660
95AA13S1,8,9,7,6,6,4,5,4,643,783,579,522,514,312,370,341
95AA13S2,8,9,7,5,6,6,9,5,676,755,548,433,524,487,759,442
95AA14W1,7,8,9,9,9,1,5,10,604,656,761,754,739,19,407,836
95AA15S1,7,8,8,5,5,5,10,3,623,641,652,441,370,436,877,246
95AA15S2,3,5,4,3,1,4,5,3,247,390,305,242,89,325,418,231
95AA16W1,4,7,4,3,1,8,9,3,308,597,287,179,76,682,748,209
95AA17W1,5,8,4,4,3,7,9,3,420,630,325,285,211,548,776,189
95AA18W1,9,9,8,9,10,3,4,7,758,759,700,797,803,263,340,558
95AA19W1,5,6,5,5,6,2,3,8,437,504,386,445,465,131,214,631
95BB01S1,9,7,9,10,8,3,8,10,744,600,776,825,644,230,710,850
95BB01S2,8,8,9,7,8,4,5,8,701,655,714,608,635,299,444,637
95BB02W1,3,4,3,3,3,5,8,4,240,287,180,261,210,370,690,271
95BB03S1,3,3,3,4,3,3,10,5,223,193,206,338,218,220,878,411
95BB03S2,5,3,6,7,4,3,7,6,374,209,466,587,339,187,580,468
95BB04S1,6,7,5,5,4,7,4,2,467,602,383,406,321,582,293,115
95BB04S2,9,8,10,10,10,4,2,9,743,631,803,810,845,304,144,716
95BB05S1,6,4,7,8,8,2,3,9,506,333,573,688,683,120,198,742
95BB05S2,7,7,6,7,7,2,8,6,548,579,446,565,539,152,625,487
95BB06W1,2,1,2,2,2,9,5,1,99,62,148,159,107,770,387,55
95BB07S1,4,3,4,4,4,8,8,2,325,260,330,294,271,698,646,121
95BB07S2,8,7,8,8,8,5,6,7,696,575,660,626,634,382,534,611
95BB08S1,4,8,3,3,1,7,10,3,303,688,247,220,59,558,852,263
95BB08S2,9,7,9,9,7,4,8,10,741,601,799,759,569,291,642,880
95BB09S1,8,5,9,10,10,5,5,7,704,407,783,827,804,387,383,603
95BB09S2,9,8,10,10,9,5,5,9,795,636,807,828,791,433,376,789
95BB10S1,6,5,5,6,7,9,6,2,508,384,373,486,623,790,447,127
95BB10S2,9,7,9,10,9,3,5,8,750,609,791,853,790,243,389,704
95BB11S1,3,3,2,3,2,4,10,6,199,203,161,249,163,338,880,478
95BB11S2,7,7,6,6,5,8,8,8,597,552,465,466,385,639,683,641
95BB12S1,2,1,2,2,1,8,3,2,97,75,167,173,45,712,240,138
95BB12S2,8,6,8,10,8,4,9,6,683,455,687,808,654,309,720,452
95BB13S1,4,2,5,6,5,5,10,4,339,150,357,490,401,430,889,326
95BB13S2,4,4,4,4,2,9,8,5,345,335,285,325,169,748,703,432
95BB13S3,9,8,8,8,6,5,10,8,721,662,675,660,469,439,839,711
95BB14S1,7,6,10,10,10,1,1,10,564,487,825,855,831,35,60,887
95BB14S2,9,7,10,10,10,2,5,9,719,620,838,861,814,109,438,765
95BB15S1,6,4,6,7,6,2,4,9,448,318,525,597,505,103,292,759
95BB15S2,3,2,4,5,3,4,9,3,263,168,336,357,255,272,723,200
95BB16S1,9,9,10,10,10,2,4,10,770,758,839,847,838,151,289,830
95BB16S2,8,6,10,10,10,3,2,10,698,483,861,874,872,212,139,824
95BB17S1,6,5,6,5,4,6,9,7,501,389,500,362,333,496,787,570
95BB17S2,6,6,6,6,4,4,7,6,524,507,512,524,308,270,594,502
95BB18S1,4,4,4,4,3,4,10,4,306,274,341,275,190,349,843,300
95BB18S2,8,4,9,9,7,3,10,9,635,343,747,786,541,236,851,794
95BB19S1,6,6,6,6,3,8,7,6,528,503,457,504,224,670,605,463
95BB19S2,9,6,9,9,9,6,7,9,765,497,801,769,775,457,547,718
95BB19S3,10,9,10,8,8,7,7,10,850,778,837,686,695,573,550,872
95BB20S1,5,5,4,5,5,2,8,6,402,412,350,419,398,133,631,517
95BB20S2,3,7,2,2,3,4,7,5,219,564,103,139,246,290,554,389
95BB21S1,3,3,3,4,3,3,9,5,225,226,218,276,208,203,763,414
95BB21S2,6,6,5,5,5,2,8,7,472,457,445,438,419,157,691,545
95BB22S1,3,3,4,4,2,4,4,4,231,229,333,287,116,293,330,307
95BB22S2,1,1,1,2,1,5,9,3,71,41,83,162,79,424,798,201
95BB23S1,10,9,9,9,9,8,4,6,803,726,779,776,732,699,279,466
95BB23S2,10,10,10,9,7,6,5,9,828,864,810,730,600,522,421,797
95CC01W1,5,6,4,4,5,5,5,5,424,451,353,315,362,442,425,391
95CC02W1,6,4,7,8,8,2,5,9,498,305,590,651,659,102,369,728
95CC03W1,1,1,2,2,2,9,2,1,61,38,98,121,97,716,92,69
95CC04W1,4,2,6,7,8,2,2,8,273,93,452,576,686,100,151,670
95CC05W1,5,3,7,7,8,2,3,8,403,195,559,545,627,135,215,690
95CC06S1,9,9,8,9,9,4,3,5,718,745,678,724,762,333,242,371
95CC06S2,6,6,5,5,6,6,9,4,521,485,387,432,502,450,717,311
95CC07W1,3,1,5,7,8,1,8,6,212,46,417,569,664,54,694,522
95CC08W1,4,3,4,3,5,7,6,3,288,197,273,262,368,603,528,239
95CC09S1,8,6,9,10,10,2,2,10,657,528,757,815,810,125,170,820
95CC09S2,8,7,8,9,7,2,6,9,651,567,688,728,563,156,460,771
95CC10W1,8,8,9,9,8,2,5,8,680,683,728,748,673,110,382,673
95CC11W1,2,1,3,4,4,5,4,4,125,22,227,320,326,410,278,277
95CC12W1,5,3,7,8,7,2,4,8,443,248,549,635,604,113,317,708
95CC13W1,5,3,7,7,8,1,4,9,432,266,550,550,647,89,281,752
95CC14W1,7,7,7,6,6,3,5,8,588,541,613,517,460,260,362,695
95CC15W1,6,4,7,7,7,2,5,10,505,300,620,537,615,137,431,865
95CC16W1,4,2,5,5,5,3,9,6,310,139,385,359,425,237,733,484
95CC17W1,7,6,8,8,9,2,2,7,600,482,676,689,721,166,163,554
95CC18W1,5,3,5,6,7,5,6,6,426,217,404,478,609,414,455,490
95CC19W1,4,2,5,7,6,2,3,7,294,131,423,568,504,101,267,591
95CC20S1,9,9,9,8,8,4,10,10,786,798,735,642,706,283,805,854
95CC20S2,8,8,6,6,7,5,6,9,637,643,496,493,568,372,459,772
95CC21W1,4,3,6,6,4,4,9,5,353,185,455,448,312,316,713,364
95CC22W1,4,2,4,5,4,9,1,4,269,156,320,391,292,714,83,356
95DD01W1,8,6,7,9,9,5,7,7,681,447,600,714,777,422,557,565
95DD02S1,7,10,6,6,5,4,6,7,598,811,461,488,392,281,503,564
95DD02S2,9,9,9,8,8,3,7,10,778,795,772,691,677,241,621,805
95DD03W1,10,9,10,10,8,4,10,7,817,797,828,817,650,324,815,553
95DD04W1,1,2,1,2,1,8,7,2,85,146,85,103,41,629,590,106
95DD05W1,2,1,2,3,2,5,6,3,110,55,144,187,177,421,464,182
95DD06W1,10,10,10,10,9,6,7,9,874,884,842,821,788,451,608,768
95DD07S1,8,7,8,7,7,5,6,8,691,572,651,601,592,409,517,700
95DD07S2,9,8,8,8,8,4,10,8,717,624,642,640,709,319,855,636
95DD08W1,3,2,4,3,2,9,2,1,183,171,314,247,94,751,120,52
95DD09W1,7,5,9,10,10,2,1,9,590,403,756,812,827,132,84,764
95DD10W1,7,8,5,5,5,5,7,5,538,682,397,423,380,360,560,390
95DD11W1,2,3,3,2,2,7,5,1,154,181,186,177,96,556,427,89
95DD12W1,7,6,8,9,8,2,2,10,591,472,706,772,701,121,112,867
95DD13W1,3,2,3,4,3,9,4,4,222,126,222,346,223,777,337,349
95DD14S1,9,10,9,8,9,4,6,9,794,820,751,693,750,342,484,779
95DD14S2,10,9,10,10,10,4,9,10,869,782,881,878,873,350,738,809
95DD15W1,8,8,8,9,9,2,8,10,679,626,670,795,718,92,645,841
95DD16W1,8,7,10,10,9,1,3,10,642,555,805,805,776,71,201,838
95DD17W1,8,7,8,9,9,1,8,10,648,591,708,787,784,49,639,845
95DD18W1,3,3,4,4,2,8,2,1,228,235,311,328,156,630,106,61
95DD19S1,6,7,6,5,4,3,10,5,518,581,492,371,337,256,858,435
95DD19S2,8,7,9,9,9,3,4,9,692,536,739,742,764,197,355,798
95DD20W1,2,2,2,2,2,9,6,1,91,90,99,127,95,722,491,79
95DD21W1,7,4,8,8,5,9,1,5,537,320,705,656,404,738,71,373
95DD22S1,7,6,7,8,8,2,6,6,596,527,608,628,633,149,493,459
95DD22S2,4,2,5,5,6,3,8,8,342,154,433,422,489,195,674,632
95DD23W1,6,4,9,9,10,1,3,9,484,276,742,794,811,34,221,737
95DD24W1,9,10,7,7,7,6,10,7,734,846,581,579,543,452,835,582
95EE01W1,5,5,6,7,6,1,7,9,387,358,506,542,525,13,593,757
95EE02W1,5,4,5,6,4,3,8,5,382,297,378,479,309,219,666,424
95EE03W1,4,4,2,4,4,7,10,6,302,279,174,314,302,535,814,512
95EE04W1,6,4,7,6,6,2,6,8,483,337,564,468,459,176,495,703
95EE05W1,4,3,6,6,5,3,2,7,349,180,507,527,439,217,105,572
95EE06W1,7,7,8,7,8,1,5,10,581,582,632,581,643,68,435,875
95EE07W1,6,6,4,4,5,6,7,7,488,502,338,340,411,506,584,585
95EE08W1,8,9,6,6,8,9,5,4,677,717,464,508,678,732,377,342
95EE09W1,7,6,6,7,6,3,3,10,546,520,516,544,503,204,230,819
95EE10W1,7,7,8,8,4,2,3,8,566,588,627,687,350,167,244,633
95EE11W1,7,7,8,9,8,1,1,9,575,603,659,737,691,70,86,799
95EE12W1,3,2,3,3,2,7,10,7,204,118,232,243,172,553,816,578
95EE13W1,3,2,2,3,5,8,4,3,197,147,132,265,384,696,269,261
95EE14W1,6,6,5,6,6,4,8,7,533,499,436,470,464,279,650,593
95EE15W1,7,6,7,8,7,2,5,9,552,460,569,667,616,105,386,744
95EE16W1,5,4,7,8,7,1,5,9,444,290,576,625,584,58,441,766
95FF01S1,10,8,9,8,9,6,10,8,806,708,719,704,757,510,813,675
95FF01S2,10,8,9,9,9,5,10,8,805,670,798,785,730,399,861,626
95FF02W1,3,2,6,7,6,1,6,8,233,109,498,617,513,4,481,706
95FF03W1,5,5,5,4,3,6,9,5,430,388,413,354,267,458,794,372
95FF04W1,5,3,8,9,9,1,6,9,411,228,643,716,760,18,458,735
95FF05W1,6,5,6,6,4,7,9,6,502,359,458,446,351,543,779,509
95FF06S1,9,8,8,7,8,7,9,7,785,686,712,619,687,596,742,617
95FF06S2,9,9,9,9,9,3,10,10,797,729,794,792,736,250,834,846
95FF07W1,3,5,2,2,3,8,9,2,224,357,170,145,182,648,775,132
95FF08W1,6,8,4,5,5,7,9,3,503,638,307,393,383,561,777,230
95FF09W1,4,5,4,4,4,4,6,4,347,360,345,302,289,284,509,294
95FF10W1,6,4,8,9,8,1,9,10,520,286,674,722,667,64,791,840
95FF11W1,6,3,8,9,8,1,5,10,449,263,662,732,651,33,411,843
95FF12W1,6,5,6,5,7,3,6,5,496,441,463,439,601,193,457,383
95FF13W1,6,4,6,6,7,3,7,5,485,346,501,507,538,200,582,388
95FF14W1,8,6,8,9,10,2,4,10,639,493,691,793,821,98,347,817
95FF15W1,4,3,4,4,4,5,8,5,328,231,332,311,288,440,704,433
95FF16W1,8,7,6,7,9,5,8,5,672,621,490,604,731,423,682,409
95FF17W1,2,3,2,2,3,9,1,1,120,190,119,130,184,763,69,15
95GG01S1,5,9,2,2,5,10,6,5,388,786,159,143,387,867,505,408
95GG01S2,3,7,2,2,3,9,1,2,198,590,110,111,228,755,76,112
95GG01S3,4,5,3,2,4,10,3,4,320,439,226,151,295,869,262,331
95GG02S1,1,1,1,1,1,10,1,1,16,29,19,19,58,814,78,74
95GG02S2,1,1,1,1,1,10,1,2,4,8,15,12,39,827,66,108
95GG02S3,1,1,1,1,1,10,1,1,9,67,12,6,19,804,87,16
95GG03S1,10,10,9,8,10,10,2,5,811,813,784,671,835,853,142,394
95GG03S2,10,9,9,9,9,10,3,5,823,777,775,766,798,890,209,370
95GG03S3,7,8,7,6,5,8,3,3,601,646,591,473,364,700,254,233
95GG04S1,2,3,2,1,1,8,6,1,95,255,91,52,48,642,512,83
95GG04S2,1,6,1,1,1,10,4,1,78,474,60,33,25,855,276,31
95GG04S3,1,1,1,1,1,9,4,1,40,80,64,43,17,801,335,53
95GG05S1,7,9,6,5,8,10,1,2,579,743,486,430,684,847,31,154
95GG05S2,8,9,9,8,4,10,1,4,652,784,743,634,313,868,39,303
95GG05S3,4,3,5,4,2,10,2,1,270,251,405,284,151,882,147,88
95GG06S1,2,2,3,2,1,9,1,1,109,138,193,144,47,787,68,84
95GG06S2,4,7,3,3,2,9,1,3,268,543,224,205,146,766,63,234
95GG06S3,5,6,5,4,4,8,7,5,433,463,359,281,270,676,616,367
95GG07S1,2,8,1,1,2,9,1,1,121,674,70,55,132,744,4,80
95GG07S2,1,3,1,1,1,10,1,3,66,188,54,37,66,878,29,210
95GG07S3,3,6,2,2,2,9,2,2,181,508,113,99,162,796,111,91
95GG08S1,7,6,6,6,7,7,6,4,570,458,470,494,588,565,476,274
95GG08S2,2,2,2,2,2,8,2,2,123,101,155,157,127,703,177,160
95GG08S3,4,4,4,4,3,8,10,3,315,292,290,271,204,656,830,186
95GG09S1,10,10,10,10,10,8,10,9,890,882,875,859,866,631,841,792
95GG09S2,9,10,7,6,6,7,9,8,747,841,618,531,508,569,770,652
95GG09S3,5,8,5,3,2,7,6,3,401,637,358,227,170,574,516,260
95GG10S1,1,1,3,3,1,6,1,3,58,35,213,186,22,500,8,212
95GG10S2,2,2,3,2,1,8,1,1,102,141,215,133,36,641,54,71
95GG11S1,2,3,3,2,1,9,1,1,139,218,234,165,60,794,34,48
95GG11S2,8,8,7,7,8,10,1,4,656,644,586,554,671,843,67,337
95GG11S3,3,3,4,3,2,10,1,1,215,240,302,259,143,851,56,87
95GG12S1,7,5,10,10,10,10,1,1,580,375,851,850,833,833,2,70
95GG12S2,6,6,10,10,3,8,1,1,457,505,883,811,241,687,1,11
95GG12S3,6,6,10,9,4,10,1,1,481,481,856,775,303,815,11,4
95GG12S4,3,2,7,3,2,9,1,2,189,107,588,246,120,786,14,105
95GG12S5,1,3,2,1,1,9,1,1,79,221,149,58,44,713,27,13
95GG13S1,2,2,2,2,2,8,2,2,119,165,111,155,91,661,157,142
95GG13S2,8,7,8,7,10,8,2,6,711,607,709,615,805,651,97,523
95GG13S3,6,7,4,3,4,8,7,3,463,589,342,256,334,702,578,247
95GG14S1,10,10,9,9,9,7,7,3,819,865,768,749,755,541,601,241
95GG14S2,9,6,9,10,10,7,3,4,736,517,778,844,844,550,231,335
95GG14S3,10,10,9,9,9,5,10,4,848,885,780,782,778,441,868,329
95GG15S1,10,10,10,10,10,7,2,10,873,877,867,849,883,602,167,886
95GG15S2,10,10,10,10,10,10,6,7,885,824,865,831,868,829,496,602
95GG15S3,8,9,5,6,5,9,8,6,640,775,427,457,394,740,669,460
95GG16S1,2,3,2,2,2,10,1,1,122,196,153,116,141,848,12,60
95GG16S2,5,7,3,3,5,10,2,2,377,549,242,234,421,870,178,122
95GG16S3,7,9,6,5,5,7,3,4,559,721,476,403,400,578,180,282
95GG17S1,2,2,1,1,3,8,2,2,98,161,75,74,183,638,109,100
95GG17S2,6,9,5,4,7,10,1,3,515,725,361,334,580,888,55,202
95GG17S3,2,3,2,2,2,10,5,2,150,219,120,96,129,864,398,155
95GG18S1,1,1,1,1,2,9,2,2,50,73,49,41,101,737,100,131
95GG18S2,1,4,1,1,1,10,1,1,55,293,46,15,73,885,40,14
95GG19S1,1,1,1,1,1,8,5,3,24,34,25,34,20,667,422,218
95GG19S2,1,1,1,1,1,9,2,1,21,30,56,20,10,749,168,68
95GG20S1,1,1,2,1,1,6,2,2,49,47,106,73,35,515,121,135
95GG20S2,1,1,1,1,1,9,5,1,53,44,78,89,56,760,360,43
95GG21S1,1,3,1,1,1,10,2,3,41,211,27,14,27,818,136,258
95GG21S2,1,3,1,1,1,10,1,1,30,233,36,7,9,875,79,2
95GG21S3,1,1,1,1,1,9,3,1,29,88,30,11,46,788,258,9
95GG22S1,4,8,3,3,4,10,1,1,297,692,212,244,293,873,33,25
95GG22S2,5,9,3,2,5,10,6,3,393,753,185,142,428,863,504,256
95GG22S3,4,8,3,2,4,10,4,3,338,650,197,140,340,874,306,191
95GG23S1,10,10,9,10,10,6,6,10,856,828,781,809,816,472,451,847
95GG23S2,10,10,9,9,10,10,3,6,854,858,764,713,875,877,259,457
95GG23S3,10,9,9,8,10,9,7,8,859,787,741,703,819,789,552,678
95GG24S1,8,10,5,5,9,10,3,5,685,855,418,405,797,856,266,360
95GG24S2,4,5,4,4,3,10,1,2,298,417,268,277,266,824,32,143
95GG24S3,7,8,6,6,8,9,1,4,611,699,480,464,630,779,89,293
95GG25S1,3,5,1,1,3,10,6,2,185,424,82,87,220,835,470,164
95GG25S2,3,6,2,2,4,10,2,4,267,526,160,132,300,819,96,340
95GG25S3,2,3,2,2,2,10,3,4,158,246,125,106,126,859,199,296
95GG26S1,1,4,1,2,1,4,3,3,87,353,84,102,15,332,237,219
95GG26S2,2,3,2,2,2,9,5,3,136,191,118,109,99,800,374,184
95GG27S1,5,10,3,3,4,4,4,4,391,853,209,215,353,355,305,309
95GG27S2,2,5,1,1,2,9,4,2,131,385,72,50,168,726,270,133
95GG27S3,2,6,1,1,2,8,8,2,162,471,88,71,109,708,681,150
95GG27S4,2,6,1,1,2,10,1,2,116,500,66,39,118,849,77,117
95GG28S1,6,7,6,5,3,4,10,5,522,617,523,383,249,314,803,439
95GG28S2,4,8,3,3,3,9,5,4,343,654,204,185,219,781,357,327
95GG28S3,1,1,1,1,1,7,4,3,60,56,76,66,78,538,352,213
95GG29S1,2,5,2,1,1,5,4,3,140,404,173,78,34,434,346,250
95GG29S2,4,5,5,4,3,9,2,3,350,402,399,286,186,792,131,194
95GG30S1,5,7,3,4,4,6,4,5,384,547,249,279,283,526,325,398
95GG30S2,10,10,10,9,10,9,7,8,882,807,857,796,851,797,602,644
95GG30S3,10,9,9,8,9,9,9,7,841,776,745,676,745,721,725,537
95GG31S1,9,10,7,5,7,9,10,7,763,851,598,420,578,785,873,615
95GG31S2,5,7,3,3,3,10,9,4,368,613,236,196,194,807,736,313
95GG31S3,1,3,1,1,1,10,4,1,76,201,63,60,53,813,304,63
95GG32S1,2,3,3,2,2,4,6,2,161,223,211,129,117,326,454,103
95GG32S2,1,2,1,2,2,9,3,2,88,111,80,101,121,782,251,92
95GG32S3,5,6,4,4,4,9,3,2,386,509,291,269,319,733,219,161
95GG33S1,10,10,10,10,10,7,2,6,849,868,871,885,881,606,93,467
95GG33S2,10,10,10,10,10,8,3,7,875,840,878,875,888,678,213,619
95GG33S3,9,9,10,10,10,10,1,4,773,792,860,860,886,821,6,347
95GG34S1,3,2,3,3,4,9,5,5,256,158,237,253,299,747,440,437
95GG34S2,9,10,8,7,9,10,2,4,757,860,635,551,785,803,169,332
95GG34S3,10,10,10,9,10,9,2,6,820,870,820,735,815,735,103,455
95GG35S1,1,3,1,1,1,8,2,1,25,250,9,10,18,707,114,22
95GG35S2,1,1,1,1,1,10,3,1,7,63,1,3,49,889,192,51
95GG35S3,1,2,1,1,1,10,2,1,32,162,37,18,1,881,107,65
95GG36S1,8,8,8,5,5,10,6,4,667,696,671,435,381,840,466,288
95GG36S2,10,9,9,8,8,10,5,8,834,779,770,638,712,825,442,667
95GG36S3,10,10,8,8,8,9,7,5,813,838,682,672,697,727,604,407
95GG37S1,10,10,10,10,10,8,2,4,833,856,824,803,862,666,162,338
95GG37S2,8,9,8,7,6,10,1,3,668,770,698,584,519,880,41,207
95GG37S3,9,9,9,7,4,10,9,3,730,791,785,575,323,811,716,248
95GG38S1,10,8,10,9,10,7,8,6,846,671,818,778,860,623,643,503
95GG38S2,8,9,6,5,9,10,7,5,707,761,475,428,753,844,591,420
95GG38S3,10,10,10,9,10,10,4,8,881,883,831,801,870,852,339,656
95GG39S1,2,6,2,1,2,9,3,2,163,464,128,70,104,739,187,123
95GG39S2,2,5,2,1,1,9,4,1,146,438,146,68,72,769,275,39
95GG39S3,1,2,1,1,1,10,3,4,67,127,81,61,16,808,212,352
95GG40S1,1,1,1,1,1,8,7,2,28,49,44,26,7,654,561,114
95GG40S2,1,2,1,1,1,9,2,1,18,115,20,27,4,776,116,3
95GG41S1,10,10,10,10,10,4,7,10,866,821,827,881,890,334,566,877
95GG41S2,10,10,10,10,10,8,6,10,889,876,876,883,887,652,497,885
95GG41S3,10,10,9,9,10,9,6,10,876,879,773,741,832,750,471,832
95GG42S1,10,10,10,10,10,6,8,10,887,832,882,888,880,507,709,866
95GG42S2,10,10,10,10,10,9,4,10,888,890,890,882,882,734,273,856
95GG42S3,10,9,10,10,10,10,1,5,832,789,889,887,889,836,45,440
95GG42S4,10,10,10,10,10,6,7,7,879,808,885,889,877,532,598,579
95GG43S1,4,8,3,2,2,6,6,7,318,690,195,149,171,474,510,599
95GG43S2,8,8,8,5,4,10,2,6,627,709,655,427,287,854,173,510
95GG43S3,6,8,6,4,3,9,2,3,456,633,453,309,232,768,108,252
95GG44S1,1,4,2,1,1,9,2,1,80,282,134,79,8,791,152,17
95GG44S2,1,2,2,1,1,10,1,1,64,145,138,88,6,841,61,54
95GG45S1,10,10,10,10,10,5,3,6,843,866,843,870,878,415,200,532
95GG45S2,2,6,2,2,1,8,3,5,159,477,116,95,51,646,208,443
95GG45S3,9,9,7,6,8,8,7,6,720,735,538,529,708,673,542,470
95GG46S1,1,7,1,1,1,8,3,2,82,538,34,25,65,701,202,116
95GG46S2,1,7,1,1,1,6,1,2,77,605,39,29,77,498,25,141
95GG46S3,1,5,1,1,1,10,1,2,48,442,21,21,23,822,48,130
95GG47S1,1,1,1,1,1,9,1,1,15,89,18,8,26,767,46,35
95GG47S2,1,1,1,1,1,10,4,1,2,23,2,4,63,846,341,21
95GG47S3,1,2,1,1,2,10,1,1,56,133,50,72,123,884,7,5
95GG48S1,1,2,1,1,2,10,1,1,74,132,86,49,154,883,19,46
95GG48S2,1,4,1,1,1,9,2,3,23,306,8,1,5,731,130,227
95GG48S3,1,4,1,1,1,10,1,2,35,322,17,5,29,872,20,146
95GG49S1,10,10,10,10,10,10,2,4,822,802,859,804,847,876,94,298
95GG49S2,9,9,10,9,9,10,1,4,790,788,868,780,796,887,44,272
95GG49S3,6,4,10,7,5,10,1,2,482,342,806,592,409,805,3,145
95GG49S4,7,8,10,6,5,10,1,1,556,693,832,506,359,871,5,73
95GG50S1,2,3,4,2,1,10,1,2,155,204,279,167,88,823,13,111
95GG50S2,2,3,2,1,1,10,4,1,128,265,154,76,52,879,303,86
95GG50S3,2,2,3,2,1,10,1,1,96,160,194,138,28,886,17,66
95GG51S1,1,1,1,1,1,7,5,1,8,7,45,47,2,610,368,37
95GG51S2,1,1,1,1,1,9,2,1,12,27,28,56,3,741,118,85
95GG51S3,1,1,1,1,1,10,2,2,17,12,41,53,12,809,132,177
95HH01W1,7,7,6,7,5,4,10,6,605,606,505,594,408,297,848,486
95HH02S1,9,10,9,9,6,4,8,10,766,805,754,727,486,320,629,831
95HH02S2,10,9,9,9,9,4,10,10,810,741,755,746,771,321,865,825
95HH03W1,9,10,8,9,7,6,8,7,791,817,701,731,587,465,632,613
95HH04S1,9,10,9,7,8,4,5,10,774,861,732,561,705,336,429,816
95HH04S2,10,10,8,8,9,5,10,8,829,889,710,659,782,394,874,696
95HH05W1,4,6,3,3,2,6,8,3,286,448,239,190,159,511,679,223
95HH06S1,9,9,10,9,7,3,6,7,752,767,802,750,585,239,518,616
95HH06S2,7,7,7,6,6,5,9,7,617,544,566,477,480,369,784,550
95HH07W1,4,4,3,3,2,7,9,5,276,298,243,230,157,608,781,403
95HH08W1,9,10,9,8,6,5,9,8,783,812,758,684,522,391,773,639
95HH09W1,3,5,2,3,2,8,8,2,252,435,172,221,148,709,633,110
95HH10W1,10,10,10,9,10,4,10,7,865,862,849,788,839,353,845,592
95HH11W1,2,7,2,2,1,7,10,2,173,553,95,134,54,594,824,157
95HH12W1,7,9,5,5,3,6,8,7,536,718,380,413,253,490,664,610
95HH13W1,1,1,2,2,1,8,8,5,65,50,135,98,13,686,707,365
95HH14W1,3,6,2,2,1,10,8,3,230,454,171,163,83,810,699,221
95HH15W1,7,8,7,5,5,5,10,5,609,687,547,392,375,438,888,412
95HH16W1,8,8,7,9,9,4,7,4,699,678,601,789,713,303,586,279
95HH17W1,8,6,9,8,6,3,7,6,644,529,746,685,518,198,548,499
95II01S1,9,9,9,8,9,5,7,9,784,720,753,670,723,373,573,743
95II01S2,10,10,10,10,10,4,6,7,827,822,836,829,869,274,519,551
95II02S1,10,10,9,9,10,4,10,10,853,859,787,761,858,286,872,860
95II02S2,9,10,7,6,9,6,10,7,733,816,552,451,758,499,831,548
95II02S3,7,8,4,3,8,7,9,6,549,694,312,248,642,593,732,465
95II03S1,10,10,10,10,10,4,10,10,880,872,869,863,854,340,885,884
95II03S2,10,10,10,10,9,7,2,7,845,880,872,833,717,566,174,577
95II04S1,10,10,10,9,8,5,10,8,860,869,835,774,700,407,884,674
95II04S2,6,7,5,4,3,8,9,8,511,561,435,305,225,664,726,697
95II05S1,10,10,9,9,10,5,4,9,814,843,763,756,825,378,288,734
95II05S2,9,9,6,6,9,8,8,8,725,732,515,480,734,627,689,698
95II06S1,10,10,10,9,10,4,6,9,851,863,826,798,874,305,498,753
95II06S2,10,10,10,9,9,7,9,8,872,848,808,791,768,604,714,647
95II07W1,3,8,3,2,1,10,3,4,241,666,188,131,80,812,228,283
95II08W1,8,8,7,6,6,10,5,6,687,703,570,475,473,860,394,477
95II09S1,10,9,9,8,9,6,10,6,807,768,720,679,747,505,860,504
95II09S2,10,10,9,7,8,8,10,10,838,844,729,583,655,657,867,864
95II10W1,5,8,4,3,2,8,10,4,371,629,322,180,130,658,832,354
95II11W1,10,10,10,9,10,8,10,7,883,886,812,800,834,671,833,569
95II12W1,10,10,10,10,10,10,3,10,877,878,840,802,829,828,210,818
95II13W1,5,5,5,3,3,10,8,5,410,428,367,260,197,838,678,399
95II14W1,10,10,10,10,10,7,7,10,884,836,863,842,857,591,613,835
95II15S1,10,10,10,10,10,5,6,7,870,852,880,876,863,435,520,542
95II15S2,10,9,10,10,10,7,6,8,867,771,841,838,842,605,473,664
95II16W1,7,10,6,5,3,9,9,9,615,871,448,360,248,717,749,749
95II17W1,8,8,5,5,6,9,9,6,641,697,429,416,483,745,755,511
95II18W1,4,8,3,2,2,6,8,4,293,698,225,153,106,514,640,285
95II19S1,10,9,10,10,10,2,9,10,821,800,846,871,836,172,751,883
95II19S2,9,10,8,7,8,4,6,8,740,829,664,614,703,268,465,699
95II20W1,10,10,8,8,9,9,5,6,815,827,695,665,726,759,420,520
95II21W1,3,5,3,3,1,9,9,6,248,433,191,182,74,783,753,518
95II22W1,7,7,7,5,6,6,5,6,614,622,560,443,466,469,403,475
95II23W1,10,10,9,8,8,10,6,7,836,834,727,637,679,861,522,605
95JJ01W1,7,5,8,9,8,2,3,8,550,362,681,768,676,117,186,679
95JJ02W1,3,2,3,6,4,5,9,1,213,124,216,451,305,419,752,72
95JJ03S1,1,1,1,2,2,7,4,2,31,6,38,94,114,544,324,93
95JJ03S2,2,2,2,3,2,6,7,3,160,176,156,193,103,480,565,236
95JJ04S1,5,3,6,9,4,2,5,6,373,187,518,734,320,177,380,476
95JJ04S2,6,2,7,9,6,3,8,7,450,175,561,715,470,267,708,581
95JJ05W1,2,2,3,3,3,10,1,1,137,106,189,222,226,831,26,36
95JJ06W1,2,3,2,2,2,8,6,2,172,200,139,171,149,626,530,152
95JJ07W1,2,2,2,3,2,6,9,4,157,142,136,184,139,521,722,336
95JJ08S1,4,5,4,6,4,3,1,4,337,405,335,474,345,205,62,305
95JJ08S2,9,8,10,10,9,4,10,6,793,659,830,834,752,315,859,501
95JJ09W1,7,4,8,10,8,2,3,7,547,326,637,830,670,163,225,549
95JJ10W1,4,1,5,7,6,3,9,7,272,71,432,559,467,189,724,623
95JJ11S1,8,6,6,8,7,4,10,6,626,486,504,673,555,343,853,534
95JJ11S2,7,4,9,9,6,5,7,5,593,317,717,752,530,374,540,368
95JJ12W1,5,3,5,6,7,3,9,7,407,227,379,503,535,245,764,557
95JJ13S1,7,4,6,8,6,5,10,9,542,294,484,674,501,364,820,762
95JJ13S2,8,5,7,9,8,5,10,10,665,409,580,753,646,393,842,849
95JJ14W1,6,4,5,8,7,2,4,6,458,339,440,662,547,145,345,471
95JJ15W1,6,4,5,7,5,9,5,3,471,354,376,546,374,753,415,229
95JJ16W1,3,2,3,4,5,8,9,1,253,170,210,353,445,672,715,40
95JJ17W1,4,2,6,8,7,1,3,10,341,177,495,697,556,51,222,870
95JJ18W1,2,1,2,4,4,5,5,1,105,32,140,342,348,405,397,18
95JJ19S1,10,10,10,10,10,7,2,6,835,825,873,866,840,576,113,505
95JJ19S2,10,10,10,9,10,7,9,3,861,823,870,784,848,567,762,232
95JJ20S1,7,4,8,8,6,5,10,5,592,327,628,708,528,392,863,405
95JJ20S2,7,6,5,6,4,7,8,5,539,494,422,513,344,583,673,366
95JJ21W1,5,5,5,4,3,6,9,5,398,383,391,345,188,464,800,406
95JJ22W1,8,5,8,10,9,7,7,5,708,416,693,813,773,554,567,426
95KK01W1,3,3,3,2,3,1,8,10,206,237,238,178,258,79,636,882
95KK02W1,6,7,6,4,5,3,6,9,492,566,491,308,413,181,456,724
95KK03W1,4,3,5,5,7,1,6,9,271,222,441,425,590,6,463,740
95KK04W1,5,8,4,3,4,5,6,3,404,665,292,238,296,444,483,203
95KK05W1,4,3,5,5,4,1,5,10,314,267,388,378,306,80,430,859
95KK06W1,3,5,3,3,3,7,4,4,254,361,217,192,191,549,283,276
95KK07W1,5,7,6,6,6,1,6,9,434,562,521,526,512,10,524,791
95KK08W1,5,4,6,5,5,3,9,4,406,296,479,369,382,238,757,345
95KK09W1,5,6,4,3,3,8,7,2,390,490,339,236,250,650,541,159
95KK10W1,5,3,8,7,6,1,4,8,397,205,654,611,532,59,327,688
95KK11W1,4,3,4,3,4,7,10,3,296,243,297,189,330,552,809,204
95KK12W1,2,1,3,4,4,2,6,9,167,68,267,290,318,91,480,775
95KK13W1,6,5,6,6,6,3,4,8,478,365,522,465,523,179,301,648
95KK14W1,5,7,5,4,5,2,3,8,408,554,368,291,414,161,229,649
95KK15W1,6,8,6,6,6,1,9,10,531,668,510,521,494,44,778,858
95KK16W1,7,9,6,4,5,8,8,2,561,760,451,329,422,674,644,96
95LL01S1,8,8,7,7,7,3,9,9,649,680,539,557,577,199,771,755
95LL01S2,8,8,8,7,8,3,7,8,684,664,647,593,658,192,618,689
95LL02S1,7,5,7,7,7,4,8,5,583,414,610,543,582,288,653,438
95LL02S2,1,1,3,3,2,10,1,1,73,19,240,228,110,842,15,42
95LL03W1,3,3,4,3,1,6,8,3,200,202,275,235,82,477,637,226
95LL04W1,5,6,4,4,5,4,8,5,412,489,321,278,366,329,647,384
95LL05S1,10,9,10,10,9,3,10,10,825,730,848,841,781,255,840,822
95LL05S2,8,9,6,6,7,3,4,9,631,765,529,472,567,253,285,784
95LL06S1,5,3,6,7,4,4,4,6,423,264,520,599,311,322,311,448
95LL06S2,6,4,6,4,4,8,7,5,447,338,467,335,297,645,539,415
95LL07W1,1,1,3,3,1,8,3,2,62,17,198,199,33,690,204,104
95LL08S1,2,2,2,2,2,8,5,3,129,100,147,168,136,637,361,196
95LL08S2,2,1,2,3,1,7,1,2,108,86,178,211,81,564,70,175
95LL09S1,1,2,1,1,1,10,1,1,54,105,69,67,68,850,58,7
95LL09S2,3,7,2,2,2,10,4,2,179,592,92,100,115,806,299,97
95LL10S1,8,9,8,6,8,4,8,7,697,752,646,462,681,285,626,589
95LL10S2,7,8,8,8,7,1,7,8,608,635,666,633,570,73,581,707
95LL11S1,6,5,6,7,6,3,7,6,519,418,472,564,520,210,543,531
95LL11S2,9,8,9,10,8,2,9,10,727,634,797,818,688,127,767,829
95LL12S1,3,4,3,2,2,4,8,3,208,273,265,124,164,344,687,188
95LL12S2,1,2,1,1,1,6,2,4,52,117,67,42,24,478,166,295
95LL13S1,3,4,4,4,3,4,7,2,262,277,288,273,195,354,545,125
95LL13S2,1,2,2,1,1,6,9,1,81,172,107,64,37,531,792,26
95LL14S1,1,5,1,1,1,7,2,4,83,395,42,31,62,589,146,344
95LL14S2,4,5,3,3,4,6,4,7,351,444,257,202,332,524,297,606
95LL15S1,5,4,6,4,6,9,4,3,427,291,468,331,449,798,268,192
95LL15S2,8,10,6,5,5,7,8,7,682,845,526,400,426,597,711,608
95LL16S1,9,9,9,8,8,4,10,6,780,739,760,669,692,346,837,508
95LL16S2,7,6,8,7,5,4,10,7,616,516,696,567,367,276,856,541
95LL17W1,6,4,5,5,5,7,9,6,468,351,360,386,416,607,744,469
95LL18S1,8,9,8,7,4,7,6,6,678,747,631,577,317,613,453,473
95LL18S2,9,10,9,7,6,5,9,10,775,830,724,606,499,429,765,803
95LL19S1,9,9,8,7,7,6,7,8,746,740,667,616,606,446,599,625
95LL19S2,8,6,9,8,8,3,9,9,689,467,718,695,672,261,795,781
95LL20W1,4,6,3,3,2,6,6,4,301,459,246,183,178,509,513,317
95LL21W1,5,4,5,4,4,8,7,3,417,295,424,356,341,659,570,243
95LL22W1,4,6,4,3,3,6,6,2,332,465,286,208,239,533,526,173
95LL23W1,2,2,3,3,2,9,6,3,164,122,199,225,93,799,502,181
95LL24S1,6,4,8,9,7,2,10,9,534,268,704,721,537,130,808,746
95LL24S2,7,8,7,7,6,2,8,9,577,627,541,609,496,96,658,786
95LL25S1,9,6,9,9,9,3,10,7,715,521,774,729,715,254,825,539
95LL25S2,9,8,9,9,10,4,5,7,767,658,767,739,817,348,395,588
95LL26S1,1,1,1,2,1,9,1,1,14,9,59,91,21,729,10,27
95LL26S2,9,9,8,7,9,6,6,8,772,766,645,600,780,475,478,691
95MM01S1,2,3,1,2,1,6,3,2,101,199,71,118,85,461,247,176
95MM01S2,7,3,7,7,7,7,9,4,545,236,584,573,611,622,785,339
95MM01S3,6,4,6,6,6,5,10,8,525,350,449,496,488,377,882,640
95MM02S1,7,7,5,6,9,6,7,4,621,596,402,481,744,534,614,328
95MM02S2,10,8,9,10,10,5,8,9,808,667,750,814,853,358,700,800
95MM03W1,3,2,5,6,6,1,2,9,245,130,414,505,517,41,148,760
95MM04W1,3,5,1,2,3,10,3,5,196,429,79,115,257,857,243,397
95MM05W1,1,1,1,1,2,6,2,1,13,18,13,32,98,516,141,50
95MM06S1,3,5,2,2,4,7,6,3,226,422,121,119,315,581,485,220
95MM06S2,1,2,1,1,2,10,3,2,59,94,32,63,144,837,205,102
95MM07W1,4,5,2,3,3,8,10,4,287,425,176,207,189,669,844,301
95MM08S1,1,1,1,1,2,9,9,2,43,45,24,45,174,758,718,94
95MM08S2,8,9,6,5,7,7,6,4,633,731,478,385,551,616,461,351
95MM09S1,6,7,4,5,6,3,10,7,490,565,340,366,471,229,849,600
95MM09S2,4,4,5,6,7,1,3,6,340,316,442,467,571,32,241,533
95MM10S1,1,1,1,1,1,8,1,3,10,20,16,23,31,695,82,198
95MM10S2,1,1,1,1,2,9,3,3,69,58,61,65,165,719,181,254
95MM11W1,1,1,1,1,1,8,4,3,33,54,14,35,57,675,302,238
95MM12S1,2,1,2,4,5,3,5,3,142,85,145,274,372,202,363,195
95MM12S2,1,1,1,1,1,6,6,1,3,15,10,9,32,525,529,28
95MM12S3,2,2,2,2,3,6,5,4,149,129,142,110,259,453,423,281
95MM13S1,8,10,6,6,9,2,8,6,650,814,481,501,793,165,663,497
95MM13S2,1,1,1,1,1,7,2,1,22,42,22,22,64,598,95,30
95MM13S3,2,5,1,1,2,6,7,2,130,421,57,85,128,471,622,126
95MM13S4,4,4,3,3,5,4,10,5,300,308,245,194,377,298,823,392
95MM13S5,9,7,8,9,10,3,10,8,738,610,679,760,826,231,854,659
95MM14S1,5,5,3,5,7,10,4,2,416,413,235,387,602,826,353,119
95MM14S2,1,1,1,2,2,10,1,1,38,24,51,104,166,866,18,33
95MM15S1,5,4,4,6,8,3,5,4,421,310,348,459,707,249,393,315
95MM15S2,8,6,7,7,8,4,9,7,636,510,553,560,685,269,745,607
95MM16S1,3,2,3,2,4,4,10,3,180,119,214,176,280,273,804,257
95MM16S2,8,7,7,7,9,3,6,5,634,585,555,587,729,246,486,380
95MM17S1,9,9,6,7,9,6,5,9,713,742,488,605,738,488,426,726
95MM17S2,3,5,2,2,4,8,5,4,229,366,108,169,343,625,372,270
95MM18S1,6,5,5,5,6,3,5,6,470,419,438,442,521,185,432,495
95MM18S2,7,7,7,5,7,4,7,5,603,604,558,444,593,275,577,374
95MM19S1,8,9,5,6,6,9,4,6,630,764,415,458,456,774,328,496
95MM19S2,5,5,4,4,5,9,4,4,415,420,316,303,386,752,284,289
95MM20S1,4,5,2,2,5,7,10,5,274,391,127,164,371,614,876,429
95MM20S2,6,6,5,5,6,10,3,4,513,449,409,431,447,830,216,320
95MM21S1,4,4,3,4,3,4,7,7,278,270,229,280,265,307,579,574
95MM21S2,9,9,7,8,9,4,9,8,739,750,583,701,754,282,783,629
95MM22S1,5,6,4,5,7,10,1,1,419,513,355,421,620,832,37,24
95MM22S2,9,10,6,6,10,8,10,7,755,835,508,476,812,635,819,535
95MM23W1,1,1,1,2,3,10,1,1,68,51,65,105,245,858,50,44
95MM24W1,1,2,1,1,3,9,2,3,86,174,43,62,179,730,117,265
95MM25S1,1,1,1,1,1,8,4,1,19,65,7,13,87,684,300,19
95MM25S2,1,1,1,1,2,5,3,1,27,16,40,46,108,431,185,29
95MM25S3,1,1,1,1,2,4,9,2,51,40,58,59,135,328,730,107
95MM25S4,4,3,4,4,5,4,8,4,327,254,308,282,430,330,671,273
95MM26S1,2,2,2,2,3,7,3,4,144,157,114,108,262,584,257,291
95MM26S2,7,10,4,5,8,7,3,5,578,804,347,363,626,560,255,413
95MM27S1,1,1,1,1,3,10,1,1,5,10,4,36,203,839,9,10
95MM27S2,5,4,5,4,7,10,1,3,405,345,434,339,557,862,22,205
95MM28W1,1,1,1,1,2,10,1,1,6,11,6,44,152,845,42,1
95MM29W1,2,2,2,2,3,8,3,2,153,149,152,160,212,677,183,109
95MM30W1,1,1,1,1,2,10,2,2,45,43,29,77,167,865,110,120
95NN01S1,2,4,2,3,2,3,7,3,176,285,115,204,175,227,612,259
95NN01S2,4,4,3,5,6,2,4,6,305,302,263,372,474,104,350,449
95NN02W1,7,8,6,6,6,5,8,3,599,710,456,449,531,389,672,237
95NN03S1,5,3,5,4,6,8,8,3,396,215,372,344,527,704,677,214
95NN03S2,6,7,5,5,4,4,10,7,475,548,381,365,274,341,822,556
95NN04W1,2,4,2,1,2,6,8,1,115,315,93,57,113,473,651,34
95NN05W1,4,3,4,4,3,8,6,3,283,234,271,272,256,628,527,187
95NN06S1,3,7,3,2,2,8,1,4,235,580,184,161,142,688,35,287
95NN06S2,6,5,5,5,5,3,8,7,455,427,406,382,418,233,634,544
95NN07S1,4,7,3,2,5,6,10,2,352,546,251,152,395,454,821,163
95NN07S2,2,2,2,2,2,6,5,1,106,108,133,125,158,489,434,23
95NN08S1,8,8,7,7,8,3,7,8,669,649,611,580,698,207,536,653
95NN08S2,8,7,8,9,7,3,9,7,660,551,639,720,553,228,790,555
95NN09S1,9,8,10,10,9,2,6,10,716,652,822,835,792,95,469,861
95NN09S2,6,5,6,7,8,2,1,6,464,443,487,556,657,142,57,521
95NN10S1,5,8,3,4,8,5,6,2,442,673,208,326,675,428,467,136
95NN10S2,8,6,7,8,9,4,8,8,671,462,606,652,735,352,660,685
95NN11S1,5,5,4,3,5,3,4,6,364,436,334,258,369,223,354,488
95NN11S2,8,6,8,8,8,2,8,9,629,476,690,645,662,129,648,787
95NN12W1,4,3,5,5,5,3,7,5,321,182,374,376,427,209,572,419
95NN13W1,8,7,8,8,8,2,8,8,666,623,657,677,656,146,654,657
95NN14S1,3,3,3,4,4,2,4,4,217,186,266,316,327,126,329,323
95NN14S2,3,3,4,5,5,1,2,7,261,238,318,401,378,72,143,576
95NN15W1,5,4,5,5,3,4,6,4,381,349,398,407,238,318,508,314
95NN16S1,9,7,10,10,10,3,5,8,735,559,813,839,856,216,406,645
95NN16S2,8,7,8,10,7,3,5,10,693,612,707,820,614,184,414,806
95NN17W1,1,2,1,2,2,5,7,1,89,112,77,114,176,361,600,57
95NN18S1,3,5,2,2,3,6,2,3,186,401,105,146,217,448,154,183
95NN18S2,9,10,7,7,9,3,10,8,761,875,607,591,759,266,810,712
95NN19S1,9,9,7,7,9,7,9,7,771,763,577,598,756,586,756,559
95NN19S2,9,7,10,10,10,4,10,7,781,545,821,837,828,327,828,562
95NN20W1,5,5,6,6,6,1,4,7,429,411,511,511,477,66,326,567
95NN21W1,4,3,4,5,6,6,2,1,295,241,278,368,481,523,171,64
95NN22W1,6,7,7,7,7,1,3,6,474,576,537,555,617,31,260,493
95NN23S1,5,6,5,6,5,1,2,7,375,453,392,455,437,76,129,584
95NN23S2,5,3,5,5,8,3,5,5,372,192,396,440,638,244,409,441
95OO01W1,4,3,5,6,5,1,2,10,313,242,425,497,435,53,122,871
95OO02W1,6,4,8,9,8,1,3,9,479,331,692,757,699,36,197,720
95OO03W1,4,3,6,6,6,2,6,6,344,183,482,483,500,106,474,515
95OO04W1,3,2,4,4,5,2,7,7,232,113,327,330,438,107,596,543
95OO05W1,3,4,3,3,2,8,3,2,239,336,219,210,155,679,250,156
95OO06W1,6,4,8,7,7,2,5,9,494,311,636,572,566,118,358,758
95OO07W1,6,5,8,7,8,1,2,9,465,363,629,566,668,57,150,796
95OO08W1,8,7,7,6,7,3,7,7,625,577,599,499,621,206,620,598
95OO09W1,4,4,6,6,5,1,3,6,331,325,474,498,393,40,203,462
95OO10W1,4,5,3,3,4,4,9,6,329,431,233,191,325,356,788,513
95OO11W1,2,1,2,1,3,6,7,3,92,76,96,82,199,447,595,197
95OO12W1,5,5,4,4,3,3,8,6,360,437,309,297,235,262,698,529
95OO13W1,8,9,9,8,5,6,1,7,662,799,726,630,361,493,65,612
95OO14W1,5,3,7,6,7,2,5,9,425,198,572,523,586,173,390,732
95OO15W1,4,4,3,3,3,6,7,5,291,341,262,203,206,476,549,387
95OO16W1,5,5,7,6,4,2,6,5,431,397,545,453,298,155,507,386
95OO17W1,7,6,7,7,6,2,7,8,560,456,612,541,484,171,583,681
95OO18W1,8,9,7,7,5,4,3,6,624,714,602,535,444,335,226,456
95OO19W1,7,4,8,8,7,3,8,5,558,348,633,646,559,218,702,404
95OO20W1,7,7,7,6,7,5,4,4,586,535,589,460,591,396,308,292
95OO21W1,4,4,4,4,6,7,2,2,355,332,354,298,482,601,137,98
95OO22W1,6,5,6,5,7,2,7,9,476,400,473,379,581,143,537,750
95PP01W1,6,5,7,6,6,2,8,9,526,408,592,533,454,139,684,715
95PP02W1,3,2,7,8,7,1,3,7,238,128,543,710,540,2,182,596
95PP03W1,2,1,5,7,6,1,6,6,151,37,362,536,450,14,500,507
95PP04W1,5,3,8,8,5,1,6,8,399,230,650,655,415,48,514,654
95PP05W1,5,3,7,8,7,1,2,8,366,262,562,705,565,27,153,668
95PP06S1,5,6,4,3,3,5,8,4,357,496,303,251,202,420,680,284
95PP06S2,6,3,6,6,8,5,7,4,466,224,462,518,669,416,610,304
95PP07W1,5,4,6,8,7,1,7,9,436,307,524,639,546,50,559,731
95PP08W1,5,2,7,10,6,1,7,8,362,159,595,807,487,42,597,687
95PP09W1,1,1,1,1,2,7,2,1,44,28,62,69,153,595,119,59
95PP10W1,3,1,6,8,7,1,7,9,234,69,509,649,605,16,556,719
95PP11W1,3,4,2,3,3,6,8,1,216,330,175,200,205,460,685,62
95PP12W1,4,2,7,8,7,1,3,8,275,125,603,700,583,11,238,693
95PP13W1,2,1,2,3,4,4,8,3,143,74,168,209,316,280,670,208
95PP14S1,3,2,5,4,4,1,4,9,211,134,375,352,331,47,298,714
95PP14S2,5,3,7,7,4,2,8,6,392,213,536,549,342,159,697,482
95PP15W1,7,7,8,7,6,3,4,8,622,560,656,621,526,196,349,710
95PP16W1,5,3,8,8,7,1,2,7,413,239,644,631,572,83,149,560
95PP17W1,3,2,2,3,3,4,7,3,182,166,164,233,229,289,615,179
95PP18W1,5,3,6,7,5,2,8,8,394,210,531,620,373,111,695,665
95PP19W1,2,1,3,4,5,1,4,7,112,31,260,304,363,39,332,561
95PP20W1,3,2,4,4,5,5,5,1,214,114,328,295,407,418,384,38
95PP21W1,2,1,5,7,6,1,4,8,114,14,407,582,495,5,343,666
95PP22W1,5,5,4,5,4,5,10,3,409,410,331,374,336,365,811,249
95PP23W1,4,2,5,6,5,1,7,6,309,153,428,532,431,81,568,527
95QQ01W1,2,3,2,3,2,8,2,2,156,212,117,217,160,689,134,118
95QQ02W1,7,7,8,9,5,2,4,9,612,615,689,767,420,122,356,723
95QQ03W1,2,1,2,2,2,5,5,2,104,70,129,141,150,432,401,158
95QQ04W1,5,6,3,3,3,6,6,8,367,512,258,263,209,495,488,676
95QQ05W1,9,8,8,9,9,3,4,9,729,660,683,783,751,265,344,741
95QQ06W1,5,6,4,5,5,2,4,4,369,469,319,412,440,115,290,324
95QQ07W1,3,4,2,3,4,9,1,1,192,280,166,223,268,723,36,41
95QQ08W1,3,6,2,2,2,8,4,5,209,515,104,156,145,633,323,357
95QQ09W1,7,8,5,6,7,8,4,4,595,700,395,454,536,632,336,350
95QQ10W1,4,4,7,8,7,1,1,5,281,288,623,682,554,3,16,401
95QQ11W1,7,5,7,8,7,2,4,8,555,379,615,644,618,178,338,655
95QQ12W1,5,6,4,6,5,5,2,5,441,532,276,519,412,381,176,375
95QQ13W1,6,7,7,9,6,1,1,9,514,614,617,763,461,69,51,773
95QQ14S1,9,8,9,8,7,4,9,6,728,707,752,641,545,313,758,485
95QQ14S2,7,6,8,9,8,2,2,8,568,488,669,773,663,99,126,646
95QQ15W1,4,3,4,4,4,9,1,5,292,206,326,312,307,720,80,430
95RR01S1,5,3,5,5,7,5,10,8,414,184,400,434,598,357,890,638
95RR01S2,6,6,7,8,7,1,2,7,493,498,544,683,544,77,123,614
95RR02W1,3,3,3,5,4,3,3,4,251,259,205,373,338,234,227,280
95RR03W1,1,1,1,1,1,6,5,1,34,60,23,48,67,503,381,20
95RR04W1,2,1,2,3,6,6,8,6,145,39,151,241,455,483,661,450
95RR05S1,7,8,5,5,8,5,9,6,610,681,384,429,710,375,754,480
95RR05S2,2,3,2,2,2,6,8,1,127,189,97,120,173,518,649,47
95RR06W1,3,1,5,5,5,3,5,8,203,53,366,414,389,186,388,684
95RR07W1,6,4,5,6,6,3,5,8,446,323,444,492,492,194,399,686
95RR08W1,5,4,5,7,8,1,6,9,365,352,420,539,653,12,525,776
95RR09S1,4,3,3,4,6,3,7,7,290,256,228,268,493,188,592,573
95RR09S2,3,2,5,5,4,3,4,5,265,140,403,381,273,259,287,434
95RR10W1,1,1,1,1,1,7,4,1,11,33,5,51,42,599,296,12
95RR11W1,6,7,8,6,7,1,4,7,491,598,638,489,613,25,274,587
95RR12W1,4,5,3,5,5,6,2,2,348,380,261,396,376,529,156,169
95RR13W1,3,4,2,3,4,9,2,1,191,347,94,214,277,775,101,81
95RR14W1,3,1,4,6,6,1,7,10,194,57,310,471,511,63,603,804
95RR15W1,5,5,4,6,6,2,7,10,440,381,356,447,497,160,555,828
95SS01S1,8,9,10,9,9,1,4,10,673,746,852,725,746,45,294,852
95SS01S2,8,8,8,9,7,3,8,9,695,628,697,717,612,182,662,761
95SS02S1,8,9,8,8,5,7,1,4,655,724,685,709,424,557,72,346
95SS02S2,10,10,10,10,10,5,2,10,844,849,874,873,865,359,164,873
95SS03S1,8,8,10,10,10,1,2,10,700,676,866,864,859,86,145,888
95SS03S2,8,9,10,10,10,1,1,10,659,722,850,868,864,56,52,837
95SS04S1,5,6,4,3,4,5,10,4,361,475,284,197,286,437,879,330
95SS04S2,7,7,6,5,3,5,8,7,535,557,503,410,264,443,667,536
95SS04S3,9,8,9,8,7,3,6,8,723,685,771,706,574,252,521,677
95SS05S1,6,7,5,6,3,10,4,3,509,556,394,509,263,834,334,216
95SS05S2,10,10,10,10,10,4,8,6,837,806,858,824,843,295,659,514
95SS06S1,1,5,1,1,1,4,1,2,63,378,48,38,50,278,30,165
95SS06S2,1,2,1,1,1,7,2,2,20,135,11,2,30,592,98,134
95SS06S3,1,2,1,1,1,9,1,1,26,120,35,16,11,765,28,45
95SS07S1,6,8,6,4,3,4,9,5,487,639,477,299,261,306,721,378
95SS07S2,7,7,5,5,5,8,6,6,554,539,443,367,434,634,523,474
95SS07S3,7,7,6,6,5,5,10,5,567,578,450,450,397,426,817,431
95SS08S1,9,8,9,9,10,3,5,10,769,704,793,790,861,190,379,881
95SS08S2,8,8,8,8,8,2,3,9,675,653,711,658,693,169,246,747
95SS09S1,9,9,10,10,10,3,1,8,764,769,884,884,885,242,53,662
95SS09S2,8,8,9,10,10,2,3,5,709,648,800,862,823,164,239,422
95SS10S1,7,6,6,6,8,9,4,2,572,461,460,530,641,795,342,129
95SS10S2,10,10,9,9,10,8,3,5,831,831,782,762,841,640,252,417
95SS11S1,8,9,9,7,8,3,9,6,703,723,715,553,649,225,793,483
95SS11S2,8,8,9,9,8,1,3,7,645,675,738,755,652,87,265,575
95SS12W1,10,10,9,9,9,9,5,7,852,837,744,738,786,724,439,546
95SS13S1,3,2,4,4,2,9,1,2,190,164,296,313,119,754,49,99
95SS13S2,3,2,4,4,3,10,4,4,202,92,289,296,181,817,310,310
95SS14S1,4,7,3,3,2,8,5,5,277,550,183,195,122,681,371,427
95SS14S2,8,6,9,9,8,3,8,9,690,480,736,736,637,264,635,729
95SS15S1,10,8,10,10,10,6,8,9,862,695,834,840,852,485,712,793
95SS15S2,10,9,10,10,10,3,4,9,812,793,862,867,884,226,315,717
95SS16S1,7,9,4,3,7,9,4,6,553,773,344,239,603,718,309,461
95SS16S2,2,6,1,1,2,9,2,1,107,511,53,40,125,756,102,67
95SS17S1,7,7,7,6,4,5,8,6,576,594,554,510,284,403,705,451
95SS17S2,4,6,4,3,3,5,4,4,346,506,346,237,185,408,331,297
95SS18S1,3,4,3,3,2,7,8,5,246,278,230,218,137,540,627,436
95SS18S2,5,5,3,4,6,9,6,1,380,382,254,292,534,778,448,78
95SS19S1,7,7,7,7,5,6,7,3,606,608,604,548,357,456,544,262
95SS19S2,5,6,5,5,2,5,6,5,359,452,430,384,90,380,477,428
95SS20W1,10,9,9,9,7,8,7,7,809,772,721,743,597,710,576,566
95SS21S1,8,8,10,9,9,3,3,5,712,663,816,764,741,232,211,410
95SS21S2,9,9,9,9,9,2,4,9,742,748,796,770,740,175,291,774
95SS22S1,9,7,9,8,5,9,6,9,753,619,759,694,433,762,492,780
95SS22S2,10,10,9,9,9,6,8,10,857,867,748,771,770,459,706,810
95SS23S1,9,8,9,10,9,4,6,9,787,677,777,822,794,301,490,722
95SS23S2,8,8,8,7,7,2,6,9,646,706,625,612,548,136,501,777
95SS24S1,10,9,10,10,10,3,9,6,804,713,847,832,824,251,782,528
95SS24S2,9,9,9,8,9,5,10,8,796,754,713,699,722,411,846,682
95SS25W1,2,2,2,2,1,6,6,2,118,137,162,93,84,512,462,171
95SS26S1,1,2,1,1,1,6,3,1,39,167,33,17,40,491,235,82
95SS26S2,6,7,4,4,4,8,6,4,454,584,282,333,329,663,515,325
95SS27W1,5,6,4,4,4,7,5,5,418,501,317,306,279,579,405,393
95SS28W1,4,5,3,3,3,9,2,3,282,396,252,232,180,784,158,180
95SS29S1,1,2,1,1,1,7,1,3,42,96,47,30,70,621,23,245
95SS29S2,1,1,1,1,2,8,1,2,36,64,26,28,112,668,59,167
95SS30S1,10,10,10,10,8,9,2,10,858,887,886,865,660,742,104,868
95SS30S2,10,10,10,10,10,5,4,8,842,818,814,857,820,417,307,683
95TT01W1,8,8,9,8,9,2,4,9,664,640,730,690,728,112,314,727
95TT02W1,7,5,7,7,8,2,6,10,541,377,546,540,629,168,533,826
95TT03S1,6,7,5,4,4,4,5,6,453,599,421,301,301,296,359,494
95TT03S2,7,6,6,7,7,4,7,9,607,522,502,618,552,277,538,763
95TT04W1,5,3,5,5,7,2,8,10,389,214,416,370,575,174,686,812
95TT05S1,8,7,8,8,7,7,7,3,688,537,672,657,610,536,606,253
95TT05S2,3,4,3,2,2,9,6,5,227,356,190,122,131,780,511,382
95TT06W1,7,6,7,6,7,2,7,9,589,534,575,491,622,170,562,751
95TT07W1,8,9,8,7,8,2,5,9,674,715,702,622,631,141,367,756
95TT08W1,7,5,8,8,8,1,6,10,563,406,703,650,704,65,532,814
95TT09S1,6,7,7,6,9,1,6,10,527,574,563,502,761,30,489,869
95TT09S2,8,7,9,9,10,1,5,10,661,587,762,799,837,62,404,807
95TT10W1,3,2,4,4,4,6,3,4,255,163,301,289,275,527,256,343
95TT11S1,7,5,7,8,9,2,9,10,562,364,565,632,742,123,741,842
95TT11S2,6,4,8,9,9,1,5,10,459,299,640,723,725,24,400,839
95TT12W1,7,7,7,6,8,2,5,9,582,611,568,528,640,116,366,738
95TT13S1,5,3,6,6,4,7,5,5,435,232,527,463,352,551,443,363
95TT13S2,3,3,3,2,3,9,9,2,218,249,223,137,221,715,769,90
95TT14W1,7,7,5,5,5,8,9,3,544,583,431,358,396,636,768,215
95TT15W1,5,3,6,5,7,2,3,9,358,207,483,404,562,140,195,733
95TT16W1,6,4,7,7,7,2,5,9,510,328,557,623,549,148,424,795
95UU06W1,7,7,5,6,7,5,10,6,584,542,390,515,608,386,870,464
95UU09W1,7,5,7,7,9,2,6,7,543,386,542,613,743,134,449,597
95UU14W1,3,2,3,3,4,5,10,5,221,143,201,266,310,385,871,381
95UU99C1,2,1,4,4,5,1,4,6,169,72,281,348,423,55,271,526
95UU99C2,2,1,4,7,2,3,9,6,177,59,270,558,147,247,734,458
95UU99C3,6,4,6,8,8,2,3,4,460,344,459,666,696,124,249,316
95UU99C4,3,1,5,7,6,1,2,9,210,84,437,586,490,38,99,788
95UU99C5,6,5,7,8,8,1,4,8,499,371,535,653,682,85,313,692
95UU99C6,2,1,3,4,4,3,4,3,124,25,231,350,347,222,333,251
95VV01S1,5,2,7,7,5,2,3,6,363,169,574,590,441,153,236,530
95VV01S2,3,1,4,4,4,4,7,4,187,66,300,288,282,302,563,355
95VV02W1,2,4,1,1,2,7,1,1,93,271,73,80,100,575,73,56
95VV03W1,2,4,2,2,1,5,2,4,132,281,130,128,61,412,155,299
95VV04W1,4,2,7,8,7,2,5,8,335,123,540,629,550,93,417,705
95VV05S1,6,3,7,9,9,2,3,9,473,257,587,726,716,90,263,782
95VV05S2,8,5,9,10,9,2,9,10,663,393,765,823,789,138,739,833
95VV06W1,3,2,4,5,7,3,5,6,260,110,294,364,599,215,412,506
95VV07S1,2,2,2,3,3,7,2,1,133,98,157,206,198,609,161,75
95VV07S2,7,5,6,7,8,5,10,8,619,434,493,610,661,362,802,634
95VV08W1,1,1,3,5,5,1,2,9,72,1,221,415,391,61,159,721
95VV09W1,1,1,2,3,4,3,1,9,57,5,109,229,276,208,81,783
95VV10S1,2,6,2,1,2,7,2,2,171,519,124,83,105,580,175,137
95VV10S2,1,2,2,1,3,8,1,1,75,104,100,75,213,680,24,8
95VV11S1,8,6,8,7,9,3,9,9,686,518,641,571,800,257,743,739
95VV11S2,7,4,7,7,9,4,7,8,557,289,556,607,748,271,619,709
95VV12S1,2,1,4,3,3,5,1,2,147,77,274,213,242,379,85,148
95VV12S2,3,3,3,3,3,6,5,5,237,225,207,216,240,497,433,377
95VV13S1,4,2,7,8,9,1,7,9,334,136,582,647,727,26,574,736
95VV13S2,6,3,8,8,9,2,5,8,504,252,626,654,783,128,392,630
95VV14S1,4,4,4,4,4,6,3,6,326,284,299,322,322,462,218,446
95VV14S2,4,2,5,4,8,7,2,1,279,151,371,323,625,545,135,58
95VV15S1,1,1,1,2,2,8,3,3,70,52,89,90,102,693,188,206
95VV15S2,7,9,5,4,5,6,7,5,551,716,408,347,399,470,617,376
95VV16W1,3,2,4,6,4,3,6,5,243,102,329,487,355,213,446,395
95VV17S1,3,1,4,5,6,3,5,8,249,87,351,437,448,214,402,628
95VV17S2,2,1,4,5,8,2,6,8,100,2,272,395,624,94,472,635
95VV18S1,7,5,6,7,5,7,5,4,540,376,534,570,405,563,437,333
95VV18S2,3,5,2,3,4,5,3,3,258,445,177,212,272,383,234,185
95VV19S1,6,7,5,6,4,4,7,3,500,570,412,514,335,345,623,190
95VV19S2,2,1,2,2,3,5,5,3,113,78,122,158,201,401,365,228
95VV20W1,4,4,6,6,6,1,4,6,336,269,489,525,509,28,351,525
95VV21S1,5,2,6,7,6,2,9,10,378,144,514,552,506,147,731,823
95VV21S2,7,7,9,8,9,1,7,10,587,540,716,696,766,29,611,853
95VV22W1,2,1,5,6,5,1,3,5,111,13,389,484,403,37,217,361
95VV23W1,5,3,6,6,7,3,2,6,385,216,447,520,560,248,133,491
95VV24S1,7,5,7,8,10,6,3,4,620,394,616,663,830,468,190,348
95VV24S2,3,2,3,3,4,6,4,5,244,152,250,257,349,528,322,402
95VV25S1,2,1,3,5,6,1,8,8,94,3,253,380,491,78,638,702
95VV25S2,3,1,6,8,8,1,7,10,220,36,454,664,689,67,535,848
95VV26W1,4,2,6,6,6,2,5,7,284,91,471,485,510,154,408,552
95VV27W1,3,4,3,3,3,6,1,2,207,334,203,188,216,482,74,128
95VV28S1,5,5,4,5,5,7,2,4,400,415,323,377,429,542,90,308
95VV28S2,2,2,2,2,4,8,1,1,126,103,163,154,314,643,38,49
95VV29W1,4,1,7,8,7,2,5,8,322,82,622,712,561,97,378,694
95VV30S1,8,8,7,8,9,6,3,7,710,701,567,698,765,492,179,594
95VV30S2,5,6,4,3,4,6,5,2,370,491,315,250,291,504,416,162
95WW01S1,6,7,4,5,4,9,4,4,451,595,295,397,269,728,312,319
95WW01S2,5,5,5,4,4,9,3,3,428,398,401,337,354,771,261,193
95WW02S1,6,6,4,4,4,7,10,5,489,531,324,343,346,600,875,423
95WW02S2,7,5,7,7,5,7,10,5,571,372,594,547,358,570,883,416
95WW03S1,4,6,3,4,2,8,5,3,324,484,244,283,161,644,373,244
95WW03S2,9,9,8,8,6,6,9,7,732,762,648,627,452,520,750,583
95WW04S1,6,7,5,4,3,6,7,6,486,616,439,341,200,479,571,498
95WW04S2,8,9,6,5,4,8,7,8,654,774,530,426,356,665,558,658
95WW05S1,8,10,8,7,6,7,2,7,705,810,694,578,472,619,140,540
95WW05S2,6,8,5,4,4,10,3,5,507,702,370,318,294,820,248,369
95WW06S1,8,8,10,10,8,1,3,9,653,647,811,848,628,74,207,713
95WW06S2,9,9,10,10,10,3,10,8,800,719,809,851,809,235,812,650
95WW07S1,9,9,9,10,9,3,3,10,777,785,789,854,769,224,232,808
95WW07S2,9,10,9,8,6,4,5,7,748,850,731,707,485,351,445,621
95WW08S1,9,10,8,8,6,9,3,7,754,839,668,624,498,761,245,586
95WW08S2,9,10,8,7,6,8,4,6,759,873,653,603,516,683,348,519
95WW09S1,2,3,2,2,1,7,6,5,165,245,143,170,69,547,482,362
95WW09S2,9,10,8,8,7,8,3,7,782,888,680,643,619,653,224,618
95WW10S1,7,8,6,5,6,6,9,4,618,691,532,390,446,494,789,286
95WW10S2,6,8,4,4,4,9,5,4,469,625,313,349,278,764,364,322
95WW11S1,10,9,10,8,9,5,7,6,802,780,819,680,763,398,575,489
95WW11S2,9,10,8,8,9,8,3,3,760,857,699,661,733,647,184,224
95WW12W1,2,2,2,2,1,10,3,3,103,148,90,107,71,816,233,199
95WW13S1,9,9,9,10,9,4,8,9,799,744,795,806,720,287,665,767
95WW13S2,8,6,9,9,8,3,8,7,694,530,769,747,645,211,656,604
95WW14W1,1,2,1,2,1,8,5,4,84,116,87,92,43,711,385,306
95WW15S1,9,8,8,7,7,8,7,6,724,712,665,538,558,624,553,453
95WW15S2,10,10,9,8,8,7,9,8,826,803,766,636,694,539,799,680
95WW16S1,8,10,8,6,5,9,3,2,638,842,634,469,388,743,196,124
95WW16S2,3,4,3,2,1,8,8,4,195,312,181,136,86,697,652,268
95WW17W1,6,9,4,4,3,7,8,5,495,756,349,293,222,615,696,445
95WW18W1,6,7,6,5,5,9,2,2,517,558,533,389,360,793,125,174
95WW19S1,9,9,8,7,9,8,8,7,779,727,624,595,724,692,701,538
95WW19S2,10,10,10,10,10,5,7,10,878,854,879,872,876,390,564,876
95WW19S3,10,10,10,10,10,5,7,10,871,815,877,880,879,363,546,878
95WW20S1,9,9,9,9,8,3,9,6,745,733,723,740,674,240,780,454
95WW20S2,9,9,10,9,7,4,9,7,792,749,854,781,594,317,772,568
95WW20S3,10,10,10,10,9,5,3,10,839,874,833,846,799,376,206,844
95WW21S1,2,3,2,2,1,7,2,3,117,208,123,112,55,612,160,264
95WW21S2,6,6,6,4,4,7,4,5,462,450,469,327,285,577,320,396
95WW22S1,9,9,9,7,6,7,4,6,722,796,725,563,475,620,272,472
95WW22S2,3,6,3,2,1,7,9,5,193,468,182,117,38,546,774,385
95WW23S1,8,8,6,6,6,7,7,3,628,661,519,516,463,537,588,242
95WW23S2,10,10,10,10,9,7,7,10,886,881,887,877,767,590,551,890
95WW24S1,4,6,3,3,3,10,5,2,319,470,241,198,214,802,391,151
95WW24S2,3,4,3,2,1,8,6,2,184,272,179,174,75,662,475,170
95WW25W1,2,3,2,2,2,7,6,3,135,194,102,123,111,617,487,225
95XX01S1,10,10,10,10,10,4,10,10,863,819,817,843,822,331,826,857
95XX01S2,10,8,9,10,10,5,10,10,830,657,786,826,806,402,887,851
95XX01S3,9,7,8,8,8,6,6,9,737,618,677,648,666,508,452,770
95XX02W1,10,8,10,10,10,9,3,8,840,651,853,869,867,725,189,701
95XX03S1,9,9,9,9,7,6,3,9,751,738,733,733,576,502,191,785
95XX03S2,10,8,10,10,9,5,10,10,847,669,845,852,787,384,850,889
95XX04S1,10,10,10,9,9,6,7,9,864,809,844,779,772,501,609,725
95XX04S2,9,8,7,7,6,7,10,5,714,684,609,602,515,555,864,418
95XX05W1,7,6,6,6,5,8,8,3,585,533,517,495,410,685,630,217
95XX06S1,4,4,5,4,3,7,9,2,354,301,382,332,233,568,729,147
95XX06S2,6,5,6,5,5,6,10,4,523,399,494,408,417,517,869,318
95XX07S1,9,7,7,9,6,7,10,8,726,563,619,758,529,588,829,669
95XX07S2,10,9,9,9,10,9,8,8,868,781,788,744,813,746,688,661
95XX08S1,9,8,9,10,10,9,1,9,776,679,737,845,818,772,47,745
95XX08S2,9,8,8,9,10,5,10,6,789,689,686,745,807,425,807,516
95XX09S1,9,9,8,7,8,8,9,8,798,801,649,596,711,660,727,642
95XX09S2,9,8,8,8,9,7,8,8,788,632,684,678,801,618,657,627
95XX10S1,4,2,5,5,5,5,6,4,307,121,410,409,379,413,531,290
95XX10S2,8,7,9,8,8,5,10,2,702,571,792,711,636,395,836,140
95XX10S3,4,4,5,5,2,7,9,6,356,283,426,388,124,587,735,447
95XX11S1,6,4,7,6,5,4,10,5,497,321,551,482,402,311,838,444
95XX11S2,7,6,8,6,6,4,10,4,602,523,658,456,458,308,847,353
95XX11S3,2,2,3,1,3,5,10,2,134,95,192,86,192,445,881,172
95XX12W1,9,9,9,10,10,3,3,7,756,728,749,858,846,221,253,609
95XX13W1,10,10,10,10,10,3,5,8,824,826,823,879,850,258,413,672
95XX14W1,9,9,10,10,10,4,1,7,762,751,864,886,871,310,43,622
95XX15W1,4,5,3,3,3,6,10,3,317,432,256,219,196,449,806,255
95XX16W1,9,8,8,8,9,4,10,9,768,672,663,702,779,337,862,730
95XX17S1,2,2,3,4,4,9,1,1,174,173,202,307,324,757,21,6
95XX17S2,8,6,7,9,9,9,1,2,632,495,614,751,714,773,64,178
95XX18W1,8,5,9,8,8,8,2,5,647,430,722,681,648,694,91,425
95XX19W1,10,9,10,10,10,5,5,6,816,757,804,836,855,397,375,492
95XX20S1,3,2,4,4,4,5,8,5,250,155,283,270,304,367,628,359
95XX20S2,6,3,10,10,2,7,3,8,480,244,855,816,133,562,223,624
95XX21W1,10,8,8,10,10,7,7,7,818,711,673,819,849,572,589,595
95XX22W1,6,4,6,7,6,8,5,3,532,319,528,589,453,705,428,267
95XX23W1,6,6,7,5,3,7,9,4,530,479,578,411,237,611,766,302
95XX24S1,10,10,9,9,9,5,9,10,855,847,790,765,795,371,740,879
95XX24S2,9,7,7,8,7,8,7,9,731,586,593,692,579,691,569,801
95XX25W1,3,2,4,4,2,8,9,3,242,178,298,300,134,655,746,211
95YY01W1,5,5,6,5,6,2,2,7,422,423,499,399,478,108,172,620
95YY02W1,4,5,2,2,6,6,10,5,312,426,169,147,457,455,818,379
95YY03W1,6,5,7,6,8,1,7,10,461,392,605,534,680,20,587,855
95YY04W1,5,6,4,3,6,5,9,6,438,524,277,255,468,368,796,500
95YY05W1,4,5,3,3,7,7,3,2,316,373,200,264,564,585,194,95
95YY06W1,5,8,4,3,7,1,6,6,383,642,269,224,595,88,479,524
95YY07W1,5,4,5,4,8,1,6,10,395,355,411,324,639,75,468,827
95YY08W1,4,4,5,5,6,1,3,8,311,303,363,375,507,43,220,643
95YY09W1,4,7,3,3,7,6,2,2,323,568,187,201,542,467,115,168
95YY10W1,6,6,7,8,10,1,4,10,512,525,596,675,802,15,319,862
95YY11W1,2,2,2,3,5,3,4,4,138,99,126,181,436,183,321,278
95YY12W1,7,6,7,6,8,2,7,7,573,466,621,512,702,119,607,590
95YY13S1,6,8,5,3,5,6,8,9,529,705,364,226,432,466,675,769
95YY13S2,3,5,2,2,3,6,7,4,188,367,112,97,193,486,585,334
95YY14S1,3,3,4,2,5,4,4,5,264,247,280,172,365,347,318,358
95YY14S2,5,6,4,3,5,4,10,8,445,478,352,231,442,323,886,663
95YY15S1,1,1,1,1,3,9,2,3,47,21,52,84,187,736,138,222
95YY15S2,1,1,1,1,2,6,4,2,46,61,55,24,140,484,277,113
95YY16W1,6,7,6,6,7,1,4,10,452,569,513,500,607,22,280,811
95YY17W1,3,3,5,5,8,1,4,10,257,179,419,424,665,9,282,813
95YY18W1,4,5,5,5,6,1,2,10,289,387,377,417,533,8,124,802
95YY19W1,2,3,2,2,3,6,4,3,168,258,101,126,231,530,295,235
95YY20W1,4,3,4,4,8,1,3,9,280,253,306,351,632,46,193,790
95YY21W1,5,5,7,7,9,1,1,9,379,369,597,585,737,7,88,778
95ZZ01W1,5,4,5,5,4,3,8,7,376,324,369,436,281,191,692,601
95ZZ02W1,1,1,1,1,2,8,8,2,37,26,31,81,92,706,624,144
95ZZ03W1,2,3,1,2,3,5,6,4,152,261,74,113,260,400,506,321
95ZZ04W1,4,4,4,5,6,1,5,10,333,340,343,361,451,60,436,821
95ZZ05W1,2,1,3,4,5,1,3,8,148,79,248,319,443,21,264,671
95ZZ06W1,1,1,1,1,1,7,2,1,1,4,3,54,14,559,127,76
95ZZ07W1,2,1,3,4,3,3,8,7,166,81,196,310,236,180,668,571
95ZZ08W1,2,1,2,3,3,1,5,8,90,48,165,254,247,23,410,651
95ZZ09W1,3,4,2,3,3,2,6,4,201,314,150,240,230,162,450,312
95ZZ10W1,2,1,2,3,4,5,4,2,141,83,141,267,328,404,316,101
95ZZ11W1,4,5,5,6,7,1,4,10,304,368,393,461,589,1,286,834
95ZZ12W1,2,4,2,2,3,4,2,3,175,304,131,150,207,339,128,266
95ZZ13W1,4,4,5,5,6,1,2,10,299,275,365,394,462,52,165,815
95ZZ14S1,3,5,2,2,3,5,8,5,236,374,137,175,227,427,676,400
95ZZ14S2,6,6,4,5,5,6,9,6,477,492,293,402,406,481,737,479
95ZZ15W1,3,3,4,4,4,2,6,7,266,220,304,355,290,114,499,580
95ZZ16S1,3,2,3,4,3,4,9,6,205,97,264,321,244,292,747,481
95ZZ16S2,2,4,1,2,3,8,8,2,170,309,68,135,234,649,693,139
