msoa_code,Proportion,Extent,Income_Proportion,Income_Extent,Employment_Proportion,Employment_Extent,Education_Proportion,Education_Extent,Health_Proportion,Health_Extent,Crime_Proportion,Crime_Extent,Housing_Proportion,Housing_Extent,Access_Proportion,Access_Extent,Environment_Proportion,Environment_Extent
W02000001,0,0.028793425295158662,0,0.1268467114354287,0,0.1268467114354287,0,0,0,0,0,0,0,0.34140100366069476,0.4,0.534832965647652,0,0
W02000002,0,0,0,0,0,0,0,0,0,0,0,0,0,0.01719115126966815,0.25,0.651736620723018,0,0
W02000003,0.14285714285714285,0.5669190468474572,0.14285714285714285,0.7826788143041623,0.2857142857142857,0.6879633312219816,0,0.48382164479208095,0,0.37235356793887875,0.2857142857142857,0.5434371332753939,0,0.057678691551156076,0,0.07851110423694276,0,0
W02000004,0,0,0,0,0,0,0,0,0,0,0,0,0,0.19973544022602605,0.3333333333333333,0.5040295041660975,0,0
W02000005,0,0,0,0,0,0,0,0.1288804110868888,0,0,0,0,0,0.13327156649018995,0.4,0.35254437869822486,0,0
W02000006,0,0.16619521882716964,0.25,0.23304126625211985,0,0.13307882835976315,0,0.1551564220047008,0,0.07788484424741898,0,0.29847185445241137,0,0.011284624081401908,0,0.3702604801999345,0,0
W02000007,0,0,0,0,0,0,0,0,0,0,0,0,0,0.2874527398111786,0,0.5967552269586011,0,0
W02000008,0,0,0,0,0,0,0,0,0,0,0.25,0.17592295345104333,0,0.1421272281828166,0,0,0,0
W02000009,0,0,0,0,0,0,0,0,0,0,0,0,0.25,0.5781668686627857,0,0.7900846396852833,0,0
W02000010,0.2,0.12778820095893267,0.2,0.12778820095893267,0.2,0.12778820095893267,0,0.09113316436808092,0.2,0.12778820095893267,0.6,0.5397210976158344,0.6,0.866249739420471,0,0.1538639829718135,0.2,0.15301229935376276
W02000011,0,0.12301139055777721,0.2,0.17248829672308247,0,0,0,0.1556933836210981,0,0.17248829672308247,0,0.25641358527756186,0,0.14103696403414007,0,0.14959504450719882,0,0
W02000012,0,0,0,0,0,0,0,0,0,0,0,0.044240317775570984,0,0.47429536454693677,0,0.4982456140350877,0,0
W02000013,0,0,0,0,0,0,0,0,0,0,0,0,0.25,0.17383695493656118,0,0.1651451071897331,0,0
W02000014,0,0,0,0,0,0,0,0,0,0,0,0,0.25,0.38860072070243107,0.25,0.7136650691337795,0,0
W02000015,0.25,0.4480249275004627,0.25,0.4824100697229592,0.25,0.4709483556487937,0.25,0.33340778675880794,0,0.27066915530326396,0.25,0.7730511507373358,0,0,0,0.2580036404022953,0,0
W02000016,0,0,0,0,0,0,0,0,0,0,0.25,0.2517931858936043,0,0.46108039450089655,0.25,0.6986220782080725,0,0.2239122911882216
W02000017,0,0.012781198944325733,0,0,0,0,0,0,0,0,0,0,0.5,0.5445519668216665,0.5,0.7178680804058657,0,0
W02000018,0,0.028906015616764903,0,0,0,0,0,0.03510042244727516,0,0,0,0.2327550697727217,0.25,0.5809079778478703,0.25,0.6333169814074547,0,0
W02000019,0,0,0,0,0,0,0,0,0,0,0,0.022438698940771662,0.2,0.3900156672838627,0.6,0.5043441105255662,0,0
W02000020,0,0,0,0,0,0,0,0,0,0,0,0,0.25,0.5960547192299225,0.5,0.7236910428385981,0,0
W02000021,0,0,0,0,0,0,0,0,0,0,0,0.09184835604450554,0,0.11502000250031252,0.2,0.16128266033254157,0,0
W02000022,0,0,0,0,0,0,0,0,0,0,0,0,0.25,0.24189850888999076,0.25,0.6529113834384075,0,0
W02000023,0,0,0,0,0,0,0,0,0,0,0,0,0.3333333333333333,0.6836059259790047,0.6666666666666666,0.863492888108631,0,0
W02000024,0,0,0,0,0,0,0,0,0,0,0,0,0.75,0.6465689540306462,0.75,0.6465689540306462,0,0
W02000025,0,0,0,0,0,0,0,0,0,0,0,0.06697523500501024,0.2,0.3415422054683399,0.2,0.42497057466876614,0,0
W02000026,0,0,0,0,0,0,0,0,0,0.010259164764334618,0,0,0,0.026371975998812656,0.5,0.6724572947071585,0,0
W02000027,0,0.15743579232537827,0,0.0957578079978137,0,0.3720061667884577,0,0.11480355986478215,0,0.13384931173175063,0.4,0.6302713268100831,0.2,0.43974489220002255,0,0.08161726700768174,0,0
W02000028,0.25,0.2281227694503926,0.25,0.29034148540516175,0.25,0.26572748788459366,0,0.25582253277733946,0.25,0.2281227694503926,0.25,0.2281227694503926,0,0.11144671099590515,0,0.10865847702768698,0,0
W02000029,0,0,0,0,0,0,0,0,0,0,0,0,0,0,0,0.20649026861830466,0,0
W02000030,0,0,0,0.11682021192748925,0,0.0935852526490936,0,0,0,0,0,0,0,0,0,0,0,0
W02000031,0,0.2629212385532145,0,0.2023763306001802,0,0.19996218543004615,0.2,0.35792624898373343,0,0.49262458325192693,0,0.41412468724199425,0,0,0,0.07560897213696435,0,0.4540354448569033
W02000032,0,0,0,0,0,0,0,0,0,0,0,0,0,0,0,0,0,0
W02000033,0.25,0.5811241589383744,0.25,0.5966005413339894,0.5,0.6082001917578082,0,0.17517627294093688,0.25,0.23230694825084633,0.5,0.7627972882391373,0.5,0.4617120748025149,0,0,0,0
W02000034,0,0,0,0.0751364869270844,0,0.14427379242887764,0,0,0,0,0,0.06271634998924752,0,0.028615429439553787,0,0.05586772387671431,0,0
W02000035,0.16666666666666666,0.3024841132293472,0.3333333333333333,0.3024841132293472,0.16666666666666666,0.24826902611815496,0,0.2290291586852747,0,0.08674328802943232,0,0.13364012283742283,0.16666666666666666,0.23877010550640032,0,0.08495119948919092,0,0
W02000036,0.14285714285714285,0.2277445477132603,0.14285714285714285,0.3361299056050912,0.14285714285714285,0.25209349406459924,0,0.031960353169663815,0.14285714285714285,0.1952792859114751,0.14285714285714285,0.2730369103950638,0,0.029822543383396367,0,0.059236558775239374,0,0.030275871421444923
W02000037,0,0,0,0.026521252716202544,0,0,0,0.31089708191995175,0,0,0,0.03500584476588662,0,0.06152709748208917,0,0.22077115052244317,0,0
W02000038,0,0,0,0.07574869287552634,0,0,0,0,0,0,0,0,0,0.16466671091347532,0.25,0.28835645229087853,0,0.030550577789576913
W02000039,0,0.029022566025519964,0,0.07196006096738514,0,0.044232040249264866,0,0,0,0.029022566025519964,0,0.09342880843831772,0,0.07196006096738514,0,0.058927945183306796,0,0.13431236343035957
W02000040,0,0,0,0,0,0,0,0,0,0,0,0,0.25,0.9309904939224678,1,1,0,0
W02000041,0,0,0,0,0,0,0,0,0,0,0,0,0.16666666666666666,0.382294229992287,0.6666666666666666,0.6619226013393568,0,0
W02000042,0,0,0,0.025457330891817894,0,0.06608318073861881,0,0.025457330891817894,0,0.025457330891817894,0,0.07499592073535541,0,0,0,0,0,0
W02000043,0,0.24677568682701012,0,0.39156183958941326,0,0.18278605212840895,0,0.17975545939418333,0.25,0.39814783133742576,0.25,0.5347192311562845,0,0.19309650800040248,0,0,0,0
W02000044,0,0,0,0.07244100063728413,0,0,0,0.08440373468747785,0,0,0,0,0,0,0,0,0,0
W02000045,0.6666666666666666,0.7666457789285971,0.5,0.7735845566922657,0.6666666666666666,0.7215978291475043,0.5,0.6970636625130433,0.8333333333333334,0.8271268226161754,0.5,0.6528954821754901,0.3333333333333333,0.4919744157414411,0,0.19239732342500013,0,0
W02000047,0.6666666666666666,0.6851952770208901,0.6666666666666666,0.7158473158372771,0.6666666666666666,0.6851952770208901,0.3333333333333333,0.6675022706630336,0.6666666666666666,0.6851952770208901,0.6666666666666666,0.7456709211721402,0,0.7115918542951383,0,0.28337874659400547,0.3333333333333333,0.6172168841722835
W02000049,0,0,0,0.09236947465676815,0,0,0,0.0295223931402266,0,0,0,0,0.25,0.34751633086411743,0.25,0.2622420696027102,0,0
W02000050,0,0,0,0,0,0,0,0,0,0,0,0.373660798633074,0,0,0,0,0,0
W02000051,0,0,0,0,0,0,0,0.015485074626865651,0,0,0,0,0,0,0,0.28713423016496464,0,0
W02000052,0.3333333333333333,0.33424776089362984,0.3333333333333333,0.27151051625239003,0.3333333333333333,0.5200613867364395,0.3333333333333333,0.39612559122471575,0.3333333333333333,0.3106440575626446,0,0.6931055650598772,0,0.5695048807487169,0,0.2947791083828117,0,0
W02000053,0,0,0,0,0,0,0,0,0,0,0,0,0.25,0.29436769394261425,0.25,0.29436769394261425,0,0
W02000054,0,0,0,0,0,0,0,0,0,0,0,0,0.3333333333333333,0.35708449092989053,0.3333333333333333,0.9704772021572153,0,0
W02000055,0,0,0,0,0,0,0,0,0,0,0,0,0,0,0,0,0,0
W02000056,0,0,0,0,0,0,0,0.0590867898222377,0,0,0,0,0.6666666666666666,0.8240382412986107,0.6666666666666666,0.9759757008415076,0,0.15258676492555892
W02000057,0,0,0,0,0,0,0,0,0,0,0,0.17679937548790006,0.4,0.3511319281811085,0.6,0.9317547968281359,0,0
W02000058,0,0.2313426380141574,0,0.13250414068846195,0,0.14453376375394283,0,0.17707166292158533,0,0.20523256427297942,0,0.24286535641569343,0,0.22673407812978025,0.3333333333333333,0.9097372113386292,0,0
W02000059,0,0.09629199180917591,0,0.2484456409161705,0,0.018679585398828278,0,0.29644023307480055,0,0.02805357241684652,0.3333333333333333,0.37359170797656605,0,0,0,0.277590664358056,0,0
W02000060,0.16666666666666666,0.3271849524947484,0.16666666666666666,0.3630364817205958,0.16666666666666666,0.27562922777467286,0.3333333333333333,0.475612123956908,0.16666666666666666,0.3482515562065177,0.16666666666666666,0.2858178033880013,0,0,0,0,0,0.010188575613328438
W02000061,0,0.4289045384597891,0,0.40573542454725314,0,0.27502558426889634,0.25,0.6317407915583284,0.25,0.558936679882047,0.5,0.5002520524269048,0,0.32253462404390637,0,0.1524363804513444,0,0
W02000062,0,0,0,0,0,0,0,0,0,0,0,0,0,0,0,0,0,0
W02000063,0,0,0,0,0,0,0,0,0,0,0,0,0.2,0.32867259680265754,0.4,0.7086921260251219,0,0
W02000064,0,0.48028039154861607,0,0.44998879812497844,0,0.42987195395167677,0,0.7074333057594872,0.5,0.5320890635232483,0.25,0.4280882707751697,0,0.1769336159652569,0,0,0,0
W02000065,0,0,0,0,0,0,0,0,0,0,0,0.11997083190001145,0,0,0,0,0,0
W02000066,0.3333333333333333,0.4067150097465887,0.16666666666666666,0.3845730994152047,0,0.29584613385315134,0.5,0.5629447693307342,0.16666666666666666,0.3963433398310591,0.3333333333333333,0.566612865497076,0,0.6565055230669264,0,0.08685640025990901,0.16666666666666666,0.2774521117608837
W02000067,0,0,0,0,0,0,0,0,0,0,0,0,0,0,0,0,0,0
W02000068,0,0.14840705285860228,0,0,0,0,0.3333333333333333,0.432448730561126,0,0.12998410836581026,0,0.2957906088009383,0.3333333333333333,0.41820585341859323,0,0,0,0.5897995573044761
W02000069,0,0,0,0,0,0,0,0,0,0,0,0,0,0,0,0.1662919553786427,0,0
W02000070,0,0,0,0,0,0,0,0,0,0,0,0,0,0,0,0,0,0
W02000071,0,0,0,0,0,0,0,0,0,0,0,0,0,0,0,0,0,0
W02000072,0,0.012719627110766164,0,0,0,0,0,0.2766797335753781,0,0,0,0,0,0.11172645435132444,0,0.018907553813301045,0,0.24434746576513758
W02000073,0,0.08932966615887737,0,0.10712967343776808,0,0.07581900518361,0.14285714285714285,0.14190197413914118,0,0.11899634495702854,0.14285714285714285,0.327243588077177,0,0,0,0,0,0
W02000074,0,0.040680976474883924,0,0.1011426112357206,0,0.054116895310625426,0.16666666666666666,0.18252595065463462,0,0.061545041990506484,0,0.031738302644619465,0,0,0,0,0,0
W02000075,0,0,0,0,0,0,0,0,0,0,0,0,0,0,0,0,0,0
W02000076,0,0,0,0,0,0,0,0,0,0,0,0,0,0.20422737635048072,0,0.5213570649788313,0,0
W02000077,0,0,0,0,0,0,0,0,0,0,0,0,0,0.06263583028654023,0,0.17454468157469602,0,0
W02000080,0,0.11074044925397605,0,0.10072372520085258,0,0.050640104935235276,0,0.2842603705525496,0.2,0.2693107066732251,0,0.14767502869322838,0,0,0,0,0,0
W02000081,0,0.3706688874083943,0,0.3089820119920053,0,0.25664890073284474,0.25,0.4541958694203864,0,0.5795141017099711,0.25,0.3733217854763491,0,0,0,0,0,0
W02000082,0,0.07761919943562992,0,0.14603177294957975,0,0.055616906682223015,0,0.3746548999124955,0,0.06661805305892644,0.25,0.4399234166095739,0,0,0,0,0,0
W02000083,0,0.0893554434030281,0,0.15921672674837778,0,0,0.2,0.2418428262436914,0,0.037003604902667624,0.2,0.3144472963229992,0,0.1400173035328046,0,0,0,0
W02000084,0,0,0,0,0,0,0,0,0,0,0,0.17399080224833927,0,0,0,0,0,0
W02000085,0,0.060102335889261546,0,0.02279743775109919,0,0,0,0,0,0.1421731117932187,0.16666666666666666,0.17005060500835517,0.16666666666666666,0.22620705388781567,0,0,0,0
W02000086,0,0.030003955696202525,0,0.1759691455696202,0,0.07379351265822784,0,0,0,0.030003955696202525,0.3333333333333333,0.6463061084277149,0,0,0,0,0,0
W02000087,0.8,0.8889017460329158,0.8,0.8758739377501309,0.4,0.8149724717900337,0.8,0.9084434584570935,0.8,0.9605546915882339,0.8,0.9605546915882339,0,0,0,0.23973606821984236,0,0
W02000088,0,0.06959443244540436,0,0,0,0,0,0.13006959443244537,0,0,0.5,0.697414838391876,0.5,0.5552565268462734,0,0,0,0
W02000089,0.16666666666666666,0.3230081286148888,0,0.22583360388634366,0,0.24325721775308726,0.16666666666666666,0.6645265923547731,0,0.2890720632973798,0.6666666666666666,0.8760464389211547,0.3333333333333333,0.40721294325601526,0,0.013193968471555842,0,0.02172540673135888
W02000090,0,0.24371858141949948,0,0.26238638765588673,0,0.1877151627103379,0.25,0.42295957284515634,0,0.1877151627103379,0,0.05704051905562751,0,0.139317452877873,0,0.3753641568562579,0,0
W02000091,0,0,0,0,0,0,0,0,0,0,0,0.13428175444317622,0,0.15639808799677324,0,0,0,0
W02000092,0,0.18709893598700117,0,0.2809057962875605,0,0.10943946507326788,0,0.5468491437727909,0,0.2135401457121249,0,0.5171204259047105,0,0.19978547521171683,0,0.10767759133215025,0,0
W02000093,0,0,0,0,0,0,0,0,0,0,0,0.23203481769158069,0,0,0.2,0.4285423268447261,0,0
W02000094,0.2,0.2688396738195456,0.2,0.23453366746567877,0.2,0.24315783739147387,0.2,0.39589005746005895,0.2,0.39704614008326544,0,0.23640226628895183,0,0.060848310031998705,0,0.1668053468821323,0,0
W02000095,0,0,0,0,0,0,0,0,0,0,0,0,0,0.18656813916844162,0.75,0.9224691788143443,0,0.023789125288020706
W02000096,0,0.009595803764270274,0,0,0,0,0.25,0.19191607528540575,0,0,0,0,0,0.15372610792640345,0.25,0.4679415872294126,0,0.009595803764270274
W02000097,0,0,0,0,0,0,0,0,0,0,0,0,0,0.5752759934613436,1,1,0,0.09392641709260025
W02000098,0,0,0,0,0,0,0,0,0,0,0,0,0,0,0.3333333333333333,0.953419553766434,0.3333333333333333,0.3799387606526487
W02000099,0,0.17980864801408725,0,0.18104050088045393,0,0.03243396595578162,0.25,0.26902837018196046,0,0,0.25,0.3401408726276658,0,0.28501232635492074,0.25,0.6103603991391118,0,0
W02000100,0,0,0,0,0,0,0,0,0,0,0,0,0,0.3181432957692275,0.6666666666666666,0.6426641233508187,0,0
W02000101,0,0,0,0,0,0,0,0,0,0,0,0,0,0.13752413406958333,0.75,0.764490095377843,0,0
W02000102,0,0,0,0,0,0,0,0,0,0,0,0,0,0.15778474891081987,1,1,0,0.2610698359168371
W02000103,0,0,0,0,0,0,0,0,0,0,0,0,0,0.29745856921323544,1,1,0,0
W02000104,0,0.1741955056942582,0,0.03238810909893242,0,0.12692637349581629,0,0.22146463789270013,0,0,0.3333333333333333,0.3326346339890358,0,0,0,0.6290678728423768,0,0
W02000105,0,0.4784671838959949,0,0.5982847557139861,0,0.4235547284546027,0,0.7623851960578737,0,0.559965401551688,0,0.6074187460683581,0,0,0,0.1529508282658838,0,0
W02000106,0,0,0,0,0,0,0,0,0,0,0,0,0,0,0.5,0.5678252845278375,0,0
W02000107,0,0,0,0,0,0,0,0,0,0,0,0,0.14285714285714285,0.29702172313227393,0.42857142857142855,0.5812739513205593,0,0
W02000108,0,0,0,0,0,0.04034394430335405,0,0,0,0,0,0,0,0.049110035905070494,0.6,0.8689545202440376,0,0
W02000109,0,0.11567921854913625,0,0.1435451483048859,0.3333333333333333,0.33145883964680817,0,0.05697610044008215,0,0.021508196413658493,0.3333333333333333,0.22089499019433054,0,0,0.3333333333333333,0.385451952219647,0,0
W02000110,0,0,0,0,0,0,0,0,0,0,0,0,0,0.39718002973357763,0.6,0.6854655507397998,0,0
W02000111,0,0,0,0,0,0,0,0,0,0,0,0,0,0.037654512029809906,0.6,0.7974597200987887,0,0
W02000113,0,0.031400062656641595,0,0.01591510025062656,0,0.06236998746867168,0,0.06236998746867168,0,0.04688502506265663,0.2,0.19476190476190477,0.2,0.19476190476190477,0,0.10108239348370926,0,0.0764442355889724
W02000114,0,0,0,0,0,0,0,0,0,0,0,0,0,0.09563142021361025,0.5,0.830861621956658,0,0
W02000116,0,0,0,0,0,0,0,0,0,0,0,0,0,0.10568017826825125,0.5,0.6857703735144313,0,0
W02000117,0,0,0,0,0,0,0,0,0,0,0.5,0.38936049801924166,0.5,0.5152768593810503,0,0.2000345515741816,0.25,0.24561403508771928
W02000118,0,0.028069389071064016,0,0.08590632789953365,0,0.11993284421272812,0,0.060646630021939645,0,0.060646630021939645,0,0.15493799492006574,0,0.10043682716428003,0,0.3440381545526748,0,0.07735772645419015
W02000120,0,0,0,0,0,0,0,0,0,0,0,0,0.2,0.6549142335901753,0.8,0.812455967310131,0,0
W02000122,0,0,0,0,0,0,0,0,0,0,0,0,0.25,0.5372724943348787,0.75,0.8498402555910544,0,0
W02000123,0,0,0,0,0,0,0,0.009104694892636163,0,0,0,0.16423025597476648,0.8,0.8179061021472764,0.6,0.7317663472036879,0,0
W02000124,0.14285714285714285,0.21240144176616352,0.14285714285714285,0.21868664113539085,0.2857142857142857,0.26931741383194413,0,0,0,0.07155090643933555,0.14285714285714285,0.22497184050461816,0.14285714285714285,0.4618006070594372,0.2857142857142857,0.5483059840409764,0,0
W02000125,0,0,0,0,0,0,0,0,0,0,0,0,0.2,0.21563848728723023,0.8,0.9728936685421267,0,0
W02000126,0,0,0,0,0,0,0,0,0,0,0,0,0.4,0.564360742902824,1,1,0,0
W02000127,0,0,0,0,0,0,0,0.029838203871626133,0,0,0,0,0.16666666666666666,0.1607705514037568,0.3333333333333333,0.37247525752373256,0,0
W02000128,0,0,0,0,0,0,0,0,0,0,0,0,0,0.10799858762929421,0.75,0.95522092524128,0,0
W02000129,0,0,0,0,0,0,0,0,0,0,0,0,0.25,0.23775156141568354,1,1,0,0
W02000130,0.25,0.36808053889999254,0.25,0.3197127840698793,0.25,0.4809386335035901,0.25,0.2220815752461322,0.25,0.27134502923976606,0.25,0.6203194166851728,0,0.01701828410689168,0,0.2755244651713672,0,0
W02000131,0,0.030704207729504145,0,0.09045293628421491,0,0,0,0.31773141776269787,0,0,0,0.1250763603176589,0,0,0,0.12032730056157032,0,0
W02000132,0,0,0,0,0,0,0,0,0,0,0,0,0,0.07745963788983518,0.5,0.6342438422890754,0,0
W02000133,0,0,0,0,0,0,0,0.0337373521133855,0,0,0,0,0,0,0.8,0.8921682271236171,0,0
W02000134,0,0,0,0,0,0,0,0,0,0,0,0,0,0,0.25,0.37036733087032886,0,0
W02000135,0,0.2247956192033377,0,0.20986454486510867,0.3333333333333333,0.3152115693626138,0,0.5491444196994896,0,0,0.3333333333333333,0.5717454120034955,0,0,0,0.20986454486510867,0,0
W02000136,0,0,0,0,0,0,0,0,0,0,0,0,0,0.06488078271969068,0.3333333333333333,0.4855638035517331,0,0.16862057427533986
W02000137,0,0.36632474510884533,0.2,0.435029278038027,0,0.4270835629650041,0.2,0.6047216864149904,0,0.08357743179939373,0,0.15827052907136951,0,0.044581496279966916,0,0.14351577569578394,0,0
W02000138,0.3333333333333333,0.4506210689683339,0.16666666666666666,0.44873989163285866,0.3333333333333333,0.4127851444441419,0.5,0.6217689982846407,0,0.27972853758815036,0.3333333333333333,0.5178514444414191,0.16666666666666666,0.25468538132708907,0,0.21650257303890866,0,0.0738679990197947
W02000139,0,0,0,0,0,0,0,0,0,0,0,0,0,0,0.75,0.6736814757079761,0,0
W02000140,0.25,0.3877817006676822,0.25,0.45025625329214297,0.25,0.3409257861993366,0.25,0.6635056162179861,0,0.3231496376863175,0.25,0.38038487820850475,0,0.12169362071665503,0.25,0.37228905371353727,0,0.037802699201343895
W02000141,0,0,0,0,0,0,0,0,0,0,0.25,0.3080719081654754,0,0,0,0.6559917695473251,0,0
W02000142,0,0,0,0,0,0,0,0.12945468865826537,0,0,0,0,0.25,0.5677696441808746,0.75,0.7906690140845071,0,0
W02000143,0,0,0,0,0,0,0,0,0,0,0,0,0.5,0.6546962032511082,0.75,0.7897768178545717,0,0.3402139934068432
W02000144,0,0.022572639851101223,0,0.044535208354875386,0,0.01159135559921413,0,0,0,0,0,0,0.5,0.8540309516423672,1,1,0,0
W02000145,0,0,0,0.009890262536463384,0,0.04736915214832469,0,0,0,0,0,0,0.5,0.6099604477230025,0.75,0.8021947492707321,0,0.03799942974535936
W02000146,0,0,0,0,0,0,0,0,0,0,0,0,0.25,0.15557891575311608,1,1,0,0
W02000147,0,0,0,0,0,0,0,0,0,0,0,0,0.2,0.17960900336465946,0.4,0.496735791794139,0,0
W02000148,0,0.12903326413956007,0,0.2359601402963402,0,0.12903326413956007,0,0.18254936447393985,0,0.08890360250733689,0,0.23499636988332495,0,0,0,0.07551716380518031,0,0
W02000149,0,0.13542205645918173,0,0.01578539308419908,0,0.2251495539904187,0,0,0,0,0.25,0.315707861683982,0,0.28496788567791004,0,0.36099109613077507,0,0
W02000151,0,0.039463682281582854,0,0.10668557507519306,0,0.3402134697405928,0,0,0,0.06616454601958947,0,0,0.2,0.2497588820701135,0,0.0641062919277289,0,0.16351296321433417
W02000152,0,0.05803471444568868,0,0.02359653224714814,0,0.09247289664422922,0,0,0,0,0,0,0,0,0,0.4561165598119685,0.5,0.5924750501458228
W02000153,0,0.054176298008534844,0,0,0,0,0,0.09704106126803494,0,0.04346010719365981,0,0,0,0.09974217638691321,0.4,0.9600135262141841,0.2,0.295212799735826
W02000154,0,0.1965492279594886,0,0.2041042669765897,0,0.43684011290054786,0,0,0,0.20383529802424039,0.2,0.20811389672920472,0,0,0,0.2754022912170015,0,0.17991200398472518
W02000156,0,0,0,0,0,0,0,0.023564152748510214,0,0,0,0,0,0.07722935412667345,0,0.1627889671904604,0,0
W02000157,0,0,0,0,0,0,0,0,0,0,0,0,0,0.04970775337103088,0,0.18219742279251847,0,0.018854665071770322
W02000158,0,0,0,0,0,0,0,0,0,0,0,0,0,0,0,0,0,0.07757097051693124
W02000159,0,0.3164604688019222,0,0.34071598374274675,0.25,0.38317655479154417,0.25,0.3988599473428593,0,0.25521629474365853,0,0,0,0,0,0.42913865528318124,0,0.1611342586675528
W02000160,0,0,0,0,0,0,0,0,0,0,0,0,0,0,0,0,0,0.17433823681115762
W02000161,0,0.2609727611799721,0,0.2803658214971932,0,0.25812455261274153,0,0.393075387107712,0,0.22509889613080655,0,0.017430207587687877,0,0,0,0.10574351053008323,0,0.09834984741739815
W02000162,0,0.1750868962373454,0,0.22859788410036277,0,0.3030915433658125,0,0.11500598301962045,0,0.033759742192001084,0,0.0957593369927887,0,0,0,0,0,0.21178053397658708
W02000163,0,0.2531236745710429,0,0.2544510314247156,0,0.2835314247156352,0,0.12131964526701366,0,0.2072941970310391,0,0.28649749373433586,0,0.27062994023520337,0,0,0,0.7172353961827644
W02000164,0,0.06901785777987056,0,0,0,0.04622296897183991,0,0.04622296897183991,0,0,0.25,0.36979623723807276,0,0.04622296897183991,0,0,0.25,0.6933538094932329
W02000165,0.25,0.26970461629805553,0.25,0.26970461629805553,0.25,0.26970461629805553,0.25,0.26970461629805553,0.25,0.26970461629805553,0,0.5397853956547892,0,0.40811543479449697,0,0.15401553088599484,0,0.32318305039725626
W02000166,0.2,0.3069080766968866,0.2,0.32304458457794005,0.2,0.2990578836736714,0.2,0.40292912001211123,0.4,0.39348583040741575,0,0.06748126539381975,0,0,0,0,0,0.21576036007709282
W02000167,0.42857142857142855,0.7708057368027986,0.2857142857142857,0.6100870641877285,0.5714285714285714,0.6685131775480524,0.7142857142857143,0.8376341338783853,0.14285714285714285,0.5970139243740419,0.42857142857142855,0.6331440882826933,0.2857142857142857,0.5836604791478321,0,0.41388801540819936,0,0.6109866947053968
W02000168,0,0.09665365177826409,0,0.16659398271328935,0,0.07916856904450775,0,0.08791111041138591,0,0.13162381724577668,0,0,0,0,0,0,0.5,0.503888722704158
W02000169,0,0.16059121463013182,0,0.2558643697079828,0,0.2912996890378953,0,0.16772456379694115,0,0.1773400864949655,0,0,0,0.06531170775085472,0.16666666666666666,0.19435407702801974,0,0
W02000170,0.16666666666666666,0.1612138989169675,0.16666666666666666,0.1612138989169675,0.16666666666666666,0.1612138989169675,0,0.1149709647539426,0.16666666666666666,0.1612138989169675,0,0.1154234158274748,0,0,0,0.030970038476154274,0,0.039443995819874594
W02000171,0,0.06301296538598786,0,0.11868086118710598,0,0.07692993933626739,0,0.0351790174854288,0,0.09780540026168669,0,0,0,0,0,0.028220530510289034,0,0
W02000172,0,0.1032969560851089,0,0.11015800851880618,0.16666666666666666,0.14484444026694238,0,0.0346864317481362,0,0.28409006584512786,0,0.013986276905724205,0,0,0,0,0,0
W02000173,0.25,0.21091134531928085,0.25,0.21091134531928085,0.25,0.21091134531928085,0.25,0.21091134531928085,0.25,0.21091134531928085,0,0.19479231246125234,0,0,0,0,0,0.26226939015238027
W02000174,0,0,0,0,0,0.012463343108504383,0,0,0,0,0,0,0,0,0,0,0,0
W02000175,0.2,0.5249309119621003,0.2,0.4484146113408274,0.2,0.5045535769942028,0,0.3987197068866402,0.2,0.5741610738255034,0.2,0.6312696961511556,0,0.43233424065493375,0,0,0,0.019758139921457803
W02000176,0.16666666666666666,0.25898430489379315,0.16666666666666666,0.31435080386038244,0.16666666666666666,0.25107480504142327,0.16666666666666666,0.28271280445090285,0.16666666666666666,0.25898430489379315,0.16666666666666666,0.28271280445090285,0,0,0,0.08054669453305466,0,0
W02000177,0,0.15225371312156866,0,0.2761989469190266,0,0.0833952499007587,0,0.0971669425449207,0,0.2761989469190266,0.25,0.31122812010815426,0,0,0,0,0,0.015561406005407692
W02000178,0.6,0.927604152453102,0.8,0.986632790625324,0.6,0.8055505220585425,1,1,0.6,0.9038045050404712,0.4,0.6925170699225508,0,0,0,0.31558343385166215,0,0
W02000179,0,0,0,0,0,0,0,0,0,0,0,0,0,0,0,0,0,0
W02000180,0.4,0.5977334757327638,0.6,0.607808235433725,0.4,0.5309219114000737,0.6,0.7207381661701423,0.2,0.5438824455228494,0.6,0.8577810671213455,0,0,0,0.029043550492464678,0,0
W02000181,0.25,0.47966093991455316,0.25,0.6129117632662765,0.25,0.43217259969373406,0.25,0.33492864285064994,0.25,0.6127733143140834,0,0.14115150370945298,0,0.08715396502415862,0,0,0,0.029584373448567604
W02000182,0,0.08758840907408527,0,0.10667131003573373,0,0.13595010733585017,0,0.2916648160485602,0,0.058571390117026334,0,0.08758840907408527,0.2,0.6406523597063237,0,0,0,0.3352599950201549
W02000183,0.16666666666666666,0.7066905676395828,0.16666666666666666,0.7192372998378757,0.3333333333333333,0.608675695165423,0.16666666666666666,0.5117624495599118,0.16666666666666666,0.5092768847587825,0.3333333333333333,0.5694807419871221,0.16666666666666666,0.6680850410936485,0,0.05762955878667612,0,0.20563394688255954
W02000184,0,0.2034222147972747,0,0.13937090518180628,0.25,0.26510706451472316,0,0,0.25,0.22536571901738892,0,0.40731183811031857,0,0,0,0.021943504220114176,0,0
W02000185,0,0,0,0,0,0,0,0,0,0,0,0,0,0,0,0.0333127727729803,0,0
W02000186,0.8333333333333334,0.9357380453772374,0.8333333333333334,0.9783165183788225,0.8333333333333334,0.8931595723756522,0.8333333333333334,0.9570272818780298,0.8333333333333334,0.9499308697110991,0.16666666666666666,0.5854621027177748,0,0.0913806967407527,0,0.3572662007844407,0,0
W02000187,0,0,0,0,0,0,0,0,0,0,0,0,0,0,0,0,0,0
W02000188,0,0.3101164640743333,0,0.24646980207471514,0,0.10938935912938329,0,0.24274677019028826,0.25,0.4794294533189079,0,0.07314993954050784,0,0.589765162604213,0,0.12146916565900845,0,0
W02000189,0,0.11178410062278667,0,0.20278422273781901,0.2,0.21345707656612528,0,0,0,0.030895103187202323,0,0,0,0,0,0,0,0
W02000190,0,0,0,0,0,0,0,0,0,0,0,0,0,0,0,0,0,0
W02000191,0,0,0,0,0,0.008043075020610047,0,0,0,0,0,0.12233940426085824,0.3333333333333333,0.6608012973488958,0,0,0,0
W02000192,0.16666666666666666,0.4251040094158586,0.16666666666666666,0.34397205946319365,0.16666666666666666,0.18609625668449198,0,0.19828083821610415,0.16666666666666666,0.4613540413990737,0.6666666666666666,0.8533925236036128,0.3333333333333333,0.44002277204922857,0,0.32218483739733383,0,0.20827316224445408
W02000193,0,0,0,0,0,0,0,0,0,0,0,0,1,1,0,0.010579283259695618,0,0.37763325840374123
W02000194,0,0,0,0,0,0,0,0,0,0,0,0,0,0.07216181974760688,0,0,0,0
W02000195,0,0,0,0,0,0,0,0,0,0,0,0,0,0,0,0,0,0
W02000196,0,0.07452581430524212,0,0.29952116344341717,0.25,0.3787641649074276,0,0,0,0,0,0,0,0,0,0,0,0.03516658173788549
W02000197,0,0,0,0,0,0,0,0,0,0,0,0,0,0,0.25,0.5526170581743655,0,0
W02000198,0,0,0,0,0,0,0,0,0,0,0,0,0,0,0,0,0,0
W02000200,0,0.11978112106269492,0,0,0,0.13350256616685113,0,0.38687380497131924,0,0.2595496628761195,0,0,0,0.0871138170473986,0,0,0,0
W02000201,0,0.23147696368581025,0,0.1393477043673012,0,0.17604583266677326,0,0.4118800991841305,0,0.18092105263157893,0,0,0,0.01884498480243159,0,0.07005879059350503,0.3333333333333333,0.8684870420732682
W02000202,0,0,0,0.050529955890540004,0,0.04218555950494625,0,0.03384116311935248,0,0,0.14285714285714285,0.15991049633848656,0,0,0,0,0,0
W02000203,0,0.012840011699327272,0,0.012840011699327272,0,0.07366111974877232,0,0.020134388325302868,0,0.1344822277982174,0,0,0,0.04447668601160696,0,0.2334839365157556,0,0.11965948800049257
W02000204,0,0,0,0,0,0,0,0,0,0,0,0,0,0,0,0.05566801619433198,0,0
W02000205,0,0.2324206027890238,0,0.1963963112910481,0,0.42591857849752585,0,0.08669005847953214,0,0.3257080521817364,0,0,0,0.05244309491677911,0,0.10698020692757532,0,0.1558924876293297
W02000206,0.6,0.7695865159148422,0.8,0.806646081458609,0.6,0.806646081458609,0.4,0.7066321516185701,0.4,0.7091255929855517,0.2,0.5339249645949898,0,0.23390910005494542,0,0.018783615412594115,0.2,0.47676077047493015
W02000207,0,0,0,0,0,0,0,0,0,0,0,0,0,0,0,0,0,0
W02000208,0,0.14502289377289376,0,0.16491951031424715,0,0.14153966647387697,0.16666666666666666,0.15265567765567767,0,0.14787642182379024,0,0.02031882591093117,0,0.2203860613071139,0,0.40397869674185455,0.16666666666666666,0.15486215538847117
W02000209,0.25,0.7868482850963023,0.25,0.6696971881759192,0.25,0.7294685343495725,0.5,0.8521495519620971,0.75,0.8605783293851066,0,0,0,0.17765320836337417,0,0,0,0.18572407045009784
W02000210,0,0.6591716094422313,0.25,0.6865547191199597,0.25,0.7615652965266192,0.5,0.7381277591065485,0,0.2680075359033105,0,0.04624162788284223,0,0,0,0.23669681560187436,0,0.11803348048568256
W02000211,0.2,0.7036358599217682,0.2,0.5181515953060996,0.4,0.758609441890225,0.4,0.6033631044650101,0.2,0.6126925284134008,0,0.1496655694883279,0,0.23508255222590876,0,0.12672244906036237,0.4,0.6823932559811611
W02000212,0,0.17349530590469542,0,0.2241039612930068,0.2,0.28188361059476436,0,0.20820778837313864,0.2,0.28856338538556003,0,0,0,0,0,0.16264453048980987,0,0
W02000213,0,0,0,0,0,0,0,0,0,0,0,0,0,0,0,0,0,0.13658618665623165
W02000214,0.6666666666666666,0.8138048556738421,0.6666666666666666,0.8214755829582062,0.6666666666666666,0.7907926738207496,0.8333333333333334,0.8602553708958249,0.6666666666666666,0.806134128389478,0,0.08958035542849828,0,0,0,0.13754746869199747,0,0.10627946792396475
W02000215,0.6666666666666666,0.744843236545817,0.5,0.6987092603566234,0.6666666666666666,0.8054912998976458,0.5,0.7108317621074179,0.5,0.7641515380057102,0.3333333333333333,0.4982888003016753,0,0.13526154177665248,0,0.028805958088671,0.3333333333333333,0.4479529170931423
W02000216,0,0.20375773135721784,0,0.13984712335161628,0,0.29153635196639044,0,0.16753632279145758,0,0.1858516162912825,0,0.2509678783988797,0.4,0.5116138114132338,0,0.009340354767184023,0.2,0.5626188878515579
W02000217,0.25,0.2661664850695596,0,0.23631389454734944,0.25,0.2584138677025597,0.25,0.3834490027950163,0.25,0.22697269726972696,0.25,0.1857663397918739,0,0,0,0.029680862823124408,0,0.6519328248614334
W02000218,0.4,0.7753897740537246,0.6,0.7080341410101041,0.6,0.7657675407617788,0.4,0.7256195121225864,0.8,0.873328079345135,0.2,0.17022178273767483,0.2,0.2793622352250169,0,0.12139500821555228,0,0.029646619727734344
W02000219,0,0.44461017335117126,0,0.31909282400159394,0,0.580080270985739,0,0.12171515186018045,0.6,0.7623117759243973,0,0.40314608180808964,0,0.20811035837294695,0,0.06452847912100423,0,0.11923586006660782
W02000220,0,0.34021609031798916,0,0.3728120855303593,0,0.4411309157959434,0,0.3803548668844822,0,0.3635502862873224,0,0,0,0.2944169119787791,0,0.06627794131918609,0.16666666666666666,0.3688254132565587
W02000221,0.2,0.42288339760025295,0.2,0.3032604526275412,0,0.45664809319039823,0.2,0.41365823457762163,0.4,0.8405201246307176,0,0,0.4,0.629173816782078,0,0.039560158547500314,0,0
W02000222,0,0.18495289780872412,0,0.18495289780872412,0,0.2533125127995085,0,0.16191378251075159,0,0.3450030718820397,0,0,0,0,0,0.283935763533347,0,0
W02000223,0,0.10533831007790775,0,0.09226183020616746,0,0.13149126982138828,0,0,0.3333333333333333,0.2760590195145169,0,0,0,0,0,0,0.3333333333333333,0.4576016433277386
W02000224,0.25,0.1805328173835392,0,0.21973233798889244,0,0.17150617651436223,0.25,0.3621524976304431,0.25,0.33415256029641005,0,0,0,0,0,0,0,0.19175981701537664
W02000225,0,0.20631465639340546,0,0.35729335448416516,0,0.32752478613109737,0.16666666666666666,0.14434876210979547,0,0.2831595943572602,0,0.15390402810039092,0,0,0,0,0,0
W02000226,0,0.010580457228263352,0,0.005433207765864959,0,0.010580457228263352,0,0,0,0.12740014336042946,0,0,0,0,0,0,0.16666666666666666,0.3406058249070953
W02000227,0,0.3177713869928277,0,0.38714944042132976,0,0.3267773119434531,0,0.3263282630539482,0.25,0.4206714944042133,0,0,0,0,0,0,0,0
W02000228,0,0,0,0,0,0,0,0,0,0.011121773342289592,0,0,0,0,0,0.5454370981671625,0,0
W02000229,0,0.11073710978017197,0,0.2200864924549135,0,0.14201952353866226,0,0,0,0.44191496302740313,0,0,0,0,0,0,0,0.09485436811991835
W02000230,0,0,0,0,0,0,0,0,0,0,0,0,0,0,0,0,0,0
W02000231,0.2,0.5453241406553795,0.2,0.45569799954324647,0.4,0.5438427780486751,0.2,0.27158314456247334,0,0.44421682210686786,0.2,0.6086746125310931,0.2,0.3723167276700018,0,0.21570028331059846,0,0.15751884108065398
W02000232,0,0,0,0,0,0,0,0,0,0,0,0,0,0,0,0,0,0
W02000233,0.25,0.19086357947434293,0.25,0.19086357947434293,0.25,0.19086357947434293,0,0.10899314933140107,0.25,0.19086357947434293,0,0,0,0,0,0.10899314933140107,0,0.15164185495026675
W02000234,0,0.06579492748812019,0,0.05925178552797562,0,0.1181400631692766,0,0,0.14285714285714285,0.13813299693638492,0,0,0,0,0,0,0,0.0614162343143857
W02000235,0,0.02969043343997284,0,0.03940730256578215,0,0.18516033945292165,0,0,0,0.019973564314163555,0,0.03940730256578215,0,0.13657599382387517,0,0,0,0
W02000236,0,0.047037339469972524,0,0.05495397520599807,0,0.2303002746640932,0,0,0,0.022343923984856347,0,0.18621631653180906,0,0.08183208373543165,0,0.050749387573305604,0.25,0.244851904090268
W02000237,0,0,0,0,0,0,0,0,0,0,0,0,0,0,0.3333333333333333,0.6891103773338328,0,0
W02000238,0,0,0,0,0,0,0,0,0,0,0,0,0,0,0,0.4209321043643108,0,0
W02000239,0,0,0,0,0,0,0,0,0,0,0,0,0,0,0.5,0.6753876463809321,0,0
W02000240,0,0,0,0,0,0,0,0,0,0,0,0.01072714993246284,0,0.23639185762695797,0,0,0,0
W02000241,0,0,0,0,0,0,0,0,0,0,0,0,0,0.13418381731040316,0,0,0,0.017695952596461537
W02000242,0,0,0,0,0,0,0,0,0,0,0,0,0,0,0,0.009073407030182574,0.4,0.5489210232138537
W02000243,0.3333333333333333,0.5934379738599814,0.6666666666666666,0.6511813378526567,0.3333333333333333,0.5352604295106224,0.5,0.6253967962474225,0.3333333333333333,0.47767316057065196,0,0.2959716982617045,0,0.09188358194859093,0,0,0.16666666666666666,0.19779997796305138
W02000244,0,0,0,0.041555324847281146,0,0,0,0,0,0,0,0,0,0,0,0,0,0
W02000245,0,0.2889105233202528,0.2,0.2592217595782284,0,0.2970973249857712,0,0.16027618847916603,0.2,0.19042027379204984,0,0.2512686097714405,0.2,0.13204325554923166,0,0,0.2,0.36277446604559205
W02000246,0,0,0,0,0,0,0,0,0,0,0,0,0,0,0,0,0,0.056814389289550384
W02000247,0,0,0,0.016269731701728924,0,0,0,0,0,0,0,0,0,0,0,0.05715041034889935,0,0.06913718048889383
W02000248,0,0.3792082103204495,0,0.428467325750593,0,0.4018333793413215,0,0.18795167757601838,0,0.36053707697994203,0.2857142857142857,0.647482817186089,0.42857142857142855,0.7220992743214601,0,0,0,0.22327973012805816
W02000249,0.16666666666666666,0.2207340495255464,0,0.30545065967571877,0.16666666666666666,0.27668366910779923,0,0.11714786424643088,0.16666666666666666,0.20208417633146208,0,0.047142735018379726,0.16666666666666666,0.1547915538711424,0,0,0.16666666666666666,0.17433676231727124
W02000250,0,0,0,0,0,0,0,0,0,0,0,0,0,0,0,0,0,0
W02000251,0,0.21649394623435253,0,0.21649394623435253,0.2,0.22788836445721322,0,0.14093096223011867,0,0.2056992342337477,0,0.4650971518679728,0,0,0,0,0,0.2056992342337477
W02000252,0.5,0.47366720516962846,0.5,0.47366720516962846,0.5,0.49536604030269527,0.3333333333333333,0.5455171045546013,0.5,0.5186475072981322,0,0.11684578975710679,0,0,0,0.3146532324348837,0,0.1791545503500269
W02000253,0,0.09926501647376866,0,0.1647499750397444,0,0.29812951684625244,0,0.14249041910189159,0,0.13167571635933548,0,0.2510506347584999,0.25,0.40458846298586093,0,0.02710914159760995,0.25,0.39461242483123027
W02000254,0,0.24762457448752392,0,0.18272064048510114,0,0.328989327504179,0,0.16286079735793124,0,0.21290072616284184,0.2,0.26596170895285015,0.2,0.22836569371222837,0,0,0,0.2634269066004345
W02000255,0,0.3358962568877066,0,0.2477602128063842,0,0.35352346570397114,0,0.10674254227626824,0.25,0.37212996389891695,0,0.12303401102033058,0,0,0,0.2653874216226486,0.25,0.5828272848185445
W02000256,0,0.5365173053792874,0.16666666666666666,0.5868734706150719,0.16666666666666666,0.623925542283605,0,0.389130220646178,0,0.39364035087719285,0,0.062088362158350945,0.3333333333333333,0.40097154825598275,0,0,0,0.2650170046866575
W02000257,0.2,0.4339303217558065,0.2,0.3244736842105263,0.4,0.6812930605866894,0.2,0.19716599190283401,0.2,0.5285279494282265,0,0.10007244832729596,0,0.18444136657433055,0,0.0773353931387172,0,0
W02000258,0.25,0.7011811129666541,0.25,0.6263144427086139,0.5,0.8130865161881161,0.5,0.6282650074521,0,0.6717839250121208,0,0,0,0.5829082044928082,0,0.11549183860367394,0.25,0.5538297509382464
W02000259,0.25,0.684532065457762,0.25,0.6575280849181777,0.5,0.7531676249447147,0.5,0.6929420610349403,0.25,0.8477341884122069,0,0,0,0.3842905793896505,0,0.150187969924812,0,0
W02000260,0.5,0.6060305105281515,0.5,0.5751014263947276,0.5,0.8085404695904393,0.25,0.48587419455510067,0.5,0.6163402052392929,0,0.17159464321774087,0.25,0.39622244047509775,0,0.02367136012336386,0,0
W02000261,0,0.10636321332521263,0,0.10531619322653268,0,0.25009238412635404,0,0.04834598197483043,0,0.15524981352093012,0,0.06356575354652393,0,0.1973256506237639,0,0,0.4,0.5173476859487165
W02000262,0.25,0.2849746934879234,0,0.2338958107530303,0.25,0.3222662503604562,0,0.28234709198842556,0,0.2930344944166575,0.25,0.20196485924806348,0,0.4090044447979953,0,0,0.5,0.9509988365964979
W02000263,0.25,0.3130091286441612,0.25,0.32626674125239163,0.25,0.2592421441774492,0.25,0.2592421441774492,0.25,0.4853580925511561,0,0.0989213444887635,0,0.3527154878879268,0,0.1480409086487012,0,0
W02000264,0.5,0.7502532928064843,0.5,0.6621469453776284,0.5,0.7203456335875149,0.5,0.6509478483442649,0.5,0.7328329689471906,0.25,0.36572059581578065,0.5,0.97693346842283,0,0.13084795321637424,0,0.1317553635862706
W02000265,0.42857142857142855,0.5038019922655899,0.42857142857142855,0.5032882634027988,0.42857142857142855,0.4968777587296886,0,0.5217554491140739,0.2857142857142857,0.5641975976625906,0,0.2835034371992094,0,0.42521713872387923,0,0.07403106294032884,0.14285714285714285,0.39349466621862517
W02000266,0.2,0.42990575517133844,0.2,0.4086195904507813,0.2,0.4873154083365094,0.2,0.47248362842590347,0.2,0.5421430303870275,0,0,0,0.14774436090225562,0,0.30743217490731434,0,0.03819340979176049
W02000267,0.25,0.28981738913199395,0.25,0.25628863154671244,0,0.30744707427733314,0,0.3576803745698652,0,0.2870387383249119,0,0,0.5,0.6641962623600803,0,0,0.25,0.39072439942299475
W02000268,0.16666666666666666,0.24674927675433803,0.16666666666666666,0.2309408232634915,0.16666666666666666,0.22303659651806818,0.16666666666666666,0.2309408232634915,0.16666666666666666,0.29555901281999664,0,0.0075620150803190804,0,0.13659651806820072,0,0.14452720151378334,0,0.42964933369375796
W02000269,0.16666666666666666,0.3909186961316436,0.16666666666666666,0.35515534417220623,0.16666666666666666,0.40001201352908194,0.16666666666666666,0.4357956960761965,0.16666666666666666,0.4644969411706722,0,0.1070728882372148,0.16666666666666666,0.49212559374557185,0,0,0,0.2522280475858967
W02000270,0,0.028639279205358602,0,0,0,0,0,0.09424926429399835,0,0.09247252443806261,0.2,0.19787138360065956,0.2,0.3440046864275063,0,0,0.2,0.38039432263765394
W02000271,0.5,0.5163704183348685,0.5,0.49164789464564196,0.5,0.6152605130917747,0.5,0.5410929420240951,0.5,0.49162190261653094,0,0.1235788744083393,0,0,0,0.09805606982279819,0,0.01304799861375843
W02000272,0,0.12864871579370238,0,0.15509929539123493,0,0.08486491915235513,0,0.14883393328153163,0,0.2044866610636262,0.14285714285714285,0.3158679691092751,0,0.15962348625405026,0,0.11677397017702434,0,0.15337503898341812
W02000273,0.16666666666666666,0.39991484235450503,0.16666666666666666,0.3388022888713496,0.16666666666666666,0.3798290616042869,0.3333333333333333,0.8458127362605408,0.3333333333333333,0.5377762430939226,0,0.20681209238566028,0.16666666666666666,0.501035651975242,0,0.28755581979811407,0,0.2766953641008599
W02000274,0.3333333333333333,0.36245864954271256,0,0.3206370786862076,0.3333333333333333,0.36931181573314487,0.3333333333333333,0.3552247518972563,0.3333333333333333,0.4204811503364365,0,0,0,0.014087063835888607,0,0.0714971169897891,0,0.022545600721008578
W02000275,0.25,0.26675558519506504,0.25,0.32185289833453257,0.25,0.3000561590705673,0,0.3085151190747793,0.25,0.2782594198066022,0,0.153419560906267,0,0,0,0.23726505326336844,0,0
W02000276,0,0.09135533347672858,0,0.21784733367527584,0,0.09135533347672858,0,0,0,0.1274959049620278,0,0.019074190506130122,0,0,0,0,0,0.10453928754612088
W02000277,0.25,0.1874483897605285,0.25,0.1874483897605285,0.25,0.1874483897605285,0.25,0.1874483897605285,0.25,0.1874483897605285,0,0,0,0.07074333231923738,0,0,0,0.35391368594897643
W02000278,0,0,0,0,0,0,0,0,0,0,0,0,0,0,0,0,0,0
W02000279,0.16666666666666666,0.13321799307958476,0.16666666666666666,0.13321799307958476,0.16666666666666666,0.16956415693212268,0.16666666666666666,0.22891452246533286,0.16666666666666666,0.22899647475089105,0,0.031902203605900556,0,0.05762351380180555,0,0,0,0.07034725654967867
W02000280,0,0,0,0.024690038477982026,0,0.024690038477982026,0,0,0,0.11357417699871739,0,0,0,0,0,0,0.25,0.3191534843950406
W02000281,0,0.07554701360141926,0,0.056790513672791025,0,0.18808601317318868,0,0,0,0.15995126328024634,0,0.08717925188795311,0,0,0,0,0,0.1387793388935337
W02000282,0,0.0959594316563209,0,0.11283828934179752,0,0.11283828934179752,0,0.0622017162853676,0.16666666666666666,0.1261151019044437,0,0,0,0,0,0,0,0.07463841067754583
W02000284,0.16666666666666666,0.27011420937655695,0,0.18549332866129745,0.16666666666666666,0.26122985868916543,0,0.15651447874862437,0.3333333333333333,0.494996359097056,0,0.2577310330856789,0.16666666666666666,0.5712275591715166,0,0.023593324828768043,0.16666666666666666,0.16300842608967023
W02000285,0,0,0,0,0,0.013420083803618567,0,0,0,0,0,0.18077633395499793,0,0.04606353089350158,0,0,0.2,0.13782788771283938
W02000286,0.5,0.6566906388678935,0.5,0.4864211574008247,0.5,0.7540003143077372,0,0.26460969714204463,0.5,0.560772523516954,0.25,0.7540901165183682,0.5,0.476183705388881,0,0.3216408360585809,0,0.39549791584036154
W02000287,0,0.06428340463635458,0,0.05517237090836731,0,0.05517237090836731,0,0,0,0.12806064073226545,0,0,0,0.12542222166948558,0,0.19273890657646006,0.25,0.4095991692368918
W02000288,0.16666666666666666,0.3233391762183718,0.16666666666666666,0.18348201195076336,0.16666666666666666,0.29531352834233654,0.16666666666666666,0.4308302326945257,0.16666666666666666,0.2726122909105126,0,0.08184252881802125,0.6666666666666666,0.7848272873591681,0,0.17949147351478859,0.3333333333333333,0.4029824778611131
W02000289,0,0.01798908328513591,0,0,0,0.08060596202043567,0,0.1640115914786967,0,0.3054987227684596,0,0,0,0.12753096684017734,0,0,0,0.01798908328513591
W02000290,0.3333333333333333,0.7338237908961592,0.3333333333333333,0.6059130512091038,0.6666666666666666,0.9085499644381223,0.3333333333333333,0.6947641062114747,0.5,0.7119324917022285,0.6666666666666666,0.8136270151730678,0,0.06459163110478898,0,0.03643403271692743,0,0.2229394855381697
W02000291,0.4,0.5719878089104213,0.2,0.44985372130134127,0.4,0.5313147831337426,0.4,0.5411416926637819,0.6,0.6232209347460429,0.4,0.622663853706925,0,0.6209124628013627,0,0.23506591526617687,0,0
W02000292,0.3333333333333333,0.6446692323694612,0.3333333333333333,0.5084226128562512,0.3333333333333333,0.880785833159975,0,0.5411851639969488,0,0.6101050551279383,0.3333333333333333,0.674672352818806,0.3333333333333333,0.4324392379169267,0,0,0,0
W02000293,0.25,0.3685028766247603,0.25,0.23838056680161943,0.25,0.5075197102066907,0.25,0.4167462177711485,0.25,0.4736415938632005,0.5,0.8914101853824845,0.25,0.31180524184956315,0,0.1474195610483699,0,0
W02000294,0,0.25169222633527233,0.25,0.26493918561607616,0,0.26493918561607616,0.25,0.26493918561607616,0,0.21404297364246153,0,0.14887834339948228,0.25,0.3366310408490819,0,0.18014927588670246,0,0
W02000295,0,0.13249438531393418,0,0.11047993360023432,0,0.13983253588516745,0.16666666666666666,0.1549165120593692,0,0.09580363245776778,0,0.007745825602968451,0,0.03249275786869771,0,0.051774729030368116,0.16666666666666666,0.13974248391541624
W02000296,0,0.3878754424463119,0,0.4168088835746264,0,0.4808207591393612,0.2,0.515229664454152,0,0.26739077265902583,0.2,0.484283219990081,0,0.22625498495173002,0,0,0,0
W02000297,0,0.2793591473753417,0,0.2429966434824734,0,0.26013322260285815,0,0.3335727879857434,0,0.4505349666078411,0.2,0.34233399079552923,0,0,0,0,0,0.06548807917228966
W02000298,0,0.12131471535982813,0,0.18163694951664874,0,0.1575080558539205,0,0.21783029001074114,0,0,0.25,0.5039455782312925,0,0,0,0,0,0
W02000299,0,0.23089686098654705,0,0.20787113523719614,0,0.20787113523719614,0,0.2430493273542601,0.25,0.2430493273542601,0,0.21106679254189284,0,0.08760915742270474,0,0.17333254661316966,0,0.17461411375973562
W02000300,0,0.08377488711315603,0,0.17260673772317328,0,0.13697242991226027,0,0.023340349245585475,0,0.14853338880798833,0.2,0.28535591478114025,0,0,0,0.056021243529656484,0,0
W02000301,0.25,0.23339916070106145,0.25,0.23339916070106145,0.25,0.28276513921189045,0.25,0.33134443737088953,0.25,0.32052839454845455,0,0.17159343372006908,0,0.09805571074068781,0,0,0,0
W02000302,0,0.014134431232781308,0,0.055391689966305134,0,0.007258221443860663,0,0.041639270388463843,0,0,0.16666666666666666,0.28067947890742617,0,0.09959801722637006,0,0,0.16666666666666666,0.2010182710132014
W02000303,0,0,0,0,0,0.010681880670882582,0,0.12490304328321489,0,0,0,0.1889639378898166,0,0.3396350375526388,0,0,0,0
W02000304,0,0,0,0,0,0.028017646208864638,0,0,0,0.1860374598128815,0,0,0,0.22652846512299965,0,0,0,0
W02000305,0,0.09079240603897515,0,0.09791635248579901,0,0.11067125789641247,0,0.13035489870808825,0,0.19484910940196717,0,0.20931232091690538,0,0,0,0.1087292012265621,0,0.09693275691616815
W02000306,0,0,0,0,0,0,0,0.03477846013297466,0,0.08553621275947823,0,0.393014261787545,0,0,0,0,0,0.5607750088818961
W02000307,0,0.30904692286271235,0,0.47322472848788627,0,0.3112708468702621,0,0.3152460626875831,0,0.4536967418546365,0,0,0.25,0.5527646276184288,0,0,0,0
W02000308,0.16666666666666666,0.28509098023870083,0.16666666666666666,0.31825819742884437,0.16666666666666666,0.30968154039154305,0.16666666666666666,0.3793265966139929,0.16666666666666666,0.302627550726806,0,0,0,0.039222783615500585,0,0.023294624051929502,0,0.10441090151576184
W02000309,0,0.19878530660032195,0,0.2483096736426167,0,0.23592858188204302,0,0.13687984779745352,0,0.23592858188204302,0,0,0,0,0,0,0,0
W02000310,0.25,0.2712979890310786,0.25,0.2712979890310786,0.25,0.2712979890310786,0.25,0.2712979890310786,0.25,0.2712979890310786,0,0.3061286442798037,0,0,0.25,0.34997786972000383,0,0.1526325411334552
W02000311,0.3333333333333333,0.46301889818502573,0.3333333333333333,0.4387693459143033,0.3333333333333333,0.41451979364358077,0.5,0.47963433214829865,0.16666666666666666,0.33440084467135334,0.3333333333333333,0.5568661623586645,0,0.12789286573467695,0,0.0779714522466654,0.5,0.819826788912352
W02000312,0,0.21164088745800672,0,0.24809945408734602,0,0.1837905935050392,0,0.19341160414333705,0,0.20146171612541988,0,0.05653065509518474,0,0,0,0.02092385218365061,0.2,0.4775605403135498
W02000313,0,0,0,0,0,0,0,0,0,0,0,0.14955910590320512,0,0.07649647974004233,0,0,0.16666666666666666,0.12722170252572498
W02000314,0,0.40566887832870074,0,0.41740824591290826,0,0.4277911025434113,0.2,0.5203779252219134,0.2,0.3993973968140112,0,0.18667174751188015,0,0,0,0.15602117516961056,0,0.0952766819092023
W02000315,0,0.2629933617828354,0,0.2000962541488857,0,0.4446405879563774,0,0.28486486486486484,0,0.3257719298245614,0.25,0.49062399241346605,0,0.09520483641536272,0,0.08171123755334278,0,0.02471929824561403
W02000316,0.2,0.4984238790872036,0.2,0.44652345958168455,0.4,0.5499691321293624,0.2,0.2940689060129124,0.4,0.4400296777840588,0.4,0.5408869120228496,0,0.11366219392460801,0,0.35524158757549607,0,0.2035940614679718
W02000317,0.2,0.3262026429943191,0.2,0.3273848054686346,0.2,0.4127180671761056,0.2,0.26256295241804434,0.2,0.34789621412551536,0.4,0.48411618162528036,0,0.21614435744886581,0,0.19455654637998415,0,0
W02000318,0.16666666666666666,0.5496655054584183,0.16666666666666666,0.42047572557024937,0.16666666666666666,0.5332378295020856,0.16666666666666666,0.6301588710393182,0.5,0.6858624744830034,0.3333333333333333,0.7209314258453892,0,0.1413050834294843,0,0.02438537321381022,0,0.020504016153368235
W02000319,0.2,0.3773733987788818,0.2,0.387405722494912,0.4,0.40824790336910155,0.2,0.18675924817430864,0.2,0.30133894535212685,0.6,0.5952932132798175,0,0.26668168385767477,0,0.0978028694386511,0,0.20064647432060337
W02000320,0.16666666666666666,0.3507621156852527,0.16666666666666666,0.2893927268666716,0.16666666666666666,0.3856156480309685,0.16666666666666666,0.2972037147323755,0,0.2228420680413906,0.3333333333333333,0.6293509144147497,0.16666666666666666,0.3893362738529492,0,0.259169582371771,0,0.1541865182758877
W02000321,0.16666666666666666,0.45153077629094396,0,0.21367585073981185,0.3333333333333333,0.45943311293896183,0.16666666666666666,0.5433738461448523,0,0.3194408881250109,0.16666666666666666,0.692773461477753,0.3333333333333333,0.6146769790186897,0,0.08406291470094761,0,0.11224533342686939
W02000322,0,0.713142912790088,0,0.5479130148171453,0.4,0.7498389440723928,0.2,0.5342790687221898,0.2,0.4829273225762955,0,0.3722354562751883,0.4,0.46511828246962406,0,0.3032570752243546,0,0.1580823857252011
W02000323,0,0.30143815055307205,0,0.23231311384474823,0,0.34036039416582364,0.25,0.4854431102554899,0,0.13376186902470064,0.25,0.6457426501778314,0,0.3930645740202956,0,0,0,0.2767285541814859
W02000324,0,0.469852549108825,0.2,0.4019064106301144,0,0.43545397669508085,0,0.3702848063018548,0.4,0.5118828071123371,0.2,0.4247353491116688,0,0.01721670446547274,0,0.13684032788983128,0.2,0.20424152370660542
W02000325,0.25,0.6995689328155928,0.25,0.5909586244473718,0.25,0.6342488050817648,0.5,0.785011276717544,0.25,0.6734172937257309,0.75,0.9459507272965536,0,0.032831801033181805,0,0.03681486181710334,0,0.2923697659822469
W02000326,0,0.3122058500109962,0,0.12606403296563376,0,0.32523757711851653,0.16666666666666666,0.3103011818087113,0,0.24772030141330892,0.16666666666666666,0.5934091882444179,0,0.54808607178822355,0,0.19903898463995923,0,0.13420502818515387
W02000327,0,0,0,0,0,0,0,0,0,0,0,0,0,0,0,0,0,0.010580175913396469
W02000328,0,0.03502207353245498,0,0.026386493757329082,0,0.05229323308270675,0,0,0,0.10410671173346207,0,0.06259329516451678,0,0.1335652203904256,0,0.13001345105883974,0,0
W02000329,0.2,0.17772542860882085,0.2,0.17772542860882085,0.2,0.20880946968914235,0,0.10990914663966551,0.2,0.2800201819822426,0.2,0.34565536337900105,0,0.013309776207302691,0,0.034141990232747145,0.2,0.4381232822928936
W02000330,0,0,0,0,0,0,0,0,0,0,0,0,0,0,0,0,0.25,0.48476305651304924
W02000331,0.2,0.7418471501982776,0.4,0.8383978224652133,0,0.5751249501372692,0.6,0.9410771132020868,0.2,0.727985702106358,0,0.633163604508373,0,0,0,0,0,0
W02000332,0,0.5127909261221311,0,0.4633697963078607,0.2,0.5105852552992933,0.2,0.44127975919000273,0,0.5842694658256091,0.4,0.7740203060644545,0,0.05101705737480616,0,0,0,0.13752131294774728
W02000333,0,0.14286911250305048,0,0.22909867404213777,0,0.11802082485967622,0,0.1836337753192874,0,0.21318229886927517,0,0.5373257138208737,0,0,0,0,0,0.055905393313267694
W02000334,0,0,0,0,0,0,0,0,0,0,0,0.03543548449838564,0,0,0,0,0,0
W02000335,0,0,0,0,0,0,0,0,0,0,0,0,0,0.10995593471287057,0,0,0.25,0.2584474918038566
W02000336,0,0,0,0,0,0,0,0,0,0,0.2,0.2224751407691386,0,0.17340677079064018,0.4,0.46306898791245515,0,0.21558549242400352
W02000337,0,0.1090268719019045,0,0.17805896164883903,0,0.21445034121960257,0,0,0,0.17558048525958775,0,0.11888859900860943,0,0,0,0.17112506350666645,0,0
W02000338,0,0,0,0,0,0,0,0,0,0,0,0,0,0,0.2,0.6162398466397139,0,0.08029049977266303
W02000339,0,0.051126752674520624,0,0.04548085360616866,0,0.06806444987957655,0,0.07293763185900187,0,0.011605459196056827,0,0.008416105001773668,0,0.096120778178152,0,0.3091780866675379,0.16666666666666666,0.5987068482664625
W02000340,0,0,0,0,0,0.08777493974169874,0,0,0,0,0,0,0.2,0.3469712558909234,0.8,1,0,0
W02000341,0,0,0,0,0,0,0,0,0,0,0,0,0,0.05274630216992532,0.5,0.6072677468236392,0.16666666666666666,0.3458819271047417
W02000342,0,0,0,0,0,0,0,0,0,0,0,0,0,0.25206388766717164,0.6666666666666666,0.6053853296193129,0,0
W02000343,0,0.0653046126002739,0,0.12083924378790842,0,0,0,0.0838161563294854,0,0.1671181031109372,0,0.19374572001565252,0,0.011326672862453516,0,0.01902575327724515,0,0.15094465368812363
W02000344,0,0,0,0,0,0,0,0,0,0,0,0,0,0,0.25,0.7160071719661593,0,0.13177434938251723
W02000345,0,0,0,0,0,0,0,0.0874430953558105,0,0.06850998118695542,0,0,0,0,0,0,0.2,0.489894890942129
W02000346,0,0,0,0,0,0,0,0,0,0,0,0,0,0,0,0,0,0.7754281976451645
W02000347,0,0.013189347871671206,0,0.09018662193331936,0,0.07735374292304466,0,0,0,0,0.16666666666666666,0.18076387150887113,0,0,0,0,0.5,0.6319181677365242
W02000348,0.2,0.24505676744482716,0.2,0.24505676744482716,0.2,0.24505676744482716,0.2,0.24505676744482716,0.2,0.24505676744482716,0,0.23280392907258576,0,0,0,0.07029259908285829,0,0.24939069833021124
W02000349,0.5,0.7903618911774714,0.5,0.6842893689968331,0.6666666666666666,0.7302036169488864,0.8333333333333334,0.9268117459237352,0.3333333333333333,0.8926640320343374,0.8333333333333334,0.9340901358318721,0,0,0,0.16072325891805592,0,0
W02000350,0,0,0,0,0,0,0,0.08733987511150758,0,0,0,0.23004846862920011,0,0,0.2,0.4231412429378531,0.2,0.5703389830508474
W02000351,0,0.3383533303963996,0.25,0.3627393816890823,0.25,0.3999391018165798,0,0.25259529917852236,0,0.08370347335596498,0.25,0.4856530790294297,0,0,0,0,0.5,0.8372593226048874
W02000352,0.4,0.43650922509225093,0.4,0.5053699747523791,0,0.3457886968343367,0,0.11758632744222176,0,0.3128440473878423,0.4,0.4725282579141581,0,0.5005834142551951,0,0.3234725189357156,0.6,0.896045445717615
W02000353,0,0.16266927363523712,0,0,0,0.023789577567208585,0,0.19738919765224425,0,0,0.2,0.4576613711071701,0.2,0.49935815147625157,0,0,1,1
W02000354,0,0.15682530311974932,0,0.26628309341083506,0,0,0.25,0.2355478861087144,0,0.14770264747286677,0.25,0.2355478861087144,0,0,0,0,1,1
W02000355,0,0,0,0,0,0,0,0,0,0,0,0,0,0,0,0,0,0.489986425752287
W02000356,1,1,1,1,0.25,0.8836408333905806,1,1,0.25,0.55433378804086475,0.75,0.7620734663434645,0,0,0,0.2776406567416116,0.25,0.6673238662571027
W02000357,0.4,0.4340968832144198,0,0.38718105816550386,0,0.20408719884578133,0.2,0.3222569190531718,0.2,0.3451581450810654,0.4,0.4340968832144198,0.4,0.8772229578828784,0,0,1,1
W02000358,0,0,0,0,0,0,0,0,0,0,0.25,0.22393458090894794,0,0,0,0,0,0.4291406295263241
W02000359,0.4,0.5598859020178029,0.2,0.4957719372239117,0,0.24459077892960995,0,0.6397098714732846,0.4,0.3477857444116407,0.6,0.7889764478678771,0.6,0.9066416568625275,0,0,1,1
W02000360,0.25,0.5645156113335633,0,0.45537268999606806,0.25,0.5558493351842787,0,0.22067789537878849,0,0.23612352653244634,0.75,0.8149047913273043,0.75,0.821785654103241,0,0.03850675247349962,0,0.5904362025661807
W02000361,0.42857142857142855,0.5093825070976196,0.2857142857142857,0.5116908258717333,0,0.25678960107738225,0.5714285714285714,0.6521572668704957,0.2857142857142857,0.40849826199315714,0.7142857142857143,0.905003594307345,0,0.12616769491155272,0,0.19398203756278662,0.5714285714285714,0.9914159751037345
W02000362,0,0,0,0,0,0,0,0,0,0.03211168265984142,0,0,0,0,0,0,0,0.495111174101895
W02000363,0,0.18028914542072436,0,0.2921171171171171,0,0.2572505197505197,0,0.10078053762264284,0,0.18028914542072436,0,0.29325828865302545,0,0,0,0.026366396761133594,0,0.046661742714374274
W02000364,0.75,0.9610947106542791,0.75,0.9483620705047704,0.5,0.6032588964211955,0.5,0.9142571882607117,0.75,0.9483620705047704,1,1,0.75,0.9504359677889738,0,0.45784087324496914,0.5,0.8931417654165947
W02000365,0.5,0.4266178266178266,0.5,0.4266178266178266,0.25,0.3192593663646295,0.5,0.6268890174153331,0.5,0.4266178266178266,0.5,0.8361487050960735,0,0,0,0.254905211747317,0.5,0.8449264186106291
W02000366,0,0,0,0,0,0,0,0,0,0,0,0,0,0,0.2,0.2503698741295692,0.8,0.902285922766759
W02000367,0,0,0,0,0,0,0,0,0,0,0,0,0,0,0,0,0.25,0.6632906517326373
W02000368,0,0,0,0,0,0,0,0,0,0,0,0,0,0,0,0,0,0.18968522738621604
W02000369,0,0,0,0,0,0,0,0,0,0,0,0,0,0,0,0,0.25,0.6152653867701185
W02000370,0,0,0,0,0,0,0,0,0,0,0,0,0,0,0,0,0.25,0.6441828675577157
W02000371,0,0,0,0.08418670740521712,0,0.08835529053595285,0,0,0,0.08444762029918741,0,0,0,0.02333979455505178,0,0,0,0.1574369757101868
W02000372,0,0,0,0,0,0,0,0,0,0,0,0,0,0,0,0,0,0.40715838649981234
W02000373,0.5,0.49551764025448236,0.5,0.49551764025448236,0,0.45952406319442324,0.5,0.49551764025448236,0.5,0.49551764025448236,0,0.42461416699643845,0,0.022877918480411548,0,0,0.75,0.9624554808072814
W02000374,0,0,0,0,0,0,0,0,0,0,0,0,0,0,0,0,0.25,0.6578046507499777
W02000375,0.25,0.2077939773811146,0.25,0.46906576975208153,0.25,0.22741517917972473,0.25,0.2077939773811146,0.25,0.3516297215309701,0.25,0.2077939773811146,0,0.04976118932021428,0,0,0.5,0.9099755452126705
W02000376,0,0.14986169258373203,0,0.08098908492822965,0.25,0.24232954545454546,0,0,0,0.1383829246411483,0,0.03507401315789471,0,0,0,0.012116477272727256,0,0.36147577751196164
W02000377,0,0.145247150982017,0,0.20302502319585802,0,0,0,0.10191374682163623,0,0,0,0.3083512171628101,0,0,0,0.20302502319585802,0.75,0.835633795833953
W02000378,0,0,0,0,0,0,0,0,0,0,0,0,0,0,0,0,0,0.6911563425991251
W02000379,1,1,1,1,0.75,0.9438879979264875,0.5,0.9297836581296269,1,1,0.75,0.7414589104339797,0,0,0,0.136927556657109,0.25,0.5883170530203624
W02000380,0,0,0,0,0,0,0,0,0,0,0,0.016137529460695944,0,0,0,0,0,0.009961181200609997
W02000381,0,0.42857627904004086,0,0.4599826638545361,0,0.09910163614865942,0.5,0.6531612501198351,0,0.4877005240788674,0,0.4362956571757261,0,0.03759027578052597,0,0,0,0.5808455565142363
W02000382,0.75,0.9231392490889059,0.75,0.94852445122468,0.5,0.806974319857615,0.75,0.8977540469531317,0.5,0.8436490380540724,0.5,0.9556420035596236,0,0.12080981439105007,0,0.0500928044749555,0.25,0.7572857869310958
W02000383,0.2,0.4639474046537243,0.4,0.5669568903671819,0.2,0.27592411429233965,0.2,0.30331637644296616,0.2,0.44458285325043295,0,0.21895910780669145,0,0.09150126452024317,0,0,0,0.6256407747994521
W02000384,0,0,0,0,0,0,0,0,0,0,0.25,0.19082504796790511,0,0,0,0,0,0.3100943751319691
W02000385,0,0,0,0,0,0,0,0,0,0,0,0,0,0,0,0,0,0.5014990398711568
W02000386,0,0,0,0,0,0,0,0,0,0,0,0,0,0,0,0,0,0.5108712942158947
W02000387,0,0,0,0,0,0,0,0,0,0,0,0,0,0,0,0,0.5,0.898335963768613
W02000388,0,0.08695830949656748,0,0.18555670766590387,0,0.04998391018306634,0,0.23568810783752858,0,0.0130095108695652,0,0.09928310926773455,0,0.037806600400457635,0,0,0.5,0.7287288150743707
W02000389,0.16666666666666666,0.3695166351652612,0.3333333333333333,0.4317052558883396,0.16666666666666666,0.3055191068139963,0,0.16569375787535134,0,0.30962791993796646,0,0.13608061936609475,0,0.30199246389454293,0,0.041207776000775416,0.6666666666666666,0.9674429945720655
W02000390,0,0,0,0,0,0,0,0,0,0,0,0,0,0,0,0,0.25,0.6731660294476531
W02000391,0,0,0,0,0,0,0,0,0,0,0,0.03664717348927875,1,1,0,0.04692072060493111,0.25,0.96116359274254
W02000392,0,0,0,0,0,0,0,0,0,0,0,0,0,0,0,0,0,0.46915196441808743
W02000393,0.25,0.2916063893911995,0.25,0.37647362076076263,0.25,0.2793851717902351,0,0.25610862599536816,0,0.219732876495035,0,0.17277767202817168,0,0.09326718695472858,0,0.11984153421528503,0,0
W02000394,0,0,0,0,0,0,0,0.0374501869732656,0,0,0,0,1,1,0,0,0.8,0.9659108667745716
W02000395,0,0,0,0,0,0,0,0,0,0,0,0.31411073350325686,0.25,0.2323350325686774,0,0,1,1
W02000396,0,0,0,0,0,0,0,0,0,0,0,0.08141281405324433,1,1,0,0.04093109552665621,0.6,0.9410502485190985
W02000397,0.25,0.4641192917054986,0.5,0.501708605156881,0.5,0.501708605156881,0,0.20697421559490525,0.25,0.42721342031686854,0,0.10980077173362107,0,0,0,0.05795278036657346,0.25,0.37456916989584865
W02000398,0,0,0,0,0,0,0.3333333333333333,0.7619458931576869,0,0,0.3333333333333333,0.2578760363205685,0.8333333333333334,0.9064701726681488,0,0.3695578365574417,0.8333333333333334,0.842344837617138
W02000399,0.16666666666666666,0.3399780489049976,0.16666666666666666,0.21579074991066413,0.16666666666666666,0.25353387105007913,0.16666666666666666,0.1832541222114452,0.16666666666666666,0.2912769921894941,0.16666666666666666,0.40275052325284594,0.8333333333333334,0.8072744907856451,0,0.049800908673234966,1,1
W02000400,0,0,0,0,0,0,0,0,0,0,0,0.23699569629249415,0.5,0.8536964504283966,0,0,1,1
W02000401,0,0,0,0,0,0,0,0,0,0,0,0,0,0.418934616661135,0,0,0.75,0.8733724037940853
W02000402,0.6,0.8166794543718694,0.2,0.6223962125142226,0.2,0.27673495010615246,0.4,0.8650727809335315,0.4,0.6035601407228831,0.4,0.7533319237794642,1,1,0,0.23608901114710074,1,1
W02000403,0.5,0.5588006153932615,0.5,0.5944344142523955,0.5,0.4424719701014415,0.5,0.6394476915727654,0.5,0.4515416444207154,0.5,0.8067324444319555,0.5,0.5617648298535982,0,0,1,1
W02000404,0.5,0.7807990779869382,0.5,0.7579792547061083,0.25,0.5135672514619882,0.25,0.35618730524608355,0.75,0.8146830580099884,0.25,0.6689879199214581,0.75,1,0,0.14218423186921073,1,1
W02000405,1,1,1,1,1,1,1,1,1,1,0.4,0.8055212355212354,0.4,0.7343802072749441,0,0.47550497866287333,0,0.3318217841902052
W02000406,0,0.13613817790891833,0,0.14610123744824902,0,0.0586524165694549,0,0.01990953589972323,0,0.01990953589972323,0,0.19425249891351584,0.6,0.9288584482719182,0,0.07802385690432076,1,1
W02000407,0.75,0.806282722513089,0.75,0.806282722513089,0.5,0.8827083524693059,0.5,0.7943280977312391,0.5,0.7716772297235235,0.25,0.4650917761244297,0,0.04593092679342333,0,0.1666410244634273,0.5,0.5717920455589235
W02000408,0.75,0.9231477678318508,0.5,0.7774743640586935,0.25,0.5596159566030253,0,0.4643819755254659,0.75,0.8686855560591468,0.25,0.6663857571808962,0.75,0.9605440201688289,0,0.12609696334485296,1,1
W02000409,0.5,0.544686382840429,0.5,0.544686382840429,0.5,0.544686382840429,0.5,0.544686382840429,0.25,0.5301998700032499,0.25,0.3517870276927287,0.25,0.2549561260968476,0,0.09683090159588113,0,0.27144433231274484
W02000410,0,0.681573663073346,0.2,0.6466104182813124,0,0.009593931280678257,0,0.1940534066088917,0,0.6406045233565841,0,0.0948918480941309,1,1,0,0,1,1
W02000411,0.5,0.7095479032346085,0.75,0.7894499060568024,0.5,0.6692521185945162,0.5,0.9078939572305077,0.5,0.6823531016847406,0,0.15700987767894034,0,0,0,0,0,0
W02000412,0.25,0.5112760186511444,0.25,0.49852192728491757,0.25,0.33271873952396913,0,0.33206084478712705,0.25,0.5112760186511444,0.25,0.26965570048456405,0.5,0.7416515557858165,0,0,1,1
W02000414,0,0,0,0,0,0,0,0,0,0,0,0,0,0,1,1,0,0.008876181004475374
W02000415,0.6666666666666666,0.8564796297199594,0.6666666666666666,0.8266155038507607,0.6666666666666666,0.8285395292370562,0.5,0.7716412207534591,0.6666666666666666,0.8375193080012356,0.16666666666666666,0.48292034534900735,0.16666666666666666,0.1339717845741942,0.16666666666666666,0.6536312591797689,0,0
W02000416,0.16666666666666666,0.11479465611083622,0.16666666666666666,0.11479465611083622,0.16666666666666666,0.11479465611083622,0,0.092741998489544,0.16666666666666666,0.19432016458761944,0,0.02749029922654235,0,0.027830151826870472,0.16666666666666666,0.3820359905205864,0,0
W02000417,0,0.1575854797636662,0,0.21338864228845203,0,0.37579138609576146,0,0.11164960594256725,0,0.309873831164256,0,0,0,0.14185715292246678,0,0.2705760384897988,0,0.07737440992038327
W02000418,0,0,0,0,0,0,0,0,0,0,0,0,0.14285714285714285,0.35025740269924993,0.42857142857142855,0.7854309228972455,0,0.05627864421929613
W02000419,0,0.16039985326485692,0.14285714285714285,0.20327885469359383,0,0.23722752635440392,0,0.12198830945669382,0.14285714285714285,0.23179301656562537,0,0,0,0,0,0.06120520716685329,0,0
W02000420,0,0,0,0,0,0,0,0,0,0,0.1111111111111111,0.25419815281276237,0,0,0.1111111111111111,0.35171277269580326,0,0
W02000421,0,0,0,0,0,0,0,0,0,0,0,0.010355830681849258,0.42857142857142855,0.47696171834401524,0.7142857142857143,0.8914429239563485,0,0.07158323228823835
W02000422,0,0,0,0,0,0,0,0.13576573755089255,0,0,0.2,0.36557051884330305,0,0,0,0,0.4,0.7670007307652155
W02000423,0.16666666666666666,0.42928633001027594,0.16666666666666666,0.4374204341240813,0,0.20656348468098157,0,0.09423424388675954,0.16666666666666666,0.3566350757062917,0.3333333333333333,0.6730817744834,0.3333333333333333,0.40048116961228836,0,0.15952915507979717,0.5,0.7035856389377255
